stream_group,stream_source,stream_family,sampling,time_window,time_window_code,time_window_name,drift_score,n_articles,left_articles,right_articles,feature_type
left_none_daily,left_none,left,none,2024-02-08,D,daily,0.8209097730157026,7,7,0,tfidf
left_none_daily,left_none,left,none,2024-02-13,D,daily,0.7836294365715035,5,5,0,tfidf
left_none_daily,left_none,left,none,2024-02-16,D,daily,0.9072992510832959,6,6,0,tfidf
left_none_daily,left_none,left,none,2024-02-28,D,daily,0.9098592875321381,5,5,0,tfidf
left_none_daily,left_none,left,none,2024-03-11,D,daily,0.7281695435729423,5,5,0,tfidf
left_none_daily,left_none,left,none,2024-03-13,D,daily,0.8375377080983416,6,6,0,tfidf
left_none_daily,left_none,left,none,2024-04-01,D,daily,0.8478066428107633,5,5,0,tfidf
left_none_daily,left_none,left,none,2024-04-04,D,daily,0.81862593672995,5,5,0,tfidf
left_none_daily,left_none,left,none,2024-04-10,D,daily,0.8424757641298719,6,6,0,tfidf
left_none_daily,left_none,left,none,2024-04-11,D,daily,0.8551898981301123,6,6,0,tfidf
left_none_daily,left_none,left,none,2024-04-15,D,daily,0.9003309100018102,6,6,0,tfidf
left_none_daily,left_none,left,none,2024-04-24,D,daily,0.8718492355669973,6,6,0,tfidf
left_none_daily,left_none,left,none,2024-04-30,D,daily,0.8862650095274921,6,6,0,tfidf
left_none_daily,left_none,left,none,2024-05-03,D,daily,0.7452093820169812,6,6,0,tfidf
left_none_daily,left_none,left,none,2024-05-10,D,daily,0.8909135006351823,5,5,0,tfidf
left_none_daily,left_none,left,none,2024-05-16,D,daily,0.9082102554044037,5,5,0,tfidf
left_none_daily,left_none,left,none,2024-06-04,D,daily,0.8438020376925905,6,6,0,tfidf
left_none_daily,left_none,left,none,2024-06-13,D,daily,0.7871175519452915,6,6,0,tfidf
left_none_daily,left_none,left,none,2024-06-28,D,daily,0.8002932077470387,7,7,0,tfidf
left_none_daily,left_none,left,none,2024-07-02,D,daily,0.8972947789193212,7,7,0,tfidf
left_none_daily,left_none,left,none,2024-07-08,D,daily,0.8903423325423698,5,5,0,tfidf
left_none_daily,left_none,left,none,2024-07-16,D,daily,0.912206577920844,6,6,0,tfidf
left_none_daily,left_none,left,none,2024-07-17,D,daily,0.8100178927905237,5,5,0,tfidf
left_none_daily,left_none,left,none,2024-07-18,D,daily,0.6180612903619278,8,8,0,tfidf
left_none_daily,left_none,left,none,2024-07-23,D,daily,0.6814602893882769,5,5,0,tfidf
left_none_daily,left_none,left,none,2024-08-01,D,daily,0.7679809937268215,6,6,0,tfidf
left_none_daily,left_none,left,none,2024-08-02,D,daily,0.7713871256579592,7,7,0,tfidf
left_none_daily,left_none,left,none,2024-08-07,D,daily,0.8566590068267051,5,5,0,tfidf
left_none_daily,left_none,left,none,2024-08-14,D,daily,0.8823754078155635,5,5,0,tfidf
left_none_daily,left_none,left,none,2024-08-21,D,daily,0.7494882872904137,9,9,0,tfidf
left_none_daily,left_none,left,none,2024-08-22,D,daily,0.7329777629826869,7,7,0,tfidf
left_none_daily,left_none,left,none,2024-08-27,D,daily,0.7932160548477626,9,9,0,tfidf
left_none_daily,left_none,left,none,2024-09-04,D,daily,0.8209858498358646,6,6,0,tfidf
left_none_daily,left_none,left,none,2024-09-06,D,daily,0.7132501748564553,5,5,0,tfidf
left_none_daily,left_none,left,none,2024-09-10,D,daily,0.8074619535290591,5,5,0,tfidf
left_none_daily,left_none,left,none,2024-09-13,D,daily,0.7978785650045168,5,5,0,tfidf
left_none_daily,left_none,left,none,2024-09-20,D,daily,0.8027855002286222,5,5,0,tfidf
left_none_daily,left_none,left,none,2024-09-23,D,daily,0.5493765992069853,5,5,0,tfidf
left_none_daily,left_none,left,none,2024-09-25,D,daily,0.7498324752752594,11,11,0,tfidf
left_none_daily,left_none,left,none,2024-09-27,D,daily,0.7420172483356424,7,7,0,tfidf
left_none_daily,left_none,left,none,2024-10-07,D,daily,0.7605563033636077,5,5,0,tfidf
left_none_daily,left_none,left,none,2024-10-10,D,daily,0.8626067899532301,5,5,0,tfidf
left_none_daily,left_none,left,none,2024-10-21,D,daily,0.7991788915331098,10,10,0,tfidf
left_none_daily,left_none,left,none,2024-10-24,D,daily,0.7031771566725222,5,5,0,tfidf
left_none_daily,left_none,left,none,2024-10-25,D,daily,0.6786312962098018,5,5,0,tfidf
left_none_daily,left_none,left,none,2024-11-01,D,daily,0.595547247746193,8,8,0,tfidf
left_none_daily,left_none,left,none,2024-11-05,D,daily,0.5109295017721392,5,5,0,tfidf
left_none_daily,left_none,left,none,2024-11-11,D,daily,0.7526871537538222,6,6,0,tfidf
left_none_daily,left_none,left,none,2024-11-13,D,daily,0.771905275781525,5,5,0,tfidf
left_none_daily,left_none,left,none,2024-11-15,D,daily,0.7149706648104388,7,7,0,tfidf
left_none_daily,left_none,left,none,2024-11-25,D,daily,0.7224287766111888,7,7,0,tfidf
left_none_daily,left_none,left,none,2024-12-03,D,daily,0.8689666282020697,5,5,0,tfidf
left_none_daily,left_none,left,none,2024-12-09,D,daily,0.8798505731046911,5,5,0,tfidf
left_none_daily,left_none,left,none,2024-12-17,D,daily,0.8798198664871066,6,6,0,tfidf
left_none_daily,left_none,left,none,2024-12-18,D,daily,0.8629893280930103,8,8,0,tfidf
left_none_daily,left_none,left,none,2025-01-06,D,daily,0.7410397647470457,5,5,0,tfidf
left_none_daily,left_none,left,none,2025-01-09,D,daily,0.8363944550185949,6,6,0,tfidf
left_none_daily,left_none,left,none,2025-01-13,D,daily,0.8278201413757361,5,5,0,tfidf
left_none_daily,left_none,left,none,2025-01-16,D,daily,0.8571448779660459,5,5,0,tfidf
left_none_daily,left_none,left,none,2025-01-20,D,daily,0.8634942942594159,7,7,0,tfidf
left_none_daily,left_none,left,none,2025-01-23,D,daily,0.8767730565531668,7,7,0,tfidf
left_none_daily,left_none,left,none,2025-01-24,D,daily,0.8542433774980454,5,5,0,tfidf
left_none_daily,left_none,left,none,2025-01-30,D,daily,0.8616180120361063,5,5,0,tfidf
left_none_daily,left_none,left,none,2025-02-03,D,daily,0.8800697227599055,6,6,0,tfidf
left_none_daily,left_none,left,none,2025-02-04,D,daily,0.8935733984980404,5,5,0,tfidf
left_none_daily,left_none,left,none,2025-02-06,D,daily,0.8578841474050437,7,7,0,tfidf
left_none_daily,left_none,left,none,2025-02-07,D,daily,0.7908826952909676,5,5,0,tfidf
left_none_daily,left_none,left,none,2025-02-13,D,daily,0.7032587539360284,5,5,0,tfidf
left_none_daily,left_none,left,none,2025-02-19,D,daily,0.7822530615359243,5,5,0,tfidf
mixed_global_undersampled_daily,mixed_global_undersampled,mixed,global_undersampled,2024-02-08,D,daily,0.8038785022238875,9,7,2,tfidf
mixed_global_undersampled_daily,mixed_global_undersampled,mixed,global_undersampled,2024-02-11,D,daily,0.8664936152266016,6,1,5,tfidf
mixed_global_undersampled_daily,mixed_global_undersampled,mixed,global_undersampled,2024-02-12,D,daily,0.8257184480831685,8,2,6,tfidf
mixed_global_undersampled_daily,mixed_global_undersampled,mixed,global_undersampled,2024-02-13,D,daily,0.8387338666981327,5,5,0,tfidf
mixed_global_undersampled_daily,mixed_global_undersampled,mixed,global_undersampled,2024-02-15,D,daily,0.8571528621087909,6,4,2,tfidf
mixed_global_undersampled_daily,mixed_global_undersampled,mixed,global_undersampled,2024-02-16,D,daily,0.8518343547343561,9,6,3,tfidf
mixed_global_undersampled_daily,mixed_global_undersampled,mixed,global_undersampled,2024-02-17,D,daily,0.5827020936048029,6,3,3,tfidf
mixed_global_undersampled_daily,mixed_global_undersampled,mixed,global_undersampled,2024-02-18,D,daily,0.8480308209824061,5,0,5,tfidf
mixed_global_undersampled_daily,mixed_global_undersampled,mixed,global_undersampled,2024-02-20,D,daily,0.8907075110090097,6,3,3,tfidf
mixed_global_undersampled_daily,mixed_global_undersampled,mixed,global_undersampled,2024-02-22,D,daily,0.9139946400285539,5,2,3,tfidf
mixed_global_undersampled_daily,mixed_global_undersampled,mixed,global_undersampled,2024-02-23,D,daily,0.913204784816956,7,3,4,tfidf
mixed_global_undersampled_daily,mixed_global_undersampled,mixed,global_undersampled,2024-02-25,D,daily,0.8557964155767853,8,3,5,tfidf
mixed_global_undersampled_daily,mixed_global_undersampled,mixed,global_undersampled,2024-02-27,D,daily,0.9048530668191851,5,4,1,tfidf
mixed_global_undersampled_daily,mixed_global_undersampled,mixed,global_undersampled,2024-02-28,D,daily,0.8188631679418727,12,5,7,tfidf
mixed_global_undersampled_daily,mixed_global_undersampled,mixed,global_undersampled,2024-02-29,D,daily,0.7718392754746783,7,3,4,tfidf
mixed_global_undersampled_daily,mixed_global_undersampled,mixed,global_undersampled,2024-03-01,D,daily,0.859495031481348,11,3,8,tfidf
mixed_global_undersampled_daily,mixed_global_undersampled,mixed,global_undersampled,2024-03-03,D,daily,0.8876254418153541,7,3,4,tfidf
mixed_global_undersampled_daily,mixed_global_undersampled,mixed,global_undersampled,2024-03-04,D,daily,0.884712025676386,10,4,6,tfidf
mixed_global_undersampled_daily,mixed_global_undersampled,mixed,global_undersampled,2024-03-06,D,daily,0.766313768122771,7,4,3,tfidf
mixed_global_undersampled_daily,mixed_global_undersampled,mixed,global_undersampled,2024-03-07,D,daily,0.8350299593081326,5,3,2,tfidf
mixed_global_undersampled_daily,mixed_global_undersampled,mixed,global_undersampled,2024-03-10,D,daily,0.8943565230848378,5,1,4,tfidf
mixed_global_undersampled_daily,mixed_global_undersampled,mixed,global_undersampled,2024-03-11,D,daily,0.8845494816871744,7,5,2,tfidf
mixed_global_undersampled_daily,mixed_global_undersampled,mixed,global_undersampled,2024-03-13,D,daily,0.8149143675610726,10,6,4,tfidf
mixed_global_undersampled_daily,mixed_global_undersampled,mixed,global_undersampled,2024-03-17,D,daily,0.8360420984616888,8,3,5,tfidf
mixed_global_undersampled_daily,mixed_global_undersampled,mixed,global_undersampled,2024-03-20,D,daily,0.8859119827353984,7,3,4,tfidf
mixed_global_undersampled_daily,mixed_global_undersampled,mixed,global_undersampled,2024-03-26,D,daily,0.8776010834290097,5,1,4,tfidf
mixed_global_undersampled_daily,mixed_global_undersampled,mixed,global_undersampled,2024-03-27,D,daily,0.903858662191295,5,2,3,tfidf
mixed_global_undersampled_daily,mixed_global_undersampled,mixed,global_undersampled,2024-03-29,D,daily,0.7554674169468968,11,4,7,tfidf
mixed_global_undersampled_daily,mixed_global_undersampled,mixed,global_undersampled,2024-03-30,D,daily,0.8519553951948285,5,0,5,tfidf
mixed_global_undersampled_daily,mixed_global_undersampled,mixed,global_undersampled,2024-04-01,D,daily,0.8372841266359559,12,5,7,tfidf
mixed_global_undersampled_daily,mixed_global_undersampled,mixed,global_undersampled,2024-04-02,D,daily,0.7508897262279063,5,3,2,tfidf
mixed_global_undersampled_daily,mixed_global_undersampled,mixed,global_undersampled,2024-04-04,D,daily,0.694410538444201,9,5,4,tfidf
mixed_global_undersampled_daily,mixed_global_undersampled,mixed,global_undersampled,2024-04-05,D,daily,0.7915145341660311,8,4,4,tfidf
mixed_global_undersampled_daily,mixed_global_undersampled,mixed,global_undersampled,2024-04-08,D,daily,0.8523576551613101,6,4,2,tfidf
mixed_global_undersampled_daily,mixed_global_undersampled,mixed,global_undersampled,2024-04-10,D,daily,0.8450699604407986,9,6,3,tfidf
mixed_global_undersampled_daily,mixed_global_undersampled,mixed,global_undersampled,2024-04-11,D,daily,0.8503557651425735,6,6,0,tfidf
mixed_global_undersampled_daily,mixed_global_undersampled,mixed,global_undersampled,2024-04-15,D,daily,0.9003309100018102,6,6,0,tfidf
mixed_global_undersampled_daily,mixed_global_undersampled,mixed,global_undersampled,2024-04-16,D,daily,0.8924369191399294,6,3,3,tfidf
mixed_global_undersampled_daily,mixed_global_undersampled,mixed,global_undersampled,2024-04-17,D,daily,0.9162910586676168,5,3,2,tfidf
mixed_global_undersampled_daily,mixed_global_undersampled,mixed,global_undersampled,2024-04-24,D,daily,0.8821471837172699,11,6,5,tfidf
mixed_global_undersampled_daily,mixed_global_undersampled,mixed,global_undersampled,2024-04-25,D,daily,0.8268529684356077,9,3,6,tfidf
mixed_global_undersampled_daily,mixed_global_undersampled,mixed,global_undersampled,2024-04-26,D,daily,0.8241081886265128,6,2,4,tfidf
mixed_global_undersampled_daily,mixed_global_undersampled,mixed,global_undersampled,2024-04-29,D,daily,0.7629398107083567,10,1,9,tfidf
mixed_global_undersampled_daily,mixed_global_undersampled,mixed,global_undersampled,2024-04-30,D,daily,0.7151621534066818,15,6,9,tfidf
mixed_global_undersampled_daily,mixed_global_undersampled,mixed,global_undersampled,2024-05-01,D,daily,0.604796492414214,8,3,5,tfidf
mixed_global_undersampled_daily,mixed_global_undersampled,mixed,global_undersampled,2024-05-02,D,daily,0.8879090239317469,6,3,3,tfidf
mixed_global_undersampled_daily,mixed_global_undersampled,mixed,global_undersampled,2024-05-03,D,daily,0.8661994126128345,7,6,1,tfidf
mixed_global_undersampled_daily,mixed_global_undersampled,mixed,global_undersampled,2024-05-05,D,daily,0.826132026334482,6,1,5,tfidf
mixed_global_undersampled_daily,mixed_global_undersampled,mixed,global_undersampled,2024-05-07,D,daily,0.7746144542834856,8,4,4,tfidf
mixed_global_undersampled_daily,mixed_global_undersampled,mixed,global_undersampled,2024-05-08,D,daily,0.8700903523420978,5,4,1,tfidf
mixed_global_undersampled_daily,mixed_global_undersampled,mixed,global_undersampled,2024-05-09,D,daily,0.9566419505442435,5,1,4,tfidf
mixed_global_undersampled_daily,mixed_global_undersampled,mixed,global_undersampled,2024-05-10,D,daily,0.9710648784247529,5,5,0,tfidf
mixed_global_undersampled_daily,mixed_global_undersampled,mixed,global_undersampled,2024-05-15,D,daily,0.9386616406818988,5,2,3,tfidf
mixed_global_undersampled_daily,mixed_global_undersampled,mixed,global_undersampled,2024-05-16,D,daily,0.8016637891682928,9,5,4,tfidf
mixed_global_undersampled_daily,mixed_global_undersampled,mixed,global_undersampled,2024-05-20,D,daily,0.7506340071514296,8,4,4,tfidf
mixed_global_undersampled_daily,mixed_global_undersampled,mixed,global_undersampled,2024-05-22,D,daily,0.7344099487534561,7,1,6,tfidf
mixed_global_undersampled_daily,mixed_global_undersampled,mixed,global_undersampled,2024-05-26,D,daily,0.897604518170593,6,1,5,tfidf
mixed_global_undersampled_daily,mixed_global_undersampled,mixed,global_undersampled,2024-05-28,D,daily,0.9478937021898655,9,3,6,tfidf
mixed_global_undersampled_daily,mixed_global_undersampled,mixed,global_undersampled,2024-05-31,D,daily,0.9306099046308959,6,3,3,tfidf
mixed_global_undersampled_daily,mixed_global_undersampled,mixed,global_undersampled,2024-06-01,D,daily,0.9038599211563092,11,0,11,tfidf
mixed_global_undersampled_daily,mixed_global_undersampled,mixed,global_undersampled,2024-06-04,D,daily,0.8721552873331927,8,6,2,tfidf
mixed_global_undersampled_daily,mixed_global_undersampled,mixed,global_undersampled,2024-06-07,D,daily,0.8233606087790786,6,4,2,tfidf
mixed_global_undersampled_daily,mixed_global_undersampled,mixed,global_undersampled,2024-06-09,D,daily,0.9045931159455115,6,2,4,tfidf
mixed_global_undersampled_daily,mixed_global_undersampled,mixed,global_undersampled,2024-06-11,D,daily,0.8431037199022552,10,4,6,tfidf
mixed_global_undersampled_daily,mixed_global_undersampled,mixed,global_undersampled,2024-06-13,D,daily,0.8089899587147028,7,6,1,tfidf
mixed_global_undersampled_daily,mixed_global_undersampled,mixed,global_undersampled,2024-06-14,D,daily,0.8196258994651683,6,4,2,tfidf
mixed_global_undersampled_daily,mixed_global_undersampled,mixed,global_undersampled,2024-06-16,D,daily,0.8870216338334935,6,1,5,tfidf
mixed_global_undersampled_daily,mixed_global_undersampled,mixed,global_undersampled,2024-06-20,D,daily,0.9053615479732153,6,2,4,tfidf
mixed_global_undersampled_daily,mixed_global_undersampled,mixed,global_undersampled,2024-06-24,D,daily,0.867749006362537,5,2,3,tfidf
mixed_global_undersampled_daily,mixed_global_undersampled,mixed,global_undersampled,2024-06-28,D,daily,0.8826442315381758,10,7,3,tfidf
mixed_global_undersampled_daily,mixed_global_undersampled,mixed,global_undersampled,2024-07-01,D,daily,0.7652828048102962,6,1,5,tfidf
mixed_global_undersampled_daily,mixed_global_undersampled,mixed,global_undersampled,2024-07-02,D,daily,0.8443486170617865,19,7,12,tfidf
mixed_global_undersampled_daily,mixed_global_undersampled,mixed,global_undersampled,2024-07-08,D,daily,0.8160618532432194,6,5,1,tfidf
mixed_global_undersampled_daily,mixed_global_undersampled,mixed,global_undersampled,2024-07-11,D,daily,0.7403877448163373,9,4,5,tfidf
mixed_global_undersampled_daily,mixed_global_undersampled,mixed,global_undersampled,2024-07-14,D,daily,0.8646854656006238,6,2,4,tfidf
mixed_global_undersampled_daily,mixed_global_undersampled,mixed,global_undersampled,2024-07-16,D,daily,0.926254661535008,6,6,0,tfidf
mixed_global_undersampled_daily,mixed_global_undersampled,mixed,global_undersampled,2024-07-17,D,daily,0.8105138831234902,6,5,1,tfidf
mixed_global_undersampled_daily,mixed_global_undersampled,mixed,global_undersampled,2024-07-18,D,daily,0.617544365165177,11,8,3,tfidf
mixed_global_undersampled_daily,mixed_global_undersampled,mixed,global_undersampled,2024-07-19,D,daily,0.7693831379398538,5,1,4,tfidf
mixed_global_undersampled_daily,mixed_global_undersampled,mixed,global_undersampled,2024-07-23,D,daily,0.8656841112750399,7,5,2,tfidf
mixed_global_undersampled_daily,mixed_global_undersampled,mixed,global_undersampled,2024-07-25,D,daily,0.9646199834352595,7,4,3,tfidf
mixed_global_undersampled_daily,mixed_global_undersampled,mixed,global_undersampled,2024-07-30,D,daily,0.9582412648484434,5,1,4,tfidf
mixed_global_undersampled_daily,mixed_global_undersampled,mixed,global_undersampled,2024-07-31,D,daily,0.7917089706394778,5,0,5,tfidf
mixed_global_undersampled_daily,mixed_global_undersampled,mixed,global_undersampled,2024-08-01,D,daily,0.840131043359561,15,6,9,tfidf
mixed_global_undersampled_daily,mixed_global_undersampled,mixed,global_undersampled,2024-08-02,D,daily,0.7246024778103476,10,7,3,tfidf
mixed_global_undersampled_daily,mixed_global_undersampled,mixed,global_undersampled,2024-08-03,D,daily,0.7537067714920627,6,1,5,tfidf
mixed_global_undersampled_daily,mixed_global_undersampled,mixed,global_undersampled,2024-08-06,D,daily,0.8517118396492974,7,3,4,tfidf
mixed_global_undersampled_daily,mixed_global_undersampled,mixed,global_undersampled,2024-08-07,D,daily,0.85634814702898,7,5,2,tfidf
mixed_global_undersampled_daily,mixed_global_undersampled,mixed,global_undersampled,2024-08-13,D,daily,0.9145871446072167,5,3,2,tfidf
mixed_global_undersampled_daily,mixed_global_undersampled,mixed,global_undersampled,2024-08-14,D,daily,0.8925869801698627,8,5,3,tfidf
mixed_global_undersampled_daily,mixed_global_undersampled,mixed,global_undersampled,2024-08-15,D,daily,0.8231082296864972,8,3,5,tfidf
mixed_global_undersampled_daily,mixed_global_undersampled,mixed,global_undersampled,2024-08-16,D,daily,0.7476228562509543,5,4,1,tfidf
mixed_global_undersampled_daily,mixed_global_undersampled,mixed,global_undersampled,2024-08-17,D,daily,0.815828628258293,5,3,2,tfidf
mixed_global_undersampled_daily,mixed_global_undersampled,mixed,global_undersampled,2024-08-18,D,daily,0.8547916140268026,5,0,5,tfidf
mixed_global_undersampled_daily,mixed_global_undersampled,mixed,global_undersampled,2024-08-20,D,daily,0.8262063642633142,5,2,3,tfidf
mixed_global_undersampled_daily,mixed_global_undersampled,mixed,global_undersampled,2024-08-21,D,daily,0.742411582881784,12,9,3,tfidf
mixed_global_undersampled_daily,mixed_global_undersampled,mixed,global_undersampled,2024-08-22,D,daily,0.7034297249843099,9,7,2,tfidf
mixed_global_undersampled_daily,mixed_global_undersampled,mixed,global_undersampled,2024-08-24,D,daily,0.7928239861789951,7,4,3,tfidf
mixed_global_undersampled_daily,mixed_global_undersampled,mixed,global_undersampled,2024-08-27,D,daily,0.8472096804689551,11,9,2,tfidf
mixed_global_undersampled_daily,mixed_global_undersampled,mixed,global_undersampled,2024-08-28,D,daily,0.8049812612276965,6,4,2,tfidf
mixed_global_undersampled_daily,mixed_global_undersampled,mixed,global_undersampled,2024-08-30,D,daily,0.9243761737571926,8,0,8,tfidf
mixed_global_undersampled_daily,mixed_global_undersampled,mixed,global_undersampled,2024-09-02,D,daily,0.9061832929914875,7,4,3,tfidf
mixed_global_undersampled_daily,mixed_global_undersampled,mixed,global_undersampled,2024-09-04,D,daily,0.8281696717017499,10,6,4,tfidf
mixed_global_undersampled_daily,mixed_global_undersampled,mixed,global_undersampled,2024-09-05,D,daily,0.7091925327444035,5,3,2,tfidf
mixed_global_undersampled_daily,mixed_global_undersampled,mixed,global_undersampled,2024-09-06,D,daily,0.7844191859716503,6,5,1,tfidf
mixed_global_undersampled_daily,mixed_global_undersampled,mixed,global_undersampled,2024-09-09,D,daily,0.8692013577881149,6,2,4,tfidf
mixed_global_undersampled_daily,mixed_global_undersampled,mixed,global_undersampled,2024-09-10,D,daily,0.875497481917952,8,5,3,tfidf
mixed_global_undersampled_daily,mixed_global_undersampled,mixed,global_undersampled,2024-09-12,D,daily,0.8316293222977821,6,4,2,tfidf
mixed_global_undersampled_daily,mixed_global_undersampled,mixed,global_undersampled,2024-09-13,D,daily,0.8222476597305356,7,5,2,tfidf
mixed_global_undersampled_daily,mixed_global_undersampled,mixed,global_undersampled,2024-09-16,D,daily,0.8035324512519999,6,3,3,tfidf
mixed_global_undersampled_daily,mixed_global_undersampled,mixed,global_undersampled,2024-09-17,D,daily,0.7422499241020601,8,2,6,tfidf
mixed_global_undersampled_daily,mixed_global_undersampled,mixed,global_undersampled,2024-09-20,D,daily,0.7856221460438708,7,5,2,tfidf
mixed_global_undersampled_daily,mixed_global_undersampled,mixed,global_undersampled,2024-09-23,D,daily,0.5433337536578808,7,5,2,tfidf
mixed_global_undersampled_daily,mixed_global_undersampled,mixed,global_undersampled,2024-09-24,D,daily,0.6895900313269059,5,2,3,tfidf
mixed_global_undersampled_daily,mixed_global_undersampled,mixed,global_undersampled,2024-09-25,D,daily,0.8278011079739624,14,11,3,tfidf
mixed_global_undersampled_daily,mixed_global_undersampled,mixed,global_undersampled,2024-09-27,D,daily,0.7080608216932964,10,7,3,tfidf
mixed_global_undersampled_daily,mixed_global_undersampled,mixed,global_undersampled,2024-09-30,D,daily,0.7901551431006123,6,2,4,tfidf
mixed_global_undersampled_daily,mixed_global_undersampled,mixed,global_undersampled,2024-10-01,D,daily,0.8631434549510227,6,1,5,tfidf
mixed_global_undersampled_daily,mixed_global_undersampled,mixed,global_undersampled,2024-10-03,D,daily,0.8511187327380688,7,2,5,tfidf
mixed_global_undersampled_daily,mixed_global_undersampled,mixed,global_undersampled,2024-10-04,D,daily,0.8226857955804776,6,3,3,tfidf
mixed_global_undersampled_daily,mixed_global_undersampled,mixed,global_undersampled,2024-10-07,D,daily,0.8533927051693015,7,5,2,tfidf
mixed_global_undersampled_daily,mixed_global_undersampled,mixed,global_undersampled,2024-10-10,D,daily,0.8415039126453545,7,5,2,tfidf
mixed_global_undersampled_daily,mixed_global_undersampled,mixed,global_undersampled,2024-10-11,D,daily,0.7878163843138887,8,4,4,tfidf
mixed_global_undersampled_daily,mixed_global_undersampled,mixed,global_undersampled,2024-10-13,D,daily,0.8819920829749344,5,1,4,tfidf
mixed_global_undersampled_daily,mixed_global_undersampled,mixed,global_undersampled,2024-10-14,D,daily,0.9117255807035362,5,2,3,tfidf
mixed_global_undersampled_daily,mixed_global_undersampled,mixed,global_undersampled,2024-10-18,D,daily,0.8832424920405259,5,3,2,tfidf
mixed_global_undersampled_daily,mixed_global_undersampled,mixed,global_undersampled,2024-10-20,D,daily,0.9079957667699609,5,2,3,tfidf
mixed_global_undersampled_daily,mixed_global_undersampled,mixed,global_undersampled,2024-10-21,D,daily,0.8854104459096639,11,10,1,tfidf
mixed_global_undersampled_daily,mixed_global_undersampled,mixed,global_undersampled,2024-10-24,D,daily,0.6705426869170121,10,5,5,tfidf
mixed_global_undersampled_daily,mixed_global_undersampled,mixed,global_undersampled,2024-10-25,D,daily,0.6143075340177294,10,5,5,tfidf
mixed_global_undersampled_daily,mixed_global_undersampled,mixed,global_undersampled,2024-10-27,D,daily,0.8031924919408446,11,3,8,tfidf
mixed_global_undersampled_daily,mixed_global_undersampled,mixed,global_undersampled,2024-10-31,D,daily,0.8627695563535219,5,2,3,tfidf
mixed_global_undersampled_daily,mixed_global_undersampled,mixed,global_undersampled,2024-11-01,D,daily,0.7517014405532834,17,8,9,tfidf
mixed_global_undersampled_daily,mixed_global_undersampled,mixed,global_undersampled,2024-11-03,D,daily,0.7178417946949593,5,3,2,tfidf
mixed_global_undersampled_daily,mixed_global_undersampled,mixed,global_undersampled,2024-11-05,D,daily,0.7924985707324113,9,5,4,tfidf
mixed_global_undersampled_daily,mixed_global_undersampled,mixed,global_undersampled,2024-11-11,D,daily,0.7545593946588922,6,6,0,tfidf
mixed_global_undersampled_daily,mixed_global_undersampled,mixed,global_undersampled,2024-11-13,D,daily,0.771905275781525,5,5,0,tfidf
mixed_global_undersampled_daily,mixed_global_undersampled,mixed,global_undersampled,2024-11-15,D,daily,0.7151813275386752,11,7,4,tfidf
mixed_global_undersampled_daily,mixed_global_undersampled,mixed,global_undersampled,2024-11-20,D,daily,0.8867323515365639,8,3,5,tfidf
mixed_global_undersampled_daily,mixed_global_undersampled,mixed,global_undersampled,2024-11-21,D,daily,0.8853675491190888,7,3,4,tfidf
mixed_global_undersampled_daily,mixed_global_undersampled,mixed,global_undersampled,2024-11-23,D,daily,0.8974136486954494,6,4,2,tfidf
mixed_global_undersampled_daily,mixed_global_undersampled,mixed,global_undersampled,2024-11-24,D,daily,0.9001957104919043,7,2,5,tfidf
mixed_global_undersampled_daily,mixed_global_undersampled,mixed,global_undersampled,2024-11-25,D,daily,0.8270795757747169,10,7,3,tfidf
mixed_global_undersampled_daily,mixed_global_undersampled,mixed,global_undersampled,2024-11-26,D,daily,0.8727023403168604,7,3,4,tfidf
mixed_global_undersampled_daily,mixed_global_undersampled,mixed,global_undersampled,2024-11-27,D,daily,0.8992251727592088,5,4,1,tfidf
mixed_global_undersampled_daily,mixed_global_undersampled,mixed,global_undersampled,2024-12-01,D,daily,0.9062117501934084,8,2,6,tfidf
mixed_global_undersampled_daily,mixed_global_undersampled,mixed,global_undersampled,2024-12-03,D,daily,0.8721446295084161,11,5,6,tfidf
mixed_global_undersampled_daily,mixed_global_undersampled,mixed,global_undersampled,2024-12-04,D,daily,0.8760080100598308,9,4,5,tfidf
mixed_global_undersampled_daily,mixed_global_undersampled,mixed,global_undersampled,2024-12-09,D,daily,0.9044596448884631,5,5,0,tfidf
mixed_global_undersampled_daily,mixed_global_undersampled,mixed,global_undersampled,2024-12-13,D,daily,0.9007319317397736,6,3,3,tfidf
mixed_global_undersampled_daily,mixed_global_undersampled,mixed,global_undersampled,2024-12-16,D,daily,0.8838882202304217,5,3,2,tfidf
mixed_global_undersampled_daily,mixed_global_undersampled,mixed,global_undersampled,2024-12-17,D,daily,0.8247375374754593,8,6,2,tfidf
mixed_global_undersampled_daily,mixed_global_undersampled,mixed,global_undersampled,2024-12-18,D,daily,0.8313706323777024,12,8,4,tfidf
mixed_global_undersampled_daily,mixed_global_undersampled,mixed,global_undersampled,2024-12-27,D,daily,0.8905382394264627,7,4,3,tfidf
mixed_global_undersampled_daily,mixed_global_undersampled,mixed,global_undersampled,2024-12-31,D,daily,0.917804133709061,11,0,11,tfidf
mixed_global_undersampled_daily,mixed_global_undersampled,mixed,global_undersampled,2025-01-03,D,daily,0.8837630556639451,5,1,4,tfidf
mixed_global_undersampled_daily,mixed_global_undersampled,mixed,global_undersampled,2025-01-05,D,daily,0.8933315732952289,5,1,4,tfidf
mixed_global_undersampled_daily,mixed_global_undersampled,mixed,global_undersampled,2025-01-06,D,daily,0.8183248085531676,9,5,4,tfidf
mixed_global_undersampled_daily,mixed_global_undersampled,mixed,global_undersampled,2025-01-09,D,daily,0.8025347842587394,9,6,3,tfidf
mixed_global_undersampled_daily,mixed_global_undersampled,mixed,global_undersampled,2025-01-13,D,daily,0.8119429997197989,5,5,0,tfidf
mixed_global_undersampled_daily,mixed_global_undersampled,mixed,global_undersampled,2025-01-16,D,daily,0.8448208720606158,7,5,2,tfidf
mixed_global_undersampled_daily,mixed_global_undersampled,mixed,global_undersampled,2025-01-17,D,daily,0.8595733833507972,5,2,3,tfidf
mixed_global_undersampled_daily,mixed_global_undersampled,mixed,global_undersampled,2025-01-20,D,daily,0.8791423911314875,12,7,5,tfidf
mixed_global_undersampled_daily,mixed_global_undersampled,mixed,global_undersampled,2025-01-21,D,daily,0.8137057679571761,5,2,3,tfidf
mixed_global_undersampled_daily,mixed_global_undersampled,mixed,global_undersampled,2025-01-23,D,daily,0.8638596154384441,10,7,3,tfidf
mixed_global_undersampled_daily,mixed_global_undersampled,mixed,global_undersampled,2025-01-24,D,daily,0.8365348069382056,8,5,3,tfidf
mixed_global_undersampled_daily,mixed_global_undersampled,mixed,global_undersampled,2025-01-28,D,daily,0.9355936748340274,5,2,3,tfidf
mixed_global_undersampled_daily,mixed_global_undersampled,mixed,global_undersampled,2025-01-29,D,daily,0.9049911245692044,8,3,5,tfidf
mixed_global_undersampled_daily,mixed_global_undersampled,mixed,global_undersampled,2025-01-30,D,daily,0.7977437595658119,9,5,4,tfidf
mixed_global_undersampled_daily,mixed_global_undersampled,mixed,global_undersampled,2025-01-31,D,daily,0.7683264543763879,9,3,6,tfidf
mixed_global_undersampled_daily,mixed_global_undersampled,mixed,global_undersampled,2025-02-03,D,daily,0.8330467805461744,10,6,4,tfidf
mixed_global_undersampled_daily,mixed_global_undersampled,mixed,global_undersampled,2025-02-04,D,daily,0.8633579279822494,10,5,5,tfidf
mixed_global_undersampled_daily,mixed_global_undersampled,mixed,global_undersampled,2025-02-05,D,daily,0.8190842586063565,6,3,3,tfidf
mixed_global_undersampled_daily,mixed_global_undersampled,mixed,global_undersampled,2025-02-06,D,daily,0.8377824067861884,11,7,4,tfidf
mixed_global_undersampled_daily,mixed_global_undersampled,mixed,global_undersampled,2025-02-07,D,daily,0.7087319729681119,8,5,3,tfidf
mixed_global_undersampled_daily,mixed_global_undersampled,mixed,global_undersampled,2025-02-09,D,daily,0.8970999433659348,5,1,4,tfidf
mixed_global_undersampled_daily,mixed_global_undersampled,mixed,global_undersampled,2025-02-13,D,daily,0.9425499260948288,6,5,1,tfidf
mixed_global_undersampled_daily,mixed_global_undersampled,mixed,global_undersampled,2025-02-14,D,daily,0.8333015020792958,7,4,3,tfidf
mixed_global_undersampled_daily,mixed_global_undersampled,mixed,global_undersampled,2025-02-19,D,daily,0.8420172755449664,9,5,4,tfidf
mixed_max3_per_class_day_daily,mixed_max3_per_class_day,mixed,max3_per_class_day,2024-02-07,D,daily,0.795779794879511,5,2,3,tfidf
mixed_max3_per_class_day_daily,mixed_max3_per_class_day,mixed,max3_per_class_day,2024-02-08,D,daily,0.8486571764785248,6,3,3,tfidf
mixed_max3_per_class_day_daily,mixed_max3_per_class_day,mixed,max3_per_class_day,2024-02-12,D,daily,0.8950480993244393,5,2,3,tfidf
mixed_max3_per_class_day_daily,mixed_max3_per_class_day,mixed,max3_per_class_day,2024-02-15,D,daily,0.8962050162932994,6,3,3,tfidf
mixed_max3_per_class_day_daily,mixed_max3_per_class_day,mixed,max3_per_class_day,2024-02-16,D,daily,0.8958539050857608,6,3,3,tfidf
mixed_max3_per_class_day_daily,mixed_max3_per_class_day,mixed,max3_per_class_day,2024-02-17,D,daily,0.7742020366605038,6,3,3,tfidf
mixed_max3_per_class_day_daily,mixed_max3_per_class_day,mixed,max3_per_class_day,2024-02-20,D,daily,0.8908212414507657,6,3,3,tfidf
mixed_max3_per_class_day_daily,mixed_max3_per_class_day,mixed,max3_per_class_day,2024-02-22,D,daily,0.9299312902258925,5,2,3,tfidf
mixed_max3_per_class_day_daily,mixed_max3_per_class_day,mixed,max3_per_class_day,2024-02-23,D,daily,0.9073643581866108,6,3,3,tfidf
mixed_max3_per_class_day_daily,mixed_max3_per_class_day,mixed,max3_per_class_day,2024-02-25,D,daily,0.809941392417766,6,3,3,tfidf
mixed_max3_per_class_day_daily,mixed_max3_per_class_day,mixed,max3_per_class_day,2024-02-26,D,daily,0.86547485876624,5,2,3,tfidf
mixed_max3_per_class_day_daily,mixed_max3_per_class_day,mixed,max3_per_class_day,2024-02-27,D,daily,0.8507382229471456,6,3,3,tfidf
mixed_max3_per_class_day_daily,mixed_max3_per_class_day,mixed,max3_per_class_day,2024-02-28,D,daily,0.8330900112078383,6,3,3,tfidf
mixed_max3_per_class_day_daily,mixed_max3_per_class_day,mixed,max3_per_class_day,2024-02-29,D,daily,0.8205096617173662,6,3,3,tfidf
mixed_max3_per_class_day_daily,mixed_max3_per_class_day,mixed,max3_per_class_day,2024-03-01,D,daily,0.9008334154990266,6,3,3,tfidf
mixed_max3_per_class_day_daily,mixed_max3_per_class_day,mixed,max3_per_class_day,2024-03-03,D,daily,0.9082226703371141,6,3,3,tfidf
mixed_max3_per_class_day_daily,mixed_max3_per_class_day,mixed,max3_per_class_day,2024-03-04,D,daily,0.9096419125219681,6,3,3,tfidf
mixed_max3_per_class_day_daily,mixed_max3_per_class_day,mixed,max3_per_class_day,2024-03-06,D,daily,0.8362748333186276,6,3,3,tfidf
mixed_max3_per_class_day_daily,mixed_max3_per_class_day,mixed,max3_per_class_day,2024-03-07,D,daily,0.8748867699582668,6,3,3,tfidf
mixed_max3_per_class_day_daily,mixed_max3_per_class_day,mixed,max3_per_class_day,2024-03-08,D,daily,0.8275119250854471,6,3,3,tfidf
mixed_max3_per_class_day_daily,mixed_max3_per_class_day,mixed,max3_per_class_day,2024-03-11,D,daily,0.8677376424445997,6,3,3,tfidf
mixed_max3_per_class_day_daily,mixed_max3_per_class_day,mixed,max3_per_class_day,2024-03-12,D,daily,0.9055613359124769,6,3,3,tfidf
mixed_max3_per_class_day_daily,mixed_max3_per_class_day,mixed,max3_per_class_day,2024-03-13,D,daily,0.9033839346404251,6,3,3,tfidf
mixed_max3_per_class_day_daily,mixed_max3_per_class_day,mixed,max3_per_class_day,2024-03-16,D,daily,0.8555805186591845,5,2,3,tfidf
mixed_max3_per_class_day_daily,mixed_max3_per_class_day,mixed,max3_per_class_day,2024-03-17,D,daily,0.9235908357476525,6,3,3,tfidf
mixed_max3_per_class_day_daily,mixed_max3_per_class_day,mixed,max3_per_class_day,2024-03-20,D,daily,0.9065968726401495,6,3,3,tfidf
mixed_max3_per_class_day_daily,mixed_max3_per_class_day,mixed,max3_per_class_day,2024-03-22,D,daily,0.8883373749523986,6,3,3,tfidf
mixed_max3_per_class_day_daily,mixed_max3_per_class_day,mixed,max3_per_class_day,2024-03-27,D,daily,0.8733403930582401,5,2,3,tfidf
mixed_max3_per_class_day_daily,mixed_max3_per_class_day,mixed,max3_per_class_day,2024-03-29,D,daily,0.788436821331148,6,3,3,tfidf
mixed_max3_per_class_day_daily,mixed_max3_per_class_day,mixed,max3_per_class_day,2024-03-31,D,daily,0.9016530519179217,5,2,3,tfidf
mixed_max3_per_class_day_daily,mixed_max3_per_class_day,mixed,max3_per_class_day,2024-04-01,D,daily,0.8555832325458277,6,3,3,tfidf
mixed_max3_per_class_day_daily,mixed_max3_per_class_day,mixed,max3_per_class_day,2024-04-02,D,daily,0.8130653468904658,6,3,3,tfidf
mixed_max3_per_class_day_daily,mixed_max3_per_class_day,mixed,max3_per_class_day,2024-04-04,D,daily,0.8280458598271325,6,3,3,tfidf
mixed_max3_per_class_day_daily,mixed_max3_per_class_day,mixed,max3_per_class_day,2024-04-05,D,daily,0.8402193734257823,6,3,3,tfidf
mixed_max3_per_class_day_daily,mixed_max3_per_class_day,mixed,max3_per_class_day,2024-04-07,D,daily,0.9443358543780958,6,3,3,tfidf
mixed_max3_per_class_day_daily,mixed_max3_per_class_day,mixed,max3_per_class_day,2024-04-08,D,daily,0.9158687961365726,6,3,3,tfidf
mixed_max3_per_class_day_daily,mixed_max3_per_class_day,mixed,max3_per_class_day,2024-04-10,D,daily,0.908797671664291,6,3,3,tfidf
mixed_max3_per_class_day_daily,mixed_max3_per_class_day,mixed,max3_per_class_day,2024-04-12,D,daily,0.9131709838390083,5,2,3,tfidf
mixed_max3_per_class_day_daily,mixed_max3_per_class_day,mixed,max3_per_class_day,2024-04-16,D,daily,0.8547734165739586,6,3,3,tfidf
mixed_max3_per_class_day_daily,mixed_max3_per_class_day,mixed,max3_per_class_day,2024-04-17,D,daily,0.899965244735054,6,3,3,tfidf
mixed_max3_per_class_day_daily,mixed_max3_per_class_day,mixed,max3_per_class_day,2024-04-24,D,daily,0.9101475669273423,6,3,3,tfidf
mixed_max3_per_class_day_daily,mixed_max3_per_class_day,mixed,max3_per_class_day,2024-04-25,D,daily,0.8821875270060955,6,3,3,tfidf
mixed_max3_per_class_day_daily,mixed_max3_per_class_day,mixed,max3_per_class_day,2024-04-26,D,daily,0.7457297917806888,5,2,3,tfidf
mixed_max3_per_class_day_daily,mixed_max3_per_class_day,mixed,max3_per_class_day,2024-04-30,D,daily,0.6533409806908537,6,3,3,tfidf
mixed_max3_per_class_day_daily,mixed_max3_per_class_day,mixed,max3_per_class_day,2024-05-01,D,daily,0.674413806541497,6,3,3,tfidf
mixed_max3_per_class_day_daily,mixed_max3_per_class_day,mixed,max3_per_class_day,2024-05-02,D,daily,0.8208337846960073,6,3,3,tfidf
mixed_max3_per_class_day_daily,mixed_max3_per_class_day,mixed,max3_per_class_day,2024-05-03,D,daily,0.7289398128346761,6,3,3,tfidf
mixed_max3_per_class_day_daily,mixed_max3_per_class_day,mixed,max3_per_class_day,2024-05-07,D,daily,0.7419222262965031,6,3,3,tfidf
mixed_max3_per_class_day_daily,mixed_max3_per_class_day,mixed,max3_per_class_day,2024-05-08,D,daily,0.8900447796993629,6,3,3,tfidf
mixed_max3_per_class_day_daily,mixed_max3_per_class_day,mixed,max3_per_class_day,2024-05-10,D,daily,0.9565753222610505,6,3,3,tfidf
mixed_max3_per_class_day_daily,mixed_max3_per_class_day,mixed,max3_per_class_day,2024-05-14,D,daily,0.884698657108389,5,2,3,tfidf
mixed_max3_per_class_day_daily,mixed_max3_per_class_day,mixed,max3_per_class_day,2024-05-15,D,daily,0.8970453260466794,5,2,3,tfidf
mixed_max3_per_class_day_daily,mixed_max3_per_class_day,mixed,max3_per_class_day,2024-05-16,D,daily,0.8613792730729903,6,3,3,tfidf
mixed_max3_per_class_day_daily,mixed_max3_per_class_day,mixed,max3_per_class_day,2024-05-20,D,daily,0.8611654773976403,6,3,3,tfidf
mixed_max3_per_class_day_daily,mixed_max3_per_class_day,mixed,max3_per_class_day,2024-05-21,D,daily,0.848732774438641,5,2,3,tfidf
mixed_max3_per_class_day_daily,mixed_max3_per_class_day,mixed,max3_per_class_day,2024-05-28,D,daily,0.8777435866999487,6,3,3,tfidf
mixed_max3_per_class_day_daily,mixed_max3_per_class_day,mixed,max3_per_class_day,2024-05-29,D,daily,0.9448127112308895,5,2,3,tfidf
mixed_max3_per_class_day_daily,mixed_max3_per_class_day,mixed,max3_per_class_day,2024-05-30,D,daily,0.9319683425571046,5,2,3,tfidf
mixed_max3_per_class_day_daily,mixed_max3_per_class_day,mixed,max3_per_class_day,2024-05-31,D,daily,0.8598174082511032,6,3,3,tfidf
mixed_max3_per_class_day_daily,mixed_max3_per_class_day,mixed,max3_per_class_day,2024-06-03,D,daily,0.9149800586312998,6,3,3,tfidf
mixed_max3_per_class_day_daily,mixed_max3_per_class_day,mixed,max3_per_class_day,2024-06-04,D,daily,0.8633878649029912,6,3,3,tfidf
mixed_max3_per_class_day_daily,mixed_max3_per_class_day,mixed,max3_per_class_day,2024-06-07,D,daily,0.8190152595139437,6,3,3,tfidf
mixed_max3_per_class_day_daily,mixed_max3_per_class_day,mixed,max3_per_class_day,2024-06-09,D,daily,0.8589497962461704,5,2,3,tfidf
mixed_max3_per_class_day_daily,mixed_max3_per_class_day,mixed,max3_per_class_day,2024-06-11,D,daily,0.9194504693901906,6,3,3,tfidf
mixed_max3_per_class_day_daily,mixed_max3_per_class_day,mixed,max3_per_class_day,2024-06-12,D,daily,0.8960967846007974,5,2,3,tfidf
mixed_max3_per_class_day_daily,mixed_max3_per_class_day,mixed,max3_per_class_day,2024-06-13,D,daily,0.7688743011610618,6,3,3,tfidf
mixed_max3_per_class_day_daily,mixed_max3_per_class_day,mixed,max3_per_class_day,2024-06-14,D,daily,0.8720103274869995,6,3,3,tfidf
mixed_max3_per_class_day_daily,mixed_max3_per_class_day,mixed,max3_per_class_day,2024-06-20,D,daily,0.8051743757351005,5,2,3,tfidf
mixed_max3_per_class_day_daily,mixed_max3_per_class_day,mixed,max3_per_class_day,2024-06-21,D,daily,0.7739141571567509,6,3,3,tfidf
mixed_max3_per_class_day_daily,mixed_max3_per_class_day,mixed,max3_per_class_day,2024-06-24,D,daily,0.8969116903571834,5,2,3,tfidf
mixed_max3_per_class_day_daily,mixed_max3_per_class_day,mixed,max3_per_class_day,2024-06-26,D,daily,0.910589135180612,5,2,3,tfidf
mixed_max3_per_class_day_daily,mixed_max3_per_class_day,mixed,max3_per_class_day,2024-06-27,D,daily,0.9067490381978696,5,2,3,tfidf
mixed_max3_per_class_day_daily,mixed_max3_per_class_day,mixed,max3_per_class_day,2024-06-28,D,daily,0.8606055788119213,6,3,3,tfidf
mixed_max3_per_class_day_daily,mixed_max3_per_class_day,mixed,max3_per_class_day,2024-07-02,D,daily,0.919197516127061,6,3,3,tfidf
mixed_max3_per_class_day_daily,mixed_max3_per_class_day,mixed,max3_per_class_day,2024-07-03,D,daily,0.9314699369585012,5,2,3,tfidf
mixed_max3_per_class_day_daily,mixed_max3_per_class_day,mixed,max3_per_class_day,2024-07-05,D,daily,0.9136077714257752,5,2,3,tfidf
mixed_max3_per_class_day_daily,mixed_max3_per_class_day,mixed,max3_per_class_day,2024-07-08,D,daily,0.7520195140935944,6,3,3,tfidf
mixed_max3_per_class_day_daily,mixed_max3_per_class_day,mixed,max3_per_class_day,2024-07-11,D,daily,0.7887652148797724,6,3,3,tfidf
mixed_max3_per_class_day_daily,mixed_max3_per_class_day,mixed,max3_per_class_day,2024-07-14,D,daily,0.8967520097855854,5,2,3,tfidf
mixed_max3_per_class_day_daily,mixed_max3_per_class_day,mixed,max3_per_class_day,2024-07-17,D,daily,0.8967253737916219,6,3,3,tfidf
mixed_max3_per_class_day_daily,mixed_max3_per_class_day,mixed,max3_per_class_day,2024-07-18,D,daily,0.5907720656064601,6,3,3,tfidf
mixed_max3_per_class_day_daily,mixed_max3_per_class_day,mixed,max3_per_class_day,2024-07-20,D,daily,0.7014806822601021,5,2,3,tfidf
mixed_max3_per_class_day_daily,mixed_max3_per_class_day,mixed,max3_per_class_day,2024-07-21,D,daily,0.6551282498617343,5,2,3,tfidf
mixed_max3_per_class_day_daily,mixed_max3_per_class_day,mixed,max3_per_class_day,2024-07-23,D,daily,0.7593065799198677,6,3,3,tfidf
mixed_max3_per_class_day_daily,mixed_max3_per_class_day,mixed,max3_per_class_day,2024-07-25,D,daily,0.9765738880680777,6,3,3,tfidf
mixed_max3_per_class_day_daily,mixed_max3_per_class_day,mixed,max3_per_class_day,2024-07-26,D,daily,0.9767084964568924,5,2,3,tfidf
mixed_max3_per_class_day_daily,mixed_max3_per_class_day,mixed,max3_per_class_day,2024-07-27,D,daily,0.9303002913665835,6,3,3,tfidf
mixed_max3_per_class_day_daily,mixed_max3_per_class_day,mixed,max3_per_class_day,2024-08-01,D,daily,0.9193080038332938,6,3,3,tfidf
mixed_max3_per_class_day_daily,mixed_max3_per_class_day,mixed,max3_per_class_day,2024-08-02,D,daily,0.8035762407523054,6,3,3,tfidf
mixed_max3_per_class_day_daily,mixed_max3_per_class_day,mixed,max3_per_class_day,2024-08-05,D,daily,0.7691221049981385,6,3,3,tfidf
mixed_max3_per_class_day_daily,mixed_max3_per_class_day,mixed,max3_per_class_day,2024-08-06,D,daily,0.892455802731371,6,3,3,tfidf
mixed_max3_per_class_day_daily,mixed_max3_per_class_day,mixed,max3_per_class_day,2024-08-07,D,daily,0.9052686353872802,6,3,3,tfidf
mixed_max3_per_class_day_daily,mixed_max3_per_class_day,mixed,max3_per_class_day,2024-08-13,D,daily,0.9065173801656133,6,3,3,tfidf
mixed_max3_per_class_day_daily,mixed_max3_per_class_day,mixed,max3_per_class_day,2024-08-14,D,daily,0.8792462550149881,6,3,3,tfidf
mixed_max3_per_class_day_daily,mixed_max3_per_class_day,mixed,max3_per_class_day,2024-08-15,D,daily,0.8885948200110155,6,3,3,tfidf
mixed_max3_per_class_day_daily,mixed_max3_per_class_day,mixed,max3_per_class_day,2024-08-16,D,daily,0.8791274136649263,6,3,3,tfidf
mixed_max3_per_class_day_daily,mixed_max3_per_class_day,mixed,max3_per_class_day,2024-08-17,D,daily,0.8001783815731449,6,3,3,tfidf
mixed_max3_per_class_day_daily,mixed_max3_per_class_day,mixed,max3_per_class_day,2024-08-20,D,daily,0.8574995090326026,5,2,3,tfidf
mixed_max3_per_class_day_daily,mixed_max3_per_class_day,mixed,max3_per_class_day,2024-08-21,D,daily,0.8227973402197459,6,3,3,tfidf
mixed_max3_per_class_day_daily,mixed_max3_per_class_day,mixed,max3_per_class_day,2024-08-22,D,daily,0.8627092787663242,6,3,3,tfidf
mixed_max3_per_class_day_daily,mixed_max3_per_class_day,mixed,max3_per_class_day,2024-08-24,D,daily,0.8196566394968949,6,3,3,tfidf
mixed_max3_per_class_day_daily,mixed_max3_per_class_day,mixed,max3_per_class_day,2024-08-27,D,daily,0.7013105336760923,6,3,3,tfidf
mixed_max3_per_class_day_daily,mixed_max3_per_class_day,mixed,max3_per_class_day,2024-08-28,D,daily,0.7885152033684177,6,3,3,tfidf
mixed_max3_per_class_day_daily,mixed_max3_per_class_day,mixed,max3_per_class_day,2024-09-02,D,daily,0.8783399778599591,6,3,3,tfidf
mixed_max3_per_class_day_daily,mixed_max3_per_class_day,mixed,max3_per_class_day,2024-09-03,D,daily,0.8868634411025328,6,3,3,tfidf
mixed_max3_per_class_day_daily,mixed_max3_per_class_day,mixed,max3_per_class_day,2024-09-04,D,daily,0.7022224497428086,6,3,3,tfidf
mixed_max3_per_class_day_daily,mixed_max3_per_class_day,mixed,max3_per_class_day,2024-09-05,D,daily,0.7501064450747635,6,3,3,tfidf
mixed_max3_per_class_day_daily,mixed_max3_per_class_day,mixed,max3_per_class_day,2024-09-06,D,daily,0.7262486561512127,6,3,3,tfidf
mixed_max3_per_class_day_daily,mixed_max3_per_class_day,mixed,max3_per_class_day,2024-09-09,D,daily,0.8981635554919609,5,2,3,tfidf
mixed_max3_per_class_day_daily,mixed_max3_per_class_day,mixed,max3_per_class_day,2024-09-10,D,daily,0.9075018251017789,6,3,3,tfidf
mixed_max3_per_class_day_daily,mixed_max3_per_class_day,mixed,max3_per_class_day,2024-09-11,D,daily,0.8567664889848408,6,3,3,tfidf
mixed_max3_per_class_day_daily,mixed_max3_per_class_day,mixed,max3_per_class_day,2024-09-12,D,daily,0.8152050856387305,6,3,3,tfidf
mixed_max3_per_class_day_daily,mixed_max3_per_class_day,mixed,max3_per_class_day,2024-09-13,D,daily,0.8047168082007135,6,3,3,tfidf
mixed_max3_per_class_day_daily,mixed_max3_per_class_day,mixed,max3_per_class_day,2024-09-14,D,daily,0.8595400519333556,5,2,3,tfidf
mixed_max3_per_class_day_daily,mixed_max3_per_class_day,mixed,max3_per_class_day,2024-09-16,D,daily,0.7393162479380551,6,3,3,tfidf
mixed_max3_per_class_day_daily,mixed_max3_per_class_day,mixed,max3_per_class_day,2024-09-17,D,daily,0.8308665378078819,5,2,3,tfidf
mixed_max3_per_class_day_daily,mixed_max3_per_class_day,mixed,max3_per_class_day,2024-09-19,D,daily,0.8695646081647708,6,3,3,tfidf
mixed_max3_per_class_day_daily,mixed_max3_per_class_day,mixed,max3_per_class_day,2024-09-20,D,daily,0.782034357282105,6,3,3,tfidf
mixed_max3_per_class_day_daily,mixed_max3_per_class_day,mixed,max3_per_class_day,2024-09-23,D,daily,0.6716093284490564,6,3,3,tfidf
mixed_max3_per_class_day_daily,mixed_max3_per_class_day,mixed,max3_per_class_day,2024-09-24,D,daily,0.814043443614514,5,2,3,tfidf
mixed_max3_per_class_day_daily,mixed_max3_per_class_day,mixed,max3_per_class_day,2024-09-25,D,daily,0.8565444637181161,6,3,3,tfidf
mixed_max3_per_class_day_daily,mixed_max3_per_class_day,mixed,max3_per_class_day,2024-09-27,D,daily,0.9092068109259689,6,3,3,tfidf
mixed_max3_per_class_day_daily,mixed_max3_per_class_day,mixed,max3_per_class_day,2024-09-30,D,daily,0.9016031774540945,5,2,3,tfidf
mixed_max3_per_class_day_daily,mixed_max3_per_class_day,mixed,max3_per_class_day,2024-10-02,D,daily,0.8413029380557437,5,2,3,tfidf
mixed_max3_per_class_day_daily,mixed_max3_per_class_day,mixed,max3_per_class_day,2024-10-03,D,daily,0.8646348750026148,5,2,3,tfidf
mixed_max3_per_class_day_daily,mixed_max3_per_class_day,mixed,max3_per_class_day,2024-10-04,D,daily,0.8886390313594064,6,3,3,tfidf
mixed_max3_per_class_day_daily,mixed_max3_per_class_day,mixed,max3_per_class_day,2024-10-05,D,daily,0.8943194073624878,5,2,3,tfidf
mixed_max3_per_class_day_daily,mixed_max3_per_class_day,mixed,max3_per_class_day,2024-10-07,D,daily,0.7310908610282154,6,3,3,tfidf
mixed_max3_per_class_day_daily,mixed_max3_per_class_day,mixed,max3_per_class_day,2024-10-09,D,daily,0.6390391640434372,5,2,3,tfidf
mixed_max3_per_class_day_daily,mixed_max3_per_class_day,mixed,max3_per_class_day,2024-10-10,D,daily,0.8390578208996555,6,3,3,tfidf
mixed_max3_per_class_day_daily,mixed_max3_per_class_day,mixed,max3_per_class_day,2024-10-11,D,daily,0.7870009952069839,6,3,3,tfidf
mixed_max3_per_class_day_daily,mixed_max3_per_class_day,mixed,max3_per_class_day,2024-10-12,D,daily,0.7622657770820349,5,2,3,tfidf
mixed_max3_per_class_day_daily,mixed_max3_per_class_day,mixed,max3_per_class_day,2024-10-14,D,daily,0.8905018279296613,5,2,3,tfidf
mixed_max3_per_class_day_daily,mixed_max3_per_class_day,mixed,max3_per_class_day,2024-10-15,D,daily,0.9317421225487664,5,2,3,tfidf
mixed_max3_per_class_day_daily,mixed_max3_per_class_day,mixed,max3_per_class_day,2024-10-18,D,daily,0.9042265853265447,6,3,3,tfidf
mixed_max3_per_class_day_daily,mixed_max3_per_class_day,mixed,max3_per_class_day,2024-10-20,D,daily,0.9341769982867594,5,2,3,tfidf
mixed_max3_per_class_day_daily,mixed_max3_per_class_day,mixed,max3_per_class_day,2024-10-21,D,daily,0.9264476816072357,6,3,3,tfidf
mixed_max3_per_class_day_daily,mixed_max3_per_class_day,mixed,max3_per_class_day,2024-10-24,D,daily,0.7094314316108006,6,3,3,tfidf
mixed_max3_per_class_day_daily,mixed_max3_per_class_day,mixed,max3_per_class_day,2024-10-25,D,daily,0.7206405053798094,6,3,3,tfidf
mixed_max3_per_class_day_daily,mixed_max3_per_class_day,mixed,max3_per_class_day,2024-10-26,D,daily,0.8610585230240319,6,3,3,tfidf
mixed_max3_per_class_day_daily,mixed_max3_per_class_day,mixed,max3_per_class_day,2024-10-27,D,daily,0.8478002486513858,6,3,3,tfidf
mixed_max3_per_class_day_daily,mixed_max3_per_class_day,mixed,max3_per_class_day,2024-10-28,D,daily,0.8778680906222038,6,3,3,tfidf
mixed_max3_per_class_day_daily,mixed_max3_per_class_day,mixed,max3_per_class_day,2024-10-31,D,daily,0.8307623881956099,5,2,3,tfidf
mixed_max3_per_class_day_daily,mixed_max3_per_class_day,mixed,max3_per_class_day,2024-11-01,D,daily,0.8527671724863892,6,3,3,tfidf
mixed_max3_per_class_day_daily,mixed_max3_per_class_day,mixed,max3_per_class_day,2024-11-03,D,daily,0.8156596266606059,6,3,3,tfidf
mixed_max3_per_class_day_daily,mixed_max3_per_class_day,mixed,max3_per_class_day,2024-11-04,D,daily,0.865741749433502,5,2,3,tfidf
mixed_max3_per_class_day_daily,mixed_max3_per_class_day,mixed,max3_per_class_day,2024-11-05,D,daily,0.8089313440498607,6,3,3,tfidf
mixed_max3_per_class_day_daily,mixed_max3_per_class_day,mixed,max3_per_class_day,2024-11-06,D,daily,0.6856833696805391,6,3,3,tfidf
mixed_max3_per_class_day_daily,mixed_max3_per_class_day,mixed,max3_per_class_day,2024-11-08,D,daily,0.8633541478186864,6,3,3,tfidf
mixed_max3_per_class_day_daily,mixed_max3_per_class_day,mixed,max3_per_class_day,2024-11-13,D,daily,0.7854778975657244,6,3,3,tfidf
mixed_max3_per_class_day_daily,mixed_max3_per_class_day,mixed,max3_per_class_day,2024-11-15,D,daily,0.785330672678098,6,3,3,tfidf
mixed_max3_per_class_day_daily,mixed_max3_per_class_day,mixed,max3_per_class_day,2024-11-18,D,daily,0.8627913032044987,5,2,3,tfidf
mixed_max3_per_class_day_daily,mixed_max3_per_class_day,mixed,max3_per_class_day,2024-11-20,D,daily,0.9383773443884874,6,3,3,tfidf
mixed_max3_per_class_day_daily,mixed_max3_per_class_day,mixed,max3_per_class_day,2024-11-21,D,daily,0.8960810016181879,6,3,3,tfidf
mixed_max3_per_class_day_daily,mixed_max3_per_class_day,mixed,max3_per_class_day,2024-11-23,D,daily,0.8720252977025003,6,3,3,tfidf
mixed_max3_per_class_day_daily,mixed_max3_per_class_day,mixed,max3_per_class_day,2024-11-24,D,daily,0.9344306267512911,5,2,3,tfidf
mixed_max3_per_class_day_daily,mixed_max3_per_class_day,mixed,max3_per_class_day,2024-11-25,D,daily,0.8725783332996545,6,3,3,tfidf
mixed_max3_per_class_day_daily,mixed_max3_per_class_day,mixed,max3_per_class_day,2024-11-26,D,daily,0.9124834991490319,6,3,3,tfidf
mixed_max3_per_class_day_daily,mixed_max3_per_class_day,mixed,max3_per_class_day,2024-11-27,D,daily,0.9013822336797918,6,3,3,tfidf
mixed_max3_per_class_day_daily,mixed_max3_per_class_day,mixed,max3_per_class_day,2024-12-01,D,daily,0.9350891558091662,5,2,3,tfidf
mixed_max3_per_class_day_daily,mixed_max3_per_class_day,mixed,max3_per_class_day,2024-12-03,D,daily,0.9361889127432623,6,3,3,tfidf
mixed_max3_per_class_day_daily,mixed_max3_per_class_day,mixed,max3_per_class_day,2024-12-04,D,daily,0.9056977454892817,6,3,3,tfidf
mixed_max3_per_class_day_daily,mixed_max3_per_class_day,mixed,max3_per_class_day,2024-12-09,D,daily,0.9299300671166207,6,3,3,tfidf
mixed_max3_per_class_day_daily,mixed_max3_per_class_day,mixed,max3_per_class_day,2024-12-11,D,daily,0.883868634619894,6,3,3,tfidf
mixed_max3_per_class_day_daily,mixed_max3_per_class_day,mixed,max3_per_class_day,2024-12-12,D,daily,0.9190256273535086,6,3,3,tfidf
mixed_max3_per_class_day_daily,mixed_max3_per_class_day,mixed,max3_per_class_day,2024-12-13,D,daily,0.9307143889880494,6,3,3,tfidf
mixed_max3_per_class_day_daily,mixed_max3_per_class_day,mixed,max3_per_class_day,2024-12-16,D,daily,0.8803077867205091,6,3,3,tfidf
mixed_max3_per_class_day_daily,mixed_max3_per_class_day,mixed,max3_per_class_day,2024-12-17,D,daily,0.7782720197842337,6,3,3,tfidf
mixed_max3_per_class_day_daily,mixed_max3_per_class_day,mixed,max3_per_class_day,2024-12-18,D,daily,0.8698330154113825,6,3,3,tfidf
mixed_max3_per_class_day_daily,mixed_max3_per_class_day,mixed,max3_per_class_day,2024-12-19,D,daily,0.9038429399171025,5,2,3,tfidf
mixed_max3_per_class_day_daily,mixed_max3_per_class_day,mixed,max3_per_class_day,2024-12-27,D,daily,0.9495369286489325,6,3,3,tfidf
mixed_max3_per_class_day_daily,mixed_max3_per_class_day,mixed,max3_per_class_day,2024-12-30,D,daily,0.9638184565979705,6,3,3,tfidf
mixed_max3_per_class_day_daily,mixed_max3_per_class_day,mixed,max3_per_class_day,2025-01-01,D,daily,0.9345001674543951,5,2,3,tfidf
mixed_max3_per_class_day_daily,mixed_max3_per_class_day,mixed,max3_per_class_day,2025-01-04,D,daily,0.8219822665331661,5,2,3,tfidf
mixed_max3_per_class_day_daily,mixed_max3_per_class_day,mixed,max3_per_class_day,2025-01-06,D,daily,0.8685643563590648,6,3,3,tfidf
mixed_max3_per_class_day_daily,mixed_max3_per_class_day,mixed,max3_per_class_day,2025-01-08,D,daily,0.8563782521481719,5,2,3,tfidf
mixed_max3_per_class_day_daily,mixed_max3_per_class_day,mixed,max3_per_class_day,2025-01-09,D,daily,0.8312585029934457,6,3,3,tfidf
mixed_max3_per_class_day_daily,mixed_max3_per_class_day,mixed,max3_per_class_day,2025-01-10,D,daily,0.6825082033284652,5,2,3,tfidf
mixed_max3_per_class_day_daily,mixed_max3_per_class_day,mixed,max3_per_class_day,2025-01-13,D,daily,0.8398799633740822,6,3,3,tfidf
mixed_max3_per_class_day_daily,mixed_max3_per_class_day,mixed,max3_per_class_day,2025-01-16,D,daily,0.8266152701385824,6,3,3,tfidf
mixed_max3_per_class_day_daily,mixed_max3_per_class_day,mixed,max3_per_class_day,2025-01-17,D,daily,0.7998823624006051,5,2,3,tfidf
mixed_max3_per_class_day_daily,mixed_max3_per_class_day,mixed,max3_per_class_day,2025-01-20,D,daily,0.8766300321914688,6,3,3,tfidf
mixed_max3_per_class_day_daily,mixed_max3_per_class_day,mixed,max3_per_class_day,2025-01-21,D,daily,0.8321540568353819,5,2,3,tfidf
mixed_max3_per_class_day_daily,mixed_max3_per_class_day,mixed,max3_per_class_day,2025-01-23,D,daily,0.8403418393991466,6,3,3,tfidf
mixed_max3_per_class_day_daily,mixed_max3_per_class_day,mixed,max3_per_class_day,2025-01-24,D,daily,0.8729330156634472,6,3,3,tfidf
mixed_max3_per_class_day_daily,mixed_max3_per_class_day,mixed,max3_per_class_day,2025-01-27,D,daily,0.9019381786376728,5,2,3,tfidf
mixed_max3_per_class_day_daily,mixed_max3_per_class_day,mixed,max3_per_class_day,2025-01-28,D,daily,0.9557748128688132,5,2,3,tfidf
mixed_max3_per_class_day_daily,mixed_max3_per_class_day,mixed,max3_per_class_day,2025-01-29,D,daily,0.9145185829546307,6,3,3,tfidf
mixed_max3_per_class_day_daily,mixed_max3_per_class_day,mixed,max3_per_class_day,2025-01-30,D,daily,0.8497312227464136,6,3,3,tfidf
mixed_max3_per_class_day_daily,mixed_max3_per_class_day,mixed,max3_per_class_day,2025-01-31,D,daily,0.7950871928165978,6,3,3,tfidf
mixed_max3_per_class_day_daily,mixed_max3_per_class_day,mixed,max3_per_class_day,2025-02-03,D,daily,0.8981265582088851,6,3,3,tfidf
mixed_max3_per_class_day_daily,mixed_max3_per_class_day,mixed,max3_per_class_day,2025-02-04,D,daily,0.9313699968910194,6,3,3,tfidf
mixed_max3_per_class_day_daily,mixed_max3_per_class_day,mixed,max3_per_class_day,2025-02-05,D,daily,0.889865409023664,6,3,3,tfidf
mixed_max3_per_class_day_daily,mixed_max3_per_class_day,mixed,max3_per_class_day,2025-02-06,D,daily,0.8519583548240083,6,3,3,tfidf
mixed_max3_per_class_day_daily,mixed_max3_per_class_day,mixed,max3_per_class_day,2025-02-07,D,daily,0.8136961365497473,6,3,3,tfidf
mixed_max3_per_class_day_daily,mixed_max3_per_class_day,mixed,max3_per_class_day,2025-02-12,D,daily,0.745484632851059,6,3,3,tfidf
mixed_max3_per_class_day_daily,mixed_max3_per_class_day,mixed,max3_per_class_day,2025-02-13,D,daily,0.7700732836799468,6,3,3,tfidf
mixed_max3_per_class_day_daily,mixed_max3_per_class_day,mixed,max3_per_class_day,2025-02-14,D,daily,0.844776424991049,6,3,3,tfidf
mixed_max3_per_class_day_daily,mixed_max3_per_class_day,mixed,max3_per_class_day,2025-02-17,D,daily,0.8192845963058287,5,2,3,tfidf
mixed_max3_per_class_day_daily,mixed_max3_per_class_day,mixed,max3_per_class_day,2025-02-19,D,daily,0.8461498881853093,6,3,3,tfidf
mixed_raw_daily,mixed_raw,mixed,raw,2024-02-06,D,daily,0.6703807265668444,22,6,16,tfidf
mixed_raw_daily,mixed_raw,mixed,raw,2024-02-07,D,daily,0.6882075958894242,6,2,4,tfidf
mixed_raw_daily,mixed_raw,mixed,raw,2024-02-08,D,daily,0.7620695402410256,25,7,18,tfidf
mixed_raw_daily,mixed_raw,mixed,raw,2024-02-10,D,daily,0.6999732103566612,13,0,13,tfidf
mixed_raw_daily,mixed_raw,mixed,raw,2024-02-11,D,daily,0.5797055384749356,20,1,19,tfidf
mixed_raw_daily,mixed_raw,mixed,raw,2024-02-12,D,daily,0.5915595601001105,21,2,19,tfidf
mixed_raw_daily,mixed_raw,mixed,raw,2024-02-13,D,daily,0.8127188889046852,5,5,0,tfidf
mixed_raw_daily,mixed_raw,mixed,raw,2024-02-15,D,daily,0.8714153885157963,24,4,20,tfidf
mixed_raw_daily,mixed_raw,mixed,raw,2024-02-16,D,daily,0.5572190047463657,26,6,20,tfidf
mixed_raw_daily,mixed_raw,mixed,raw,2024-02-17,D,daily,0.45887489616702415,18,3,15,tfidf
mixed_raw_daily,mixed_raw,mixed,raw,2024-02-18,D,daily,0.6985995439279089,21,0,21,tfidf
mixed_raw_daily,mixed_raw,mixed,raw,2024-02-19,D,daily,0.7903764272070462,9,0,9,tfidf
mixed_raw_daily,mixed_raw,mixed,raw,2024-02-20,D,daily,0.7706090553576996,22,3,19,tfidf
mixed_raw_daily,mixed_raw,mixed,raw,2024-02-22,D,daily,0.7512842259757109,19,2,17,tfidf
mixed_raw_daily,mixed_raw,mixed,raw,2024-02-23,D,daily,0.7078948847676039,19,3,16,tfidf
mixed_raw_daily,mixed_raw,mixed,raw,2024-02-25,D,daily,0.6918553071520595,26,3,23,tfidf
mixed_raw_daily,mixed_raw,mixed,raw,2024-02-26,D,daily,0.622333786699055,15,2,13,tfidf
mixed_raw_daily,mixed_raw,mixed,raw,2024-02-27,D,daily,0.7720960097440734,10,4,6,tfidf
mixed_raw_daily,mixed_raw,mixed,raw,2024-02-28,D,daily,0.707665287982088,27,5,22,tfidf
mixed_raw_daily,mixed_raw,mixed,raw,2024-02-29,D,daily,0.6167938594090742,22,3,19,tfidf
mixed_raw_daily,mixed_raw,mixed,raw,2024-03-01,D,daily,0.6454494849378762,67,3,64,tfidf
mixed_raw_daily,mixed_raw,mixed,raw,2024-03-02,D,daily,0.6589957046019554,16,0,16,tfidf
mixed_raw_daily,mixed_raw,mixed,raw,2024-03-03,D,daily,0.7163478094875935,18,3,15,tfidf
mixed_raw_daily,mixed_raw,mixed,raw,2024-03-04,D,daily,0.7258651302017459,24,4,20,tfidf
mixed_raw_daily,mixed_raw,mixed,raw,2024-03-06,D,daily,0.5752879104551153,15,4,11,tfidf
mixed_raw_daily,mixed_raw,mixed,raw,2024-03-07,D,daily,0.6412709356841783,18,3,15,tfidf
mixed_raw_daily,mixed_raw,mixed,raw,2024-03-08,D,daily,0.7696162954901831,6,3,3,tfidf
mixed_raw_daily,mixed_raw,mixed,raw,2024-03-09,D,daily,0.8715689766379817,9,0,9,tfidf
mixed_raw_daily,mixed_raw,mixed,raw,2024-03-10,D,daily,0.7213846257202327,21,1,20,tfidf
mixed_raw_daily,mixed_raw,mixed,raw,2024-03-11,D,daily,0.7057583456811461,21,5,16,tfidf
mixed_raw_daily,mixed_raw,mixed,raw,2024-03-12,D,daily,0.6812631225938077,17,4,13,tfidf
mixed_raw_daily,mixed_raw,mixed,raw,2024-03-13,D,daily,0.7017029707726266,26,6,20,tfidf
mixed_raw_daily,mixed_raw,mixed,raw,2024-03-14,D,daily,0.6055328608314536,15,1,14,tfidf
mixed_raw_daily,mixed_raw,mixed,raw,2024-03-16,D,daily,0.7616311737417807,11,2,9,tfidf
mixed_raw_daily,mixed_raw,mixed,raw,2024-03-17,D,daily,0.8302464122862419,24,3,21,tfidf
mixed_raw_daily,mixed_raw,mixed,raw,2024-03-18,D,daily,0.7346807654524314,12,0,12,tfidf
mixed_raw_daily,mixed_raw,mixed,raw,2024-03-19,D,daily,0.8239843611793615,5,1,4,tfidf
mixed_raw_daily,mixed_raw,mixed,raw,2024-03-20,D,daily,0.7189675662467307,22,3,19,tfidf
mixed_raw_daily,mixed_raw,mixed,raw,2024-03-21,D,daily,0.7179828031849345,10,1,9,tfidf
mixed_raw_daily,mixed_raw,mixed,raw,2024-03-22,D,daily,0.6898942527579651,15,3,12,tfidf
mixed_raw_daily,mixed_raw,mixed,raw,2024-03-23,D,daily,0.7226630596637695,6,0,6,tfidf
mixed_raw_daily,mixed_raw,mixed,raw,2024-03-24,D,daily,0.8544774586448092,16,1,15,tfidf
mixed_raw_daily,mixed_raw,mixed,raw,2024-03-25,D,daily,0.8502175786685531,13,1,12,tfidf
mixed_raw_daily,mixed_raw,mixed,raw,2024-03-26,D,daily,0.6034389468350749,21,1,20,tfidf
mixed_raw_daily,mixed_raw,mixed,raw,2024-03-27,D,daily,0.7430594120341228,13,2,11,tfidf
mixed_raw_daily,mixed_raw,mixed,raw,2024-03-28,D,daily,0.7867472010356229,19,1,18,tfidf
mixed_raw_daily,mixed_raw,mixed,raw,2024-03-29,D,daily,0.7097231473175807,34,4,30,tfidf
mixed_raw_daily,mixed_raw,mixed,raw,2024-03-30,D,daily,0.7129018419516724,28,0,28,tfidf
mixed_raw_daily,mixed_raw,mixed,raw,2024-03-31,D,daily,0.39208462656762966,9,2,7,tfidf
mixed_raw_daily,mixed_raw,mixed,raw,2024-04-01,D,daily,0.5000967320291482,35,5,30,tfidf
mixed_raw_daily,mixed_raw,mixed,raw,2024-04-02,D,daily,0.5797926512305496,21,3,18,tfidf
mixed_raw_daily,mixed_raw,mixed,raw,2024-04-03,D,daily,0.6455049712408342,19,0,19,tfidf
mixed_raw_daily,mixed_raw,mixed,raw,2024-04-04,D,daily,0.6504327724743835,25,5,20,tfidf
mixed_raw_daily,mixed_raw,mixed,raw,2024-04-05,D,daily,0.630734946676323,24,4,20,tfidf
mixed_raw_daily,mixed_raw,mixed,raw,2024-04-06,D,daily,0.7806765693166807,14,1,13,tfidf
mixed_raw_daily,mixed_raw,mixed,raw,2024-04-07,D,daily,0.8596478125034264,15,3,12,tfidf
mixed_raw_daily,mixed_raw,mixed,raw,2024-04-08,D,daily,0.8223324770798089,21,4,17,tfidf
mixed_raw_daily,mixed_raw,mixed,raw,2024-04-09,D,daily,0.7234993169173125,18,1,17,tfidf
mixed_raw_daily,mixed_raw,mixed,raw,2024-04-10,D,daily,0.7303491052716187,26,6,20,tfidf
mixed_raw_daily,mixed_raw,mixed,raw,2024-04-11,D,daily,0.8357776830135504,6,6,0,tfidf
mixed_raw_daily,mixed_raw,mixed,raw,2024-04-12,D,daily,0.8842290506264385,10,2,8,tfidf
mixed_raw_daily,mixed_raw,mixed,raw,2024-04-13,D,daily,0.8268471040230714,6,0,6,tfidf
mixed_raw_daily,mixed_raw,mixed,raw,2024-04-14,D,daily,0.9106158220121314,14,0,14,tfidf
mixed_raw_daily,mixed_raw,mixed,raw,2024-04-15,D,daily,0.8446995507527579,6,6,0,tfidf
mixed_raw_daily,mixed_raw,mixed,raw,2024-04-16,D,daily,0.8475382722460703,23,3,20,tfidf
mixed_raw_daily,mixed_raw,mixed,raw,2024-04-17,D,daily,0.8240413664622939,8,3,5,tfidf
mixed_raw_daily,mixed_raw,mixed,raw,2024-04-20,D,daily,0.9149660421004803,5,0,5,tfidf
mixed_raw_daily,mixed_raw,mixed,raw,2024-04-21,D,daily,0.7775205383595871,12,0,12,tfidf
mixed_raw_daily,mixed_raw,mixed,raw,2024-04-23,D,daily,0.8455506465670457,16,0,16,tfidf
mixed_raw_daily,mixed_raw,mixed,raw,2024-04-24,D,daily,0.6726926076661541,26,6,20,tfidf
mixed_raw_daily,mixed_raw,mixed,raw,2024-04-25,D,daily,0.6580733228792031,23,3,20,tfidf
mixed_raw_daily,mixed_raw,mixed,raw,2024-04-26,D,daily,0.5451152379503008,17,2,15,tfidf
mixed_raw_daily,mixed_raw,mixed,raw,2024-04-27,D,daily,0.5558995927542669,19,1,18,tfidf
mixed_raw_daily,mixed_raw,mixed,raw,2024-04-28,D,daily,0.6713651435706173,10,0,10,tfidf
mixed_raw_daily,mixed_raw,mixed,raw,2024-04-29,D,daily,0.7601214109331388,33,1,32,tfidf
mixed_raw_daily,mixed_raw,mixed,raw,2024-04-30,D,daily,0.5417937078330757,42,6,36,tfidf
mixed_raw_daily,mixed_raw,mixed,raw,2024-05-01,D,daily,0.46386484503433745,32,3,29,tfidf
mixed_raw_daily,mixed_raw,mixed,raw,2024-05-02,D,daily,0.5749256386127659,23,3,20,tfidf
mixed_raw_daily,mixed_raw,mixed,raw,2024-05-03,D,daily,0.5690461909681959,17,6,11,tfidf
mixed_raw_daily,mixed_raw,mixed,raw,2024-05-04,D,daily,0.743195478388981,8,0,8,tfidf
mixed_raw_daily,mixed_raw,mixed,raw,2024-05-05,D,daily,0.7289508638267518,19,1,18,tfidf
mixed_raw_daily,mixed_raw,mixed,raw,2024-05-06,D,daily,0.765476300466322,10,0,10,tfidf
mixed_raw_daily,mixed_raw,mixed,raw,2024-05-07,D,daily,0.6406883960662209,17,4,13,tfidf
mixed_raw_daily,mixed_raw,mixed,raw,2024-05-08,D,daily,0.7399752015832306,13,4,9,tfidf
mixed_raw_daily,mixed_raw,mixed,raw,2024-05-09,D,daily,0.7686310077463039,21,1,20,tfidf
mixed_raw_daily,mixed_raw,mixed,raw,2024-05-10,D,daily,0.7680311232702373,14,5,9,tfidf
mixed_raw_daily,mixed_raw,mixed,raw,2024-05-12,D,daily,0.705282359151283,21,1,20,tfidf
mixed_raw_daily,mixed_raw,mixed,raw,2024-05-13,D,daily,0.7539061593026094,11,1,10,tfidf
mixed_raw_daily,mixed_raw,mixed,raw,2024-05-14,D,daily,0.7667417955150223,15,2,13,tfidf
mixed_raw_daily,mixed_raw,mixed,raw,2024-05-15,D,daily,0.7698762036430493,18,2,16,tfidf
mixed_raw_daily,mixed_raw,mixed,raw,2024-05-16,D,daily,0.5402745316519414,21,5,16,tfidf
mixed_raw_daily,mixed_raw,mixed,raw,2024-05-17,D,daily,0.5807083674396138,15,0,15,tfidf
mixed_raw_daily,mixed_raw,mixed,raw,2024-05-18,D,daily,0.8216598591194597,5,0,5,tfidf
mixed_raw_daily,mixed_raw,mixed,raw,2024-05-19,D,daily,0.8253053377237827,19,1,18,tfidf
mixed_raw_daily,mixed_raw,mixed,raw,2024-05-20,D,daily,0.7541982529533234,24,4,20,tfidf
mixed_raw_daily,mixed_raw,mixed,raw,2024-05-21,D,daily,0.6918481081419976,5,2,3,tfidf
mixed_raw_daily,mixed_raw,mixed,raw,2024-05-22,D,daily,0.7583266428263,19,1,18,tfidf
mixed_raw_daily,mixed_raw,mixed,raw,2024-05-23,D,daily,0.8057025303964238,6,0,6,tfidf
mixed_raw_daily,mixed_raw,mixed,raw,2024-05-25,D,daily,0.8793097462136833,6,0,6,tfidf
mixed_raw_daily,mixed_raw,mixed,raw,2024-05-26,D,daily,0.845521539469279,18,1,17,tfidf
mixed_raw_daily,mixed_raw,mixed,raw,2024-05-27,D,daily,0.8575261320179702,7,0,7,tfidf
mixed_raw_daily,mixed_raw,mixed,raw,2024-05-28,D,daily,0.8532925169190096,21,3,18,tfidf
mixed_raw_daily,mixed_raw,mixed,raw,2024-05-29,D,daily,0.7393635087763855,14,2,12,tfidf
mixed_raw_daily,mixed_raw,mixed,raw,2024-05-30,D,daily,0.7290180157389334,17,2,15,tfidf
mixed_raw_daily,mixed_raw,mixed,raw,2024-05-31,D,daily,0.6342864964484485,15,3,12,tfidf
mixed_raw_daily,mixed_raw,mixed,raw,2024-06-01,D,daily,0.6357223613948648,51,0,51,tfidf
mixed_raw_daily,mixed_raw,mixed,raw,2024-06-02,D,daily,0.5952983901229071,21,0,21,tfidf
mixed_raw_daily,mixed_raw,mixed,raw,2024-06-03,D,daily,0.7128739250198106,15,3,12,tfidf
mixed_raw_daily,mixed_raw,mixed,raw,2024-06-04,D,daily,0.724553514163613,14,6,8,tfidf
mixed_raw_daily,mixed_raw,mixed,raw,2024-06-05,D,daily,0.6996823162076059,20,0,20,tfidf
mixed_raw_daily,mixed_raw,mixed,raw,2024-06-07,D,daily,0.7010832990644799,15,4,11,tfidf
mixed_raw_daily,mixed_raw,mixed,raw,2024-06-09,D,daily,0.7780361653636807,18,2,16,tfidf
mixed_raw_daily,mixed_raw,mixed,raw,2024-06-10,D,daily,0.7168076674818892,7,1,6,tfidf
mixed_raw_daily,mixed_raw,mixed,raw,2024-06-11,D,daily,0.7317635257576499,24,4,20,tfidf
mixed_raw_daily,mixed_raw,mixed,raw,2024-06-12,D,daily,0.5575344507136345,18,2,16,tfidf
mixed_raw_daily,mixed_raw,mixed,raw,2024-06-13,D,daily,0.6280131795404492,22,6,16,tfidf
mixed_raw_daily,mixed_raw,mixed,raw,2024-06-14,D,daily,0.746437284163659,13,4,9,tfidf
mixed_raw_daily,mixed_raw,mixed,raw,2024-06-15,D,daily,0.8502799476025156,6,1,5,tfidf
mixed_raw_daily,mixed_raw,mixed,raw,2024-06-16,D,daily,0.864684608739236,21,1,20,tfidf
mixed_raw_daily,mixed_raw,mixed,raw,2024-06-18,D,daily,0.7291084803341472,20,1,19,tfidf
mixed_raw_daily,mixed_raw,mixed,raw,2024-06-19,D,daily,0.6233110373290005,19,0,19,tfidf
mixed_raw_daily,mixed_raw,mixed,raw,2024-06-20,D,daily,0.5614983850292018,19,2,17,tfidf
mixed_raw_daily,mixed_raw,mixed,raw,2024-06-21,D,daily,0.6086159684568393,14,3,11,tfidf
mixed_raw_daily,mixed_raw,mixed,raw,2024-06-22,D,daily,0.7357481054029742,8,1,7,tfidf
mixed_raw_daily,mixed_raw,mixed,raw,2024-06-23,D,daily,0.8571292926712232,12,1,11,tfidf
mixed_raw_daily,mixed_raw,mixed,raw,2024-06-24,D,daily,0.7992056692431722,23,2,21,tfidf
mixed_raw_daily,mixed_raw,mixed,raw,2024-06-25,D,daily,0.6985926546927615,12,1,11,tfidf
mixed_raw_daily,mixed_raw,mixed,raw,2024-06-26,D,daily,0.6292496638327911,22,2,20,tfidf
mixed_raw_daily,mixed_raw,mixed,raw,2024-06-27,D,daily,0.6653136296634363,15,2,13,tfidf
mixed_raw_daily,mixed_raw,mixed,raw,2024-06-28,D,daily,0.6653903634535896,28,7,21,tfidf
mixed_raw_daily,mixed_raw,mixed,raw,2024-06-29,D,daily,0.6001223372635613,15,1,14,tfidf
mixed_raw_daily,mixed_raw,mixed,raw,2024-06-30,D,daily,0.6966492495202701,20,0,20,tfidf
mixed_raw_daily,mixed_raw,mixed,raw,2024-07-01,D,daily,0.5287023861769121,43,1,42,tfidf
mixed_raw_daily,mixed_raw,mixed,raw,2024-07-02,D,daily,0.6460902630178554,32,7,25,tfidf
mixed_raw_daily,mixed_raw,mixed,raw,2024-07-03,D,daily,0.7272148801596171,16,2,14,tfidf
mixed_raw_daily,mixed_raw,mixed,raw,2024-07-04,D,daily,0.7462455233160674,12,0,12,tfidf
mixed_raw_daily,mixed_raw,mixed,raw,2024-07-05,D,daily,0.784635643383135,7,2,5,tfidf
mixed_raw_daily,mixed_raw,mixed,raw,2024-07-06,D,daily,0.8377636363102968,6,1,5,tfidf
mixed_raw_daily,mixed_raw,mixed,raw,2024-07-07,D,daily,0.7855013042871054,11,1,10,tfidf
mixed_raw_daily,mixed_raw,mixed,raw,2024-07-08,D,daily,0.6362732501207286,19,5,14,tfidf
mixed_raw_daily,mixed_raw,mixed,raw,2024-07-09,D,daily,0.6932350801724592,10,1,9,tfidf
mixed_raw_daily,mixed_raw,mixed,raw,2024-07-10,D,daily,0.6349248230505988,22,1,21,tfidf
mixed_raw_daily,mixed_raw,mixed,raw,2024-07-11,D,daily,0.5435431564392504,24,4,20,tfidf
mixed_raw_daily,mixed_raw,mixed,raw,2024-07-13,D,daily,0.7188634839890351,8,1,7,tfidf
mixed_raw_daily,mixed_raw,mixed,raw,2024-07-14,D,daily,0.8260739722890299,33,2,31,tfidf
mixed_raw_daily,mixed_raw,mixed,raw,2024-07-15,D,daily,0.5388366162681231,20,0,20,tfidf
mixed_raw_daily,mixed_raw,mixed,raw,2024-07-16,D,daily,0.8625105253040178,6,6,0,tfidf
mixed_raw_daily,mixed_raw,mixed,raw,2024-07-17,D,daily,0.7864069394525335,25,5,20,tfidf
mixed_raw_daily,mixed_raw,mixed,raw,2024-07-18,D,daily,0.44549644539585653,28,8,20,tfidf
mixed_raw_daily,mixed_raw,mixed,raw,2024-07-19,D,daily,0.549437352266724,21,1,20,tfidf
mixed_raw_daily,mixed_raw,mixed,raw,2024-07-20,D,daily,0.46472358043907835,15,2,13,tfidf
mixed_raw_daily,mixed_raw,mixed,raw,2024-07-21,D,daily,0.496401513855952,15,2,13,tfidf
mixed_raw_daily,mixed_raw,mixed,raw,2024-07-22,D,daily,0.390211105589817,20,0,20,tfidf
mixed_raw_daily,mixed_raw,mixed,raw,2024-07-23,D,daily,0.5141281942138727,25,5,20,tfidf
mixed_raw_daily,mixed_raw,mixed,raw,2024-07-24,D,daily,0.5746827869858783,19,0,19,tfidf
mixed_raw_daily,mixed_raw,mixed,raw,2024-07-25,D,daily,0.8774101949961586,15,4,11,tfidf
mixed_raw_daily,mixed_raw,mixed,raw,2024-07-26,D,daily,0.8796584815263592,23,2,21,tfidf
mixed_raw_daily,mixed_raw,mixed,raw,2024-07-27,D,daily,0.7558501793937853,11,3,8,tfidf
mixed_raw_daily,mixed_raw,mixed,raw,2024-07-29,D,daily,0.8050749596075377,12,0,12,tfidf
mixed_raw_daily,mixed_raw,mixed,raw,2024-07-30,D,daily,0.5606575556933768,21,1,20,tfidf
mixed_raw_daily,mixed_raw,mixed,raw,2024-07-31,D,daily,0.5747635587071404,16,0,16,tfidf
mixed_raw_daily,mixed_raw,mixed,raw,2024-08-01,D,daily,0.5248345859441177,74,6,68,tfidf
mixed_raw_daily,mixed_raw,mixed,raw,2024-08-02,D,daily,0.5110247270201769,22,7,15,tfidf
mixed_raw_daily,mixed_raw,mixed,raw,2024-08-03,D,daily,0.5660310951266898,22,1,21,tfidf
mixed_raw_daily,mixed_raw,mixed,raw,2024-08-04,D,daily,0.49398826184352407,16,1,15,tfidf
mixed_raw_daily,mixed_raw,mixed,raw,2024-08-05,D,daily,0.7510973148205538,7,4,3,tfidf
mixed_raw_daily,mixed_raw,mixed,raw,2024-08-06,D,daily,0.810999819214944,20,3,17,tfidf
mixed_raw_daily,mixed_raw,mixed,raw,2024-08-07,D,daily,0.6711038082444918,14,5,9,tfidf
mixed_raw_daily,mixed_raw,mixed,raw,2024-08-08,D,daily,0.6398953628511929,15,1,14,tfidf
mixed_raw_daily,mixed_raw,mixed,raw,2024-08-09,D,daily,0.512745233221904,9,1,8,tfidf
mixed_raw_daily,mixed_raw,mixed,raw,2024-08-10,D,daily,0.5623253972063164,9,0,9,tfidf
mixed_raw_daily,mixed_raw,mixed,raw,2024-08-11,D,daily,0.7026872021478805,8,0,8,tfidf
mixed_raw_daily,mixed_raw,mixed,raw,2024-08-12,D,daily,0.7391293691719016,9,0,9,tfidf
mixed_raw_daily,mixed_raw,mixed,raw,2024-08-13,D,daily,0.5754943024646665,26,3,23,tfidf
mixed_raw_daily,mixed_raw,mixed,raw,2024-08-14,D,daily,0.5392429584530565,22,5,17,tfidf
mixed_raw_daily,mixed_raw,mixed,raw,2024-08-15,D,daily,0.5846675301619941,25,3,22,tfidf
mixed_raw_daily,mixed_raw,mixed,raw,2024-08-16,D,daily,0.645924280866165,9,4,5,tfidf
mixed_raw_daily,mixed_raw,mixed,raw,2024-08-17,D,daily,0.7632741239559055,10,3,7,tfidf
mixed_raw_daily,mixed_raw,mixed,raw,2024-08-18,D,daily,0.6755575288595124,26,0,26,tfidf
mixed_raw_daily,mixed_raw,mixed,raw,2024-08-19,D,daily,0.531761132796454,15,0,15,tfidf
mixed_raw_daily,mixed_raw,mixed,raw,2024-08-20,D,daily,0.5035078011266447,16,2,14,tfidf
mixed_raw_daily,mixed_raw,mixed,raw,2024-08-21,D,daily,0.5243066701367458,28,9,19,tfidf
mixed_raw_daily,mixed_raw,mixed,raw,2024-08-22,D,daily,0.44142056493195936,26,7,19,tfidf
mixed_raw_daily,mixed_raw,mixed,raw,2024-08-23,D,daily,0.5599528151915145,16,1,15,tfidf
mixed_raw_daily,mixed_raw,mixed,raw,2024-08-24,D,daily,0.6087900099776742,16,4,12,tfidf
mixed_raw_daily,mixed_raw,mixed,raw,2024-08-25,D,daily,0.5274794771521782,24,0,24,tfidf
mixed_raw_daily,mixed_raw,mixed,raw,2024-08-26,D,daily,0.6291801338957115,14,1,13,tfidf
mixed_raw_daily,mixed_raw,mixed,raw,2024-08-27,D,daily,0.6911532681877763,24,9,15,tfidf
mixed_raw_daily,mixed_raw,mixed,raw,2024-08-28,D,daily,0.6559630590404524,23,4,19,tfidf
mixed_raw_daily,mixed_raw,mixed,raw,2024-08-29,D,daily,0.6092739758132771,17,0,17,tfidf
mixed_raw_daily,mixed_raw,mixed,raw,2024-08-30,D,daily,0.5356815727624418,42,0,42,tfidf
mixed_raw_daily,mixed_raw,mixed,raw,2024-08-31,D,daily,0.4975693903621732,17,1,16,tfidf
mixed_raw_daily,mixed_raw,mixed,raw,2024-09-01,D,daily,0.5311086316525315,31,0,31,tfidf
mixed_raw_daily,mixed_raw,mixed,raw,2024-09-02,D,daily,0.6125704341638362,19,4,15,tfidf
mixed_raw_daily,mixed_raw,mixed,raw,2024-09-03,D,daily,0.7571992703878175,10,4,6,tfidf
mixed_raw_daily,mixed_raw,mixed,raw,2024-09-04,D,daily,0.5727199684861339,23,6,17,tfidf
mixed_raw_daily,mixed_raw,mixed,raw,2024-09-05,D,daily,0.527356519835017,18,3,15,tfidf
mixed_raw_daily,mixed_raw,mixed,raw,2024-09-06,D,daily,0.5454361902943266,22,5,17,tfidf
mixed_raw_daily,mixed_raw,mixed,raw,2024-09-07,D,daily,0.7123484164089495,7,0,7,tfidf
mixed_raw_daily,mixed_raw,mixed,raw,2024-09-08,D,daily,0.7015477035493975,20,0,20,tfidf
mixed_raw_daily,mixed_raw,mixed,raw,2024-09-09,D,daily,0.6597965944521045,22,2,20,tfidf
mixed_raw_daily,mixed_raw,mixed,raw,2024-09-10,D,daily,0.6000786009242463,18,5,13,tfidf
mixed_raw_daily,mixed_raw,mixed,raw,2024-09-11,D,daily,0.6144735839168587,23,3,20,tfidf
mixed_raw_daily,mixed_raw,mixed,raw,2024-09-12,D,daily,0.5335790704309372,13,4,9,tfidf
mixed_raw_daily,mixed_raw,mixed,raw,2024-09-13,D,daily,0.5544227950466853,25,5,20,tfidf
mixed_raw_daily,mixed_raw,mixed,raw,2024-09-14,D,daily,0.6363722888550527,5,2,3,tfidf
mixed_raw_daily,mixed_raw,mixed,raw,2024-09-15,D,daily,0.7102007757857588,20,0,20,tfidf
mixed_raw_daily,mixed_raw,mixed,raw,2024-09-16,D,daily,0.5750592736834023,14,3,11,tfidf
mixed_raw_daily,mixed_raw,mixed,raw,2024-09-17,D,daily,0.4914763275140639,22,2,20,tfidf
mixed_raw_daily,mixed_raw,mixed,raw,2024-09-18,D,daily,0.477813892559802,15,1,14,tfidf
mixed_raw_daily,mixed_raw,mixed,raw,2024-09-19,D,daily,0.6143359579449256,16,3,13,tfidf
mixed_raw_daily,mixed_raw,mixed,raw,2024-09-20,D,daily,0.5215174273906101,25,5,20,tfidf
mixed_raw_daily,mixed_raw,mixed,raw,2024-09-21,D,daily,0.5510032698496303,6,0,6,tfidf
mixed_raw_daily,mixed_raw,mixed,raw,2024-09-22,D,daily,0.5918749423196714,21,0,21,tfidf
mixed_raw_daily,mixed_raw,mixed,raw,2024-09-23,D,daily,0.4874426625121979,25,5,20,tfidf
mixed_raw_daily,mixed_raw,mixed,raw,2024-09-24,D,daily,0.5184116185852288,18,2,16,tfidf
mixed_raw_daily,mixed_raw,mixed,raw,2024-09-25,D,daily,0.6390489645491757,32,11,21,tfidf
mixed_raw_daily,mixed_raw,mixed,raw,2024-09-26,D,daily,0.6488706732719086,16,0,16,tfidf
mixed_raw_daily,mixed_raw,mixed,raw,2024-09-27,D,daily,0.6055975013313025,23,7,16,tfidf
mixed_raw_daily,mixed_raw,mixed,raw,2024-09-29,D,daily,0.6100954277360049,18,0,18,tfidf
mixed_raw_daily,mixed_raw,mixed,raw,2024-09-30,D,daily,0.505188598543723,26,2,24,tfidf
mixed_raw_daily,mixed_raw,mixed,raw,2024-10-01,D,daily,0.4541806120941171,65,1,64,tfidf
mixed_raw_daily,mixed_raw,mixed,raw,2024-10-02,D,daily,0.6380842842582445,12,2,10,tfidf
mixed_raw_daily,mixed_raw,mixed,raw,2024-10-03,D,daily,0.7008120918699404,19,2,17,tfidf
mixed_raw_daily,mixed_raw,mixed,raw,2024-10-04,D,daily,0.6212343752472305,15,3,12,tfidf
mixed_raw_daily,mixed_raw,mixed,raw,2024-10-05,D,daily,0.6323656453780165,12,2,10,tfidf
mixed_raw_daily,mixed_raw,mixed,raw,2024-10-06,D,daily,0.8169699945605113,15,0,15,tfidf
mixed_raw_daily,mixed_raw,mixed,raw,2024-10-07,D,daily,0.7365209613691067,16,5,11,tfidf
mixed_raw_daily,mixed_raw,mixed,raw,2024-10-08,D,daily,0.5275080771994172,20,0,20,tfidf
mixed_raw_daily,mixed_raw,mixed,raw,2024-10-09,D,daily,0.45044001157275426,14,2,12,tfidf
mixed_raw_daily,mixed_raw,mixed,raw,2024-10-10,D,daily,0.6641362564830926,17,5,12,tfidf
mixed_raw_daily,mixed_raw,mixed,raw,2024-10-11,D,daily,0.6645479595975307,29,4,25,tfidf
mixed_raw_daily,mixed_raw,mixed,raw,2024-10-12,D,daily,0.4894076192598551,13,2,11,tfidf
mixed_raw_daily,mixed_raw,mixed,raw,2024-10-13,D,daily,0.5507014518275986,23,1,22,tfidf
mixed_raw_daily,mixed_raw,mixed,raw,2024-10-14,D,daily,0.6164848152176481,15,2,13,tfidf
mixed_raw_daily,mixed_raw,mixed,raw,2024-10-15,D,daily,0.8950243324924915,6,2,4,tfidf
mixed_raw_daily,mixed_raw,mixed,raw,2024-10-16,D,daily,0.8603707544942412,26,1,25,tfidf
mixed_raw_daily,mixed_raw,mixed,raw,2024-10-17,D,daily,0.5173289513802882,18,1,17,tfidf
mixed_raw_daily,mixed_raw,mixed,raw,2024-10-18,D,daily,0.5814757624171741,17,3,14,tfidf
mixed_raw_daily,mixed_raw,mixed,raw,2024-10-19,D,daily,0.6450196692988224,8,1,7,tfidf
mixed_raw_daily,mixed_raw,mixed,raw,2024-10-20,D,daily,0.7929489237427787,18,2,16,tfidf
mixed_raw_daily,mixed_raw,mixed,raw,2024-10-21,D,daily,0.738902705658196,14,10,4,tfidf
mixed_raw_daily,mixed_raw,mixed,raw,2024-10-23,D,daily,0.6842337028758878,21,1,20,tfidf
mixed_raw_daily,mixed_raw,mixed,raw,2024-10-24,D,daily,0.5218577500565538,22,5,17,tfidf
mixed_raw_daily,mixed_raw,mixed,raw,2024-10-25,D,daily,0.530531294035276,28,5,23,tfidf
mixed_raw_daily,mixed_raw,mixed,raw,2024-10-26,D,daily,0.7496710943572003,8,3,5,tfidf
mixed_raw_daily,mixed_raw,mixed,raw,2024-10-27,D,daily,0.6966686886941125,24,3,21,tfidf
mixed_raw_daily,mixed_raw,mixed,raw,2024-10-28,D,daily,0.5749137284623919,23,4,19,tfidf
mixed_raw_daily,mixed_raw,mixed,raw,2024-10-29,D,daily,0.6487221500178177,9,0,9,tfidf
mixed_raw_daily,mixed_raw,mixed,raw,2024-10-31,D,daily,0.6175816186261165,40,2,38,tfidf
mixed_raw_daily,mixed_raw,mixed,raw,2024-11-01,D,daily,0.3908060511495617,61,8,53,tfidf
mixed_raw_daily,mixed_raw,mixed,raw,2024-11-02,D,daily,0.5695307210139509,10,0,10,tfidf
mixed_raw_daily,mixed_raw,mixed,raw,2024-11-03,D,daily,0.7027618732799152,15,3,12,tfidf
mixed_raw_daily,mixed_raw,mixed,raw,2024-11-04,D,daily,0.6298851732948111,29,2,27,tfidf
mixed_raw_daily,mixed_raw,mixed,raw,2024-11-05,D,daily,0.5079408751488717,25,5,20,tfidf
mixed_raw_daily,mixed_raw,mixed,raw,2024-11-06,D,daily,0.4565269395009106,23,3,20,tfidf
mixed_raw_daily,mixed_raw,mixed,raw,2024-11-08,D,daily,0.42139067443729417,23,3,20,tfidf
mixed_raw_daily,mixed_raw,mixed,raw,2024-11-09,D,daily,0.5916296734228182,6,1,5,tfidf
mixed_raw_daily,mixed_raw,mixed,raw,2024-11-10,D,daily,0.6875342369858115,23,0,23,tfidf
mixed_raw_daily,mixed_raw,mixed,raw,2024-11-11,D,daily,0.8248332127664197,6,6,0,tfidf
mixed_raw_daily,mixed_raw,mixed,raw,2024-11-13,D,daily,0.7516058658684766,20,5,15,tfidf
mixed_raw_daily,mixed_raw,mixed,raw,2024-11-14,D,daily,0.7291736200233124,5,1,4,tfidf
mixed_raw_daily,mixed_raw,mixed,raw,2024-11-15,D,daily,0.6172784104521967,25,7,18,tfidf
mixed_raw_daily,mixed_raw,mixed,raw,2024-11-16,D,daily,0.7178769633854568,11,0,11,tfidf
mixed_raw_daily,mixed_raw,mixed,raw,2024-11-17,D,daily,0.8356962626905164,9,1,8,tfidf
mixed_raw_daily,mixed_raw,mixed,raw,2024-11-18,D,daily,0.7803887814714098,11,2,9,tfidf
mixed_raw_daily,mixed_raw,mixed,raw,2024-11-19,D,daily,0.63831449213511,12,0,12,tfidf
mixed_raw_daily,mixed_raw,mixed,raw,2024-11-20,D,daily,0.5970828261032367,26,3,23,tfidf
mixed_raw_daily,mixed_raw,mixed,raw,2024-11-21,D,daily,0.6405225494794216,18,3,15,tfidf
mixed_raw_daily,mixed_raw,mixed,raw,2024-11-22,D,daily,0.6096008515856748,8,1,7,tfidf
mixed_raw_daily,mixed_raw,mixed,raw,2024-11-23,D,daily,0.6278732346357717,23,4,19,tfidf
mixed_raw_daily,mixed_raw,mixed,raw,2024-11-24,D,daily,0.7369712101875752,16,2,14,tfidf
mixed_raw_daily,mixed_raw,mixed,raw,2024-11-25,D,daily,0.7697757578349309,14,7,7,tfidf
mixed_raw_daily,mixed_raw,mixed,raw,2024-11-26,D,daily,0.8132805847455616,13,3,10,tfidf
mixed_raw_daily,mixed_raw,mixed,raw,2024-11-27,D,daily,0.7519415934319936,16,4,12,tfidf
mixed_raw_daily,mixed_raw,mixed,raw,2024-11-28,D,daily,0.6996091214470754,14,1,13,tfidf
mixed_raw_daily,mixed_raw,mixed,raw,2024-11-29,D,daily,0.6314165362668879,26,1,25,tfidf
mixed_raw_daily,mixed_raw,mixed,raw,2024-11-30,D,daily,0.6518097406038916,18,0,18,tfidf
mixed_raw_daily,mixed_raw,mixed,raw,2024-12-01,D,daily,0.6671607207007257,35,2,33,tfidf
mixed_raw_daily,mixed_raw,mixed,raw,2024-12-03,D,daily,0.6854837299645321,25,5,20,tfidf
mixed_raw_daily,mixed_raw,mixed,raw,2024-12-04,D,daily,0.7277212144349223,23,4,19,tfidf
mixed_raw_daily,mixed_raw,mixed,raw,2024-12-05,D,daily,0.7418725805366853,17,0,17,tfidf
mixed_raw_daily,mixed_raw,mixed,raw,2024-12-06,D,daily,0.6895696891373292,12,1,11,tfidf
mixed_raw_daily,mixed_raw,mixed,raw,2024-12-08,D,daily,0.7271964981431545,20,1,19,tfidf
mixed_raw_daily,mixed_raw,mixed,raw,2024-12-09,D,daily,0.6745187207514362,10,5,5,tfidf
mixed_raw_daily,mixed_raw,mixed,raw,2024-12-10,D,daily,0.7584555303602549,16,0,16,tfidf
mixed_raw_daily,mixed_raw,mixed,raw,2024-12-11,D,daily,0.6530683802001532,14,3,11,tfidf
mixed_raw_daily,mixed_raw,mixed,raw,2024-12-12,D,daily,0.8822344775727939,7,3,4,tfidf
mixed_raw_daily,mixed_raw,mixed,raw,2024-12-13,D,daily,0.8749814609375215,16,3,13,tfidf
mixed_raw_daily,mixed_raw,mixed,raw,2024-12-14,D,daily,0.72158535835154,9,0,9,tfidf
mixed_raw_daily,mixed_raw,mixed,raw,2024-12-15,D,daily,0.7048371351345148,18,1,17,tfidf
mixed_raw_daily,mixed_raw,mixed,raw,2024-12-16,D,daily,0.65510767290588,16,3,13,tfidf
mixed_raw_daily,mixed_raw,mixed,raw,2024-12-17,D,daily,0.6355354216519604,24,6,18,tfidf
mixed_raw_daily,mixed_raw,mixed,raw,2024-12-18,D,daily,0.6264471283881283,28,8,20,tfidf
mixed_raw_daily,mixed_raw,mixed,raw,2024-12-19,D,daily,0.6038968098906513,18,2,16,tfidf
mixed_raw_daily,mixed_raw,mixed,raw,2024-12-20,D,daily,0.6104487765584389,14,1,13,tfidf
mixed_raw_daily,mixed_raw,mixed,raw,2024-12-21,D,daily,0.7235617744467662,11,1,10,tfidf
mixed_raw_daily,mixed_raw,mixed,raw,2024-12-22,D,daily,0.7508823113855999,6,0,6,tfidf
mixed_raw_daily,mixed_raw,mixed,raw,2024-12-23,D,daily,0.8575310334847658,9,1,8,tfidf
mixed_raw_daily,mixed_raw,mixed,raw,2024-12-24,D,daily,0.8479021252058692,9,1,8,tfidf
mixed_raw_daily,mixed_raw,mixed,raw,2024-12-25,D,daily,0.8470161364700594,7,0,7,tfidf
mixed_raw_daily,mixed_raw,mixed,raw,2024-12-26,D,daily,0.7328680936243028,14,0,14,tfidf
mixed_raw_daily,mixed_raw,mixed,raw,2024-12-27,D,daily,0.8161364049633393,17,4,13,tfidf
mixed_raw_daily,mixed_raw,mixed,raw,2024-12-28,D,daily,0.8561279017758298,10,0,10,tfidf
mixed_raw_daily,mixed_raw,mixed,raw,2024-12-29,D,daily,0.8222686724244975,8,0,8,tfidf
mixed_raw_daily,mixed_raw,mixed,raw,2024-12-30,D,daily,0.8535799909877658,17,3,14,tfidf
mixed_raw_daily,mixed_raw,mixed,raw,2024-12-31,D,daily,0.8037555097295681,45,0,45,tfidf
mixed_raw_daily,mixed_raw,mixed,raw,2025-01-01,D,daily,0.5515931820452488,18,2,16,tfidf
mixed_raw_daily,mixed_raw,mixed,raw,2025-01-02,D,daily,0.6786630034411709,13,0,13,tfidf
mixed_raw_daily,mixed_raw,mixed,raw,2025-01-03,D,daily,0.6819475786801109,16,1,15,tfidf
mixed_raw_daily,mixed_raw,mixed,raw,2025-01-04,D,daily,0.7071029094439413,7,2,5,tfidf
mixed_raw_daily,mixed_raw,mixed,raw,2025-01-05,D,daily,0.8021410729735305,19,1,18,tfidf
mixed_raw_daily,mixed_raw,mixed,raw,2025-01-06,D,daily,0.6939624522370275,21,5,16,tfidf
mixed_raw_daily,mixed_raw,mixed,raw,2025-01-07,D,daily,0.5155682388239887,9,1,8,tfidf
mixed_raw_daily,mixed_raw,mixed,raw,2025-01-08,D,daily,0.6760037647086274,22,2,20,tfidf
mixed_raw_daily,mixed_raw,mixed,raw,2025-01-09,D,daily,0.6077541537119046,20,6,14,tfidf
mixed_raw_daily,mixed_raw,mixed,raw,2025-01-10,D,daily,0.720408650196668,5,2,3,tfidf
mixed_raw_daily,mixed_raw,mixed,raw,2025-01-11,D,daily,0.6959961096229044,18,1,17,tfidf
mixed_raw_daily,mixed_raw,mixed,raw,2025-01-12,D,daily,0.7162423155953859,6,1,5,tfidf
mixed_raw_daily,mixed_raw,mixed,raw,2025-01-13,D,daily,0.8089925902368373,8,5,3,tfidf
mixed_raw_daily,mixed_raw,mixed,raw,2025-01-14,D,daily,0.7464848284853124,18,1,17,tfidf
mixed_raw_daily,mixed_raw,mixed,raw,2025-01-15,D,daily,0.6556598781223272,22,1,21,tfidf
mixed_raw_daily,mixed_raw,mixed,raw,2025-01-16,D,daily,0.6096845645902619,16,5,11,tfidf
mixed_raw_daily,mixed_raw,mixed,raw,2025-01-17,D,daily,0.5816864753944693,21,2,19,tfidf
mixed_raw_daily,mixed_raw,mixed,raw,2025-01-19,D,daily,0.706625657985211,14,1,13,tfidf
mixed_raw_daily,mixed_raw,mixed,raw,2025-01-20,D,daily,0.7189988046167161,27,7,20,tfidf
mixed_raw_daily,mixed_raw,mixed,raw,2025-01-21,D,daily,0.5067102790208097,20,2,18,tfidf
mixed_raw_daily,mixed_raw,mixed,raw,2025-01-22,D,daily,0.5460421287866903,20,1,19,tfidf
mixed_raw_daily,mixed_raw,mixed,raw,2025-01-23,D,daily,0.5241140751919765,26,7,19,tfidf
mixed_raw_daily,mixed_raw,mixed,raw,2025-01-24,D,daily,0.6403458327066373,20,5,15,tfidf
mixed_raw_daily,mixed_raw,mixed,raw,2025-01-25,D,daily,0.6537040241244199,12,1,11,tfidf
mixed_raw_daily,mixed_raw,mixed,raw,2025-01-26,D,daily,0.7644190825924908,16,1,15,tfidf
mixed_raw_daily,mixed_raw,mixed,raw,2025-01-27,D,daily,0.7971405950034571,10,2,8,tfidf
mixed_raw_daily,mixed_raw,mixed,raw,2025-01-28,D,daily,0.8219089590826607,19,2,17,tfidf
mixed_raw_daily,mixed_raw,mixed,raw,2025-01-29,D,daily,0.739444961438144,23,3,20,tfidf
mixed_raw_daily,mixed_raw,mixed,raw,2025-01-30,D,daily,0.5266972527708876,26,5,21,tfidf
mixed_raw_daily,mixed_raw,mixed,raw,2025-01-31,D,daily,0.5856139875040041,32,3,29,tfidf
mixed_raw_daily,mixed_raw,mixed,raw,2025-02-01,D,daily,0.6138936074519135,30,0,30,tfidf
mixed_raw_daily,mixed_raw,mixed,raw,2025-02-02,D,daily,0.5993804891052995,14,0,14,tfidf
mixed_raw_daily,mixed_raw,mixed,raw,2025-02-03,D,daily,0.7218272031554762,26,6,20,tfidf
mixed_raw_daily,mixed_raw,mixed,raw,2025-02-04,D,daily,0.6949086974913111,26,5,21,tfidf
mixed_raw_daily,mixed_raw,mixed,raw,2025-02-05,D,daily,0.570271325169954,23,3,20,tfidf
mixed_raw_daily,mixed_raw,mixed,raw,2025-02-06,D,daily,0.514590527803092,27,7,20,tfidf
mixed_raw_daily,mixed_raw,mixed,raw,2025-02-07,D,daily,0.4810175358276175,20,5,15,tfidf
mixed_raw_daily,mixed_raw,mixed,raw,2025-02-08,D,daily,0.6785334377354326,9,0,9,tfidf
mixed_raw_daily,mixed_raw,mixed,raw,2025-02-09,D,daily,0.8413918833470349,16,1,15,tfidf
mixed_raw_daily,mixed_raw,mixed,raw,2025-02-10,D,daily,0.7453419541701322,11,1,10,tfidf
mixed_raw_daily,mixed_raw,mixed,raw,2025-02-12,D,daily,0.5898114478180886,21,4,17,tfidf
mixed_raw_daily,mixed_raw,mixed,raw,2025-02-13,D,daily,0.6396458174201294,15,5,10,tfidf
mixed_raw_daily,mixed_raw,mixed,raw,2025-02-14,D,daily,0.6726161181722081,21,4,17,tfidf
mixed_raw_daily,mixed_raw,mixed,raw,2025-02-16,D,daily,0.6018502538680277,20,0,20,tfidf
mixed_raw_daily,mixed_raw,mixed,raw,2025-02-17,D,daily,0.6532788494193315,10,2,8,tfidf
mixed_raw_daily,mixed_raw,mixed,raw,2025-02-18,D,daily,0.5652164792402077,20,0,20,tfidf
mixed_raw_daily,mixed_raw,mixed,raw,2025-02-19,D,daily,0.47446885341758593,29,5,24,tfidf
mixed_split_minority_day_daily,mixed_split_minority_day,mixed,split_minority_day,2024-02-07,D,daily,0.6882965110654353,8,4,4,tfidf
mixed_split_minority_day_daily,mixed_split_minority_day,mixed,split_minority_day,2024-02-08,D,daily,0.7621582861303743,36,18,18,tfidf
mixed_split_minority_day_daily,mixed_split_minority_day,mixed,split_minority_day,2024-02-11,D,daily,0.6861118288562598,38,19,19,tfidf
mixed_split_minority_day_daily,mixed_split_minority_day,mixed,split_minority_day,2024-02-12,D,daily,0.5915781342855735,38,19,19,tfidf
mixed_split_minority_day_daily,mixed_split_minority_day,mixed,split_minority_day,2024-02-15,D,daily,0.6681179630996483,40,20,20,tfidf
mixed_split_minority_day_daily,mixed_split_minority_day,mixed,split_minority_day,2024-02-16,D,daily,0.5572190047463657,40,20,20,tfidf
mixed_split_minority_day_daily,mixed_split_minority_day,mixed,split_minority_day,2024-02-17,D,daily,0.45887489616702415,30,15,15,tfidf
mixed_split_minority_day_daily,mixed_split_minority_day,mixed,split_minority_day,2024-02-20,D,daily,0.7193515558734557,38,19,19,tfidf
mixed_split_minority_day_daily,mixed_split_minority_day,mixed,split_minority_day,2024-02-22,D,daily,0.751259861196268,34,17,17,tfidf
mixed_split_minority_day_daily,mixed_split_minority_day,mixed,split_minority_day,2024-02-23,D,daily,0.7078335138518828,32,16,16,tfidf
mixed_split_minority_day_daily,mixed_split_minority_day,mixed,split_minority_day,2024-02-25,D,daily,0.6916176826199335,46,23,23,tfidf
mixed_split_minority_day_daily,mixed_split_minority_day,mixed,split_minority_day,2024-02-26,D,daily,0.6221946110620713,26,13,13,tfidf
mixed_split_minority_day_daily,mixed_split_minority_day,mixed,split_minority_day,2024-02-27,D,daily,0.7720887957442604,12,6,6,tfidf
mixed_split_minority_day_daily,mixed_split_minority_day,mixed,split_minority_day,2024-02-28,D,daily,0.7076457277070836,44,22,22,tfidf
mixed_split_minority_day_daily,mixed_split_minority_day,mixed,split_minority_day,2024-02-29,D,daily,0.61680282289815,38,19,19,tfidf
mixed_split_minority_day_daily,mixed_split_minority_day,mixed,split_minority_day,2024-03-01,D,daily,0.6454432243984187,128,64,64,tfidf
mixed_split_minority_day_daily,mixed_split_minority_day,mixed,split_minority_day,2024-03-03,D,daily,0.6184568023162325,30,15,15,tfidf
mixed_split_minority_day_daily,mixed_split_minority_day,mixed,split_minority_day,2024-03-04,D,daily,0.7256132954842938,40,20,20,tfidf
mixed_split_minority_day_daily,mixed_split_minority_day,mixed,split_minority_day,2024-03-06,D,daily,0.5753258858441513,22,11,11,tfidf
mixed_split_minority_day_daily,mixed_split_minority_day,mixed,split_minority_day,2024-03-07,D,daily,0.6412202711599475,30,15,15,tfidf
mixed_split_minority_day_daily,mixed_split_minority_day,mixed,split_minority_day,2024-03-08,D,daily,0.7695837576170621,6,3,3,tfidf
mixed_split_minority_day_daily,mixed_split_minority_day,mixed,split_minority_day,2024-03-10,D,daily,0.7613115216926056,40,20,20,tfidf
mixed_split_minority_day_daily,mixed_split_minority_day,mixed,split_minority_day,2024-03-11,D,daily,0.7058186259193903,32,16,16,tfidf
mixed_split_minority_day_daily,mixed_split_minority_day,mixed,split_minority_day,2024-03-12,D,daily,0.6813094335909948,26,13,13,tfidf
mixed_split_minority_day_daily,mixed_split_minority_day,mixed,split_minority_day,2024-03-13,D,daily,0.7017319777172764,40,20,20,tfidf
mixed_split_minority_day_daily,mixed_split_minority_day,mixed,split_minority_day,2024-03-14,D,daily,0.6053531942970628,28,14,14,tfidf
mixed_split_minority_day_daily,mixed_split_minority_day,mixed,split_minority_day,2024-03-16,D,daily,0.7617013066396833,18,9,9,tfidf
mixed_split_minority_day_daily,mixed_split_minority_day,mixed,split_minority_day,2024-03-17,D,daily,0.8303250169895602,42,21,21,tfidf
mixed_split_minority_day_daily,mixed_split_minority_day,mixed,split_minority_day,2024-03-19,D,daily,0.8520317639123437,8,4,4,tfidf
mixed_split_minority_day_daily,mixed_split_minority_day,mixed,split_minority_day,2024-03-20,D,daily,0.7189477705345675,38,19,19,tfidf
mixed_split_minority_day_daily,mixed_split_minority_day,mixed,split_minority_day,2024-03-21,D,daily,0.7178078225369128,18,9,9,tfidf
mixed_split_minority_day_daily,mixed_split_minority_day,mixed,split_minority_day,2024-03-22,D,daily,0.689756815316886,24,12,12,tfidf
mixed_split_minority_day_daily,mixed_split_minority_day,mixed,split_minority_day,2024-03-24,D,daily,0.8225236170320352,30,15,15,tfidf
mixed_split_minority_day_daily,mixed_split_minority_day,mixed,split_minority_day,2024-03-25,D,daily,0.8502217072893362,24,12,12,tfidf
mixed_split_minority_day_daily,mixed_split_minority_day,mixed,split_minority_day,2024-03-26,D,daily,0.6034779802560393,40,20,20,tfidf
mixed_split_minority_day_daily,mixed_split_minority_day,mixed,split_minority_day,2024-03-27,D,daily,0.7430594120341228,22,11,11,tfidf
mixed_split_minority_day_daily,mixed_split_minority_day,mixed,split_minority_day,2024-03-28,D,daily,0.786754908529625,36,18,18,tfidf
mixed_split_minority_day_daily,mixed_split_minority_day,mixed,split_minority_day,2024-03-29,D,daily,0.7097208560410702,60,30,30,tfidf
mixed_split_minority_day_daily,mixed_split_minority_day,mixed,split_minority_day,2024-03-31,D,daily,0.7841653620272968,14,7,7,tfidf
mixed_split_minority_day_daily,mixed_split_minority_day,mixed,split_minority_day,2024-04-01,D,daily,0.5002357757686212,60,30,30,tfidf
mixed_split_minority_day_daily,mixed_split_minority_day,mixed,split_minority_day,2024-04-02,D,daily,0.5799266686583268,36,18,18,tfidf
mixed_split_minority_day_daily,mixed_split_minority_day,mixed,split_minority_day,2024-04-04,D,daily,0.5588649037055076,40,20,20,tfidf
mixed_split_minority_day_daily,mixed_split_minority_day,mixed,split_minority_day,2024-04-05,D,daily,0.6308935926591162,40,20,20,tfidf
mixed_split_minority_day_daily,mixed_split_minority_day,mixed,split_minority_day,2024-04-06,D,daily,0.7807201868011329,26,13,13,tfidf
mixed_split_minority_day_daily,mixed_split_minority_day,mixed,split_minority_day,2024-04-07,D,daily,0.8596395140700264,24,12,12,tfidf
mixed_split_minority_day_daily,mixed_split_minority_day,mixed,split_minority_day,2024-04-08,D,daily,0.8223301240972437,34,17,17,tfidf
mixed_split_minority_day_daily,mixed_split_minority_day,mixed,split_minority_day,2024-04-09,D,daily,0.72344781100232,34,17,17,tfidf
mixed_split_minority_day_daily,mixed_split_minority_day,mixed,split_minority_day,2024-04-10,D,daily,0.7303467858346607,40,20,20,tfidf
mixed_split_minority_day_daily,mixed_split_minority_day,mixed,split_minority_day,2024-04-12,D,daily,0.700797321488069,16,8,8,tfidf
mixed_split_minority_day_daily,mixed_split_minority_day,mixed,split_minority_day,2024-04-16,D,daily,0.6847525403096167,40,20,20,tfidf
mixed_split_minority_day_daily,mixed_split_minority_day,mixed,split_minority_day,2024-04-17,D,daily,0.8240304195120702,10,5,5,tfidf
mixed_split_minority_day_daily,mixed_split_minority_day,mixed,split_minority_day,2024-04-24,D,daily,0.7859270211325451,40,20,20,tfidf
mixed_split_minority_day_daily,mixed_split_minority_day,mixed,split_minority_day,2024-04-25,D,daily,0.658078937742552,40,20,20,tfidf
mixed_split_minority_day_daily,mixed_split_minority_day,mixed,split_minority_day,2024-04-26,D,daily,0.5450934942657429,30,15,15,tfidf
mixed_split_minority_day_daily,mixed_split_minority_day,mixed,split_minority_day,2024-04-27,D,daily,0.5558791778846984,36,18,18,tfidf
mixed_split_minority_day_daily,mixed_split_minority_day,mixed,split_minority_day,2024-04-29,D,daily,0.6415157255649317,64,32,32,tfidf
mixed_split_minority_day_daily,mixed_split_minority_day,mixed,split_minority_day,2024-04-30,D,daily,0.5418262006906599,72,36,36,tfidf
mixed_split_minority_day_daily,mixed_split_minority_day,mixed,split_minority_day,2024-05-01,D,daily,0.46383692281780053,58,29,29,tfidf
mixed_split_minority_day_daily,mixed_split_minority_day,mixed,split_minority_day,2024-05-02,D,daily,0.5748762280606169,40,20,20,tfidf
mixed_split_minority_day_daily,mixed_split_minority_day,mixed,split_minority_day,2024-05-03,D,daily,0.5691333953727203,22,11,11,tfidf
mixed_split_minority_day_daily,mixed_split_minority_day,mixed,split_minority_day,2024-05-05,D,daily,0.727118269301308,36,18,18,tfidf
mixed_split_minority_day_daily,mixed_split_minority_day,mixed,split_minority_day,2024-05-07,D,daily,0.6950754689803461,26,13,13,tfidf
mixed_split_minority_day_daily,mixed_split_minority_day,mixed,split_minority_day,2024-05-08,D,daily,0.7399609058803529,18,9,9,tfidf
mixed_split_minority_day_daily,mixed_split_minority_day,mixed,split_minority_day,2024-05-09,D,daily,0.7686208336148161,40,20,20,tfidf
mixed_split_minority_day_daily,mixed_split_minority_day,mixed,split_minority_day,2024-05-10,D,daily,0.7680277004132989,18,9,9,tfidf
mixed_split_minority_day_daily,mixed_split_minority_day,mixed,split_minority_day,2024-05-12,D,daily,0.7053013497119225,40,20,20,tfidf
mixed_split_minority_day_daily,mixed_split_minority_day,mixed,split_minority_day,2024-05-13,D,daily,0.7542760415825964,20,10,10,tfidf
mixed_split_minority_day_daily,mixed_split_minority_day,mixed,split_minority_day,2024-05-14,D,daily,0.7667807973320973,26,13,13,tfidf
mixed_split_minority_day_daily,mixed_split_minority_day,mixed,split_minority_day,2024-05-15,D,daily,0.7699017016758618,32,16,16,tfidf
mixed_split_minority_day_daily,mixed_split_minority_day,mixed,split_minority_day,2024-05-16,D,daily,0.5402834840101561,32,16,16,tfidf
mixed_split_minority_day_daily,mixed_split_minority_day,mixed,split_minority_day,2024-05-19,D,daily,0.7039931235465514,36,18,18,tfidf
mixed_split_minority_day_daily,mixed_split_minority_day,mixed,split_minority_day,2024-05-20,D,daily,0.7544040336387723,40,20,20,tfidf
mixed_split_minority_day_daily,mixed_split_minority_day,mixed,split_minority_day,2024-05-21,D,daily,0.691854897879674,6,3,3,tfidf
mixed_split_minority_day_daily,mixed_split_minority_day,mixed,split_minority_day,2024-05-22,D,daily,0.7584989638042042,36,18,18,tfidf
mixed_split_minority_day_daily,mixed_split_minority_day,mixed,split_minority_day,2024-05-26,D,daily,0.8211114338030796,34,17,17,tfidf
mixed_split_minority_day_daily,mixed_split_minority_day,mixed,split_minority_day,2024-05-28,D,daily,0.8319068202426294,36,18,18,tfidf
mixed_split_minority_day_daily,mixed_split_minority_day,mixed,split_minority_day,2024-05-29,D,daily,0.7393343559811297,24,12,12,tfidf
mixed_split_minority_day_daily,mixed_split_minority_day,mixed,split_minority_day,2024-05-30,D,daily,0.728908075734227,30,15,15,tfidf
mixed_split_minority_day_daily,mixed_split_minority_day,mixed,split_minority_day,2024-05-31,D,daily,0.6344120406400592,24,12,12,tfidf
mixed_split_minority_day_daily,mixed_split_minority_day,mixed,split_minority_day,2024-06-03,D,daily,0.7820545158410603,24,12,12,tfidf
mixed_split_minority_day_daily,mixed_split_minority_day,mixed,split_minority_day,2024-06-04,D,daily,0.7245676155939432,16,8,8,tfidf
mixed_split_minority_day_daily,mixed_split_minority_day,mixed,split_minority_day,2024-06-07,D,daily,0.7460785426363505,22,11,11,tfidf
mixed_split_minority_day_daily,mixed_split_minority_day,mixed,split_minority_day,2024-06-09,D,daily,0.7779422367202486,32,16,16,tfidf
mixed_split_minority_day_daily,mixed_split_minority_day,mixed,split_minority_day,2024-06-10,D,daily,0.7165987889434636,12,6,6,tfidf
mixed_split_minority_day_daily,mixed_split_minority_day,mixed,split_minority_day,2024-06-11,D,daily,0.7316781186215523,40,20,20,tfidf
mixed_split_minority_day_daily,mixed_split_minority_day,mixed,split_minority_day,2024-06-12,D,daily,0.5575721999532312,32,16,16,tfidf
mixed_split_minority_day_daily,mixed_split_minority_day,mixed,split_minority_day,2024-06-13,D,daily,0.6280210257780308,32,16,16,tfidf
mixed_split_minority_day_daily,mixed_split_minority_day,mixed,split_minority_day,2024-06-14,D,daily,0.746486662810912,18,9,9,tfidf
mixed_split_minority_day_daily,mixed_split_minority_day,mixed,split_minority_day,2024-06-15,D,daily,0.850273112656567,10,5,5,tfidf
mixed_split_minority_day_daily,mixed_split_minority_day,mixed,split_minority_day,2024-06-16,D,daily,0.8646795645906791,40,20,20,tfidf
mixed_split_minority_day_daily,mixed_split_minority_day,mixed,split_minority_day,2024-06-18,D,daily,0.7290761198719262,38,19,19,tfidf
mixed_split_minority_day_daily,mixed_split_minority_day,mixed,split_minority_day,2024-06-20,D,daily,0.6623846471954556,34,17,17,tfidf
mixed_split_minority_day_daily,mixed_split_minority_day,mixed,split_minority_day,2024-06-21,D,daily,0.6086056580743704,22,11,11,tfidf
mixed_split_minority_day_daily,mixed_split_minority_day,mixed,split_minority_day,2024-06-22,D,daily,0.7355174438083993,14,7,7,tfidf
mixed_split_minority_day_daily,mixed_split_minority_day,mixed,split_minority_day,2024-06-23,D,daily,0.8570851826349877,22,11,11,tfidf
mixed_split_minority_day_daily,mixed_split_minority_day,mixed,split_minority_day,2024-06-24,D,daily,0.7992384776412962,42,21,21,tfidf
mixed_split_minority_day_daily,mixed_split_minority_day,mixed,split_minority_day,2024-06-25,D,daily,0.698591828359985,22,11,11,tfidf
mixed_split_minority_day_daily,mixed_split_minority_day,mixed,split_minority_day,2024-06-26,D,daily,0.6293917133237776,40,20,20,tfidf
mixed_split_minority_day_daily,mixed_split_minority_day,mixed,split_minority_day,2024-06-27,D,daily,0.6654740671508497,26,13,13,tfidf
mixed_split_minority_day_daily,mixed_split_minority_day,mixed,split_minority_day,2024-06-28,D,daily,0.6653653106703187,42,21,21,tfidf
mixed_split_minority_day_daily,mixed_split_minority_day,mixed,split_minority_day,2024-06-29,D,daily,0.6002222858893275,28,14,14,tfidf
mixed_split_minority_day_daily,mixed_split_minority_day,mixed,split_minority_day,2024-07-01,D,daily,0.5814723550986516,84,42,42,tfidf
mixed_split_minority_day_daily,mixed_split_minority_day,mixed,split_minority_day,2024-07-02,D,daily,0.645967767552897,50,25,25,tfidf
mixed_split_minority_day_daily,mixed_split_minority_day,mixed,split_minority_day,2024-07-03,D,daily,0.7270726976234153,28,14,14,tfidf
mixed_split_minority_day_daily,mixed_split_minority_day,mixed,split_minority_day,2024-07-05,D,daily,0.8188984320079319,10,5,5,tfidf
mixed_split_minority_day_daily,mixed_split_minority_day,mixed,split_minority_day,2024-07-06,D,daily,0.8377636363102968,10,5,5,tfidf
mixed_split_minority_day_daily,mixed_split_minority_day,mixed,split_minority_day,2024-07-07,D,daily,0.7855309707142848,20,10,10,tfidf
mixed_split_minority_day_daily,mixed_split_minority_day,mixed,split_minority_day,2024-07-08,D,daily,0.636272780974569,28,14,14,tfidf
mixed_split_minority_day_daily,mixed_split_minority_day,mixed,split_minority_day,2024-07-09,D,daily,0.6933024855284742,18,9,9,tfidf
mixed_split_minority_day_daily,mixed_split_minority_day,mixed,split_minority_day,2024-07-10,D,daily,0.6348960939378487,42,21,21,tfidf
mixed_split_minority_day_daily,mixed_split_minority_day,mixed,split_minority_day,2024-07-11,D,daily,0.5434773603802809,40,20,20,tfidf
mixed_split_minority_day_daily,mixed_split_minority_day,mixed,split_minority_day,2024-07-13,D,daily,0.7189053496753178,14,7,7,tfidf
mixed_split_minority_day_daily,mixed_split_minority_day,mixed,split_minority_day,2024-07-14,D,daily,0.8261046778829777,62,31,31,tfidf
mixed_split_minority_day_daily,mixed_split_minority_day,mixed,split_minority_day,2024-07-17,D,daily,0.5742536476208644,40,20,20,tfidf
mixed_split_minority_day_daily,mixed_split_minority_day,mixed,split_minority_day,2024-07-18,D,daily,0.4454943465876747,40,20,20,tfidf
mixed_split_minority_day_daily,mixed_split_minority_day,mixed,split_minority_day,2024-07-19,D,daily,0.5493948064756323,40,20,20,tfidf
mixed_split_minority_day_daily,mixed_split_minority_day,mixed,split_minority_day,2024-07-20,D,daily,0.4645849331528453,26,13,13,tfidf
mixed_split_minority_day_daily,mixed_split_minority_day,mixed,split_minority_day,2024-07-21,D,daily,0.4964740034563693,26,13,13,tfidf
mixed_split_minority_day_daily,mixed_split_minority_day,mixed,split_minority_day,2024-07-23,D,daily,0.502849593640989,40,20,20,tfidf
mixed_split_minority_day_daily,mixed_split_minority_day,mixed,split_minority_day,2024-07-25,D,daily,0.8942375677463779,22,11,11,tfidf
mixed_split_minority_day_daily,mixed_split_minority_day,mixed,split_minority_day,2024-07-26,D,daily,0.8796559253072075,42,21,21,tfidf
mixed_split_minority_day_daily,mixed_split_minority_day,mixed,split_minority_day,2024-07-27,D,daily,0.7557580129689871,16,8,8,tfidf
mixed_split_minority_day_daily,mixed_split_minority_day,mixed,split_minority_day,2024-07-30,D,daily,0.7826173034305182,40,20,20,tfidf
mixed_split_minority_day_daily,mixed_split_minority_day,mixed,split_minority_day,2024-08-01,D,daily,0.5170626306572405,136,68,68,tfidf
mixed_split_minority_day_daily,mixed_split_minority_day,mixed,split_minority_day,2024-08-02,D,daily,0.5110493514885883,30,15,15,tfidf
mixed_split_minority_day_daily,mixed_split_minority_day,mixed,split_minority_day,2024-08-03,D,daily,0.5669040824379855,42,21,21,tfidf
mixed_split_minority_day_daily,mixed_split_minority_day,mixed,split_minority_day,2024-08-04,D,daily,0.4941162036787976,30,15,15,tfidf
mixed_split_minority_day_daily,mixed_split_minority_day,mixed,split_minority_day,2024-08-05,D,daily,0.7513178327046892,8,4,4,tfidf
mixed_split_minority_day_daily,mixed_split_minority_day,mixed,split_minority_day,2024-08-06,D,daily,0.8109889177733899,34,17,17,tfidf
mixed_split_minority_day_daily,mixed_split_minority_day,mixed,split_minority_day,2024-08-07,D,daily,0.6710910671802472,18,9,9,tfidf
mixed_split_minority_day_daily,mixed_split_minority_day,mixed,split_minority_day,2024-08-08,D,daily,0.6397998062120204,28,14,14,tfidf
mixed_split_minority_day_daily,mixed_split_minority_day,mixed,split_minority_day,2024-08-09,D,daily,0.5126487119962225,16,8,8,tfidf
mixed_split_minority_day_daily,mixed_split_minority_day,mixed,split_minority_day,2024-08-13,D,daily,0.528839361250139,46,23,23,tfidf
mixed_split_minority_day_daily,mixed_split_minority_day,mixed,split_minority_day,2024-08-14,D,daily,0.5392410658330689,34,17,17,tfidf
mixed_split_minority_day_daily,mixed_split_minority_day,mixed,split_minority_day,2024-08-15,D,daily,0.5846741276975352,44,22,22,tfidf
mixed_split_minority_day_daily,mixed_split_minority_day,mixed,split_minority_day,2024-08-16,D,daily,0.6458688710212463,10,5,5,tfidf
mixed_split_minority_day_daily,mixed_split_minority_day,mixed,split_minority_day,2024-08-17,D,daily,0.7634567373767925,14,7,7,tfidf
mixed_split_minority_day_daily,mixed_split_minority_day,mixed,split_minority_day,2024-08-20,D,daily,0.7261152375355845,28,14,14,tfidf
mixed_split_minority_day_daily,mixed_split_minority_day,mixed,split_minority_day,2024-08-21,D,daily,0.5241749612370599,38,19,19,tfidf
mixed_split_minority_day_daily,mixed_split_minority_day,mixed,split_minority_day,2024-08-22,D,daily,0.44150392615630873,38,19,19,tfidf
mixed_split_minority_day_daily,mixed_split_minority_day,mixed,split_minority_day,2024-08-23,D,daily,0.5600651082480523,30,15,15,tfidf
mixed_split_minority_day_daily,mixed_split_minority_day,mixed,split_minority_day,2024-08-24,D,daily,0.6087278594120245,24,12,12,tfidf
mixed_split_minority_day_daily,mixed_split_minority_day,mixed,split_minority_day,2024-08-26,D,daily,0.6049211910778978,26,13,13,tfidf
mixed_split_minority_day_daily,mixed_split_minority_day,mixed,split_minority_day,2024-08-27,D,daily,0.6912036517315345,30,15,15,tfidf
mixed_split_minority_day_daily,mixed_split_minority_day,mixed,split_minority_day,2024-08-28,D,daily,0.6559958821376282,38,19,19,tfidf
mixed_split_minority_day_daily,mixed_split_minority_day,mixed,split_minority_day,2024-08-31,D,daily,0.6738317323952646,32,16,16,tfidf
mixed_split_minority_day_daily,mixed_split_minority_day,mixed,split_minority_day,2024-09-02,D,daily,0.7099050094031263,30,15,15,tfidf
mixed_split_minority_day_daily,mixed_split_minority_day,mixed,split_minority_day,2024-09-03,D,daily,0.7571992703878175,12,6,6,tfidf
mixed_split_minority_day_daily,mixed_split_minority_day,mixed,split_minority_day,2024-09-04,D,daily,0.5726698349804893,34,17,17,tfidf
mixed_split_minority_day_daily,mixed_split_minority_day,mixed,split_minority_day,2024-09-05,D,daily,0.5274515504827724,30,15,15,tfidf
mixed_split_minority_day_daily,mixed_split_minority_day,mixed,split_minority_day,2024-09-06,D,daily,0.5453454313818384,34,17,17,tfidf
mixed_split_minority_day_daily,mixed_split_minority_day,mixed,split_minority_day,2024-09-09,D,daily,0.5942623343807569,40,20,20,tfidf
mixed_split_minority_day_daily,mixed_split_minority_day,mixed,split_minority_day,2024-09-10,D,daily,0.6000009066564236,26,13,13,tfidf
mixed_split_minority_day_daily,mixed_split_minority_day,mixed,split_minority_day,2024-09-11,D,daily,0.6144792060432271,40,20,20,tfidf
mixed_split_minority_day_daily,mixed_split_minority_day,mixed,split_minority_day,2024-09-12,D,daily,0.5335929313089456,18,9,9,tfidf
mixed_split_minority_day_daily,mixed_split_minority_day,mixed,split_minority_day,2024-09-13,D,daily,0.5543671369493824,40,20,20,tfidf
mixed_split_minority_day_daily,mixed_split_minority_day,mixed,split_minority_day,2024-09-14,D,daily,0.6363455739355145,6,3,3,tfidf
mixed_split_minority_day_daily,mixed_split_minority_day,mixed,split_minority_day,2024-09-16,D,daily,0.732103821766279,22,11,11,tfidf
mixed_split_minority_day_daily,mixed_split_minority_day,mixed,split_minority_day,2024-09-17,D,daily,0.49149925340050893,40,20,20,tfidf
mixed_split_minority_day_daily,mixed_split_minority_day,mixed,split_minority_day,2024-09-18,D,daily,0.47782662852487645,28,14,14,tfidf
mixed_split_minority_day_daily,mixed_split_minority_day,mixed,split_minority_day,2024-09-19,D,daily,0.6142808837590163,26,13,13,tfidf
mixed_split_minority_day_daily,mixed_split_minority_day,mixed,split_minority_day,2024-09-20,D,daily,0.5213562787183019,40,20,20,tfidf
mixed_split_minority_day_daily,mixed_split_minority_day,mixed,split_minority_day,2024-09-23,D,daily,0.3549361870580059,40,20,20,tfidf
mixed_split_minority_day_daily,mixed_split_minority_day,mixed,split_minority_day,2024-09-24,D,daily,0.5183957811496441,32,16,16,tfidf
mixed_split_minority_day_daily,mixed_split_minority_day,mixed,split_minority_day,2024-09-25,D,daily,0.6390448038828223,42,21,21,tfidf
mixed_split_minority_day_daily,mixed_split_minority_day,mixed,split_minority_day,2024-09-27,D,daily,0.550326300800169,32,16,16,tfidf
mixed_split_minority_day_daily,mixed_split_minority_day,mixed,split_minority_day,2024-09-30,D,daily,0.5282354993096862,48,24,24,tfidf
mixed_split_minority_day_daily,mixed_split_minority_day,mixed,split_minority_day,2024-10-01,D,daily,0.4541536835333735,128,64,64,tfidf
mixed_split_minority_day_daily,mixed_split_minority_day,mixed,split_minority_day,2024-10-02,D,daily,0.6381189711518765,20,10,10,tfidf
mixed_split_minority_day_daily,mixed_split_minority_day,mixed,split_minority_day,2024-10-03,D,daily,0.7007509472092138,34,17,17,tfidf
mixed_split_minority_day_daily,mixed_split_minority_day,mixed,split_minority_day,2024-10-04,D,daily,0.6212060403856718,24,12,12,tfidf
mixed_split_minority_day_daily,mixed_split_minority_day,mixed,split_minority_day,2024-10-05,D,daily,0.6323117489133293,20,10,10,tfidf
mixed_split_minority_day_daily,mixed_split_minority_day,mixed,split_minority_day,2024-10-07,D,daily,0.5768877759027773,22,11,11,tfidf
mixed_split_minority_day_daily,mixed_split_minority_day,mixed,split_minority_day,2024-10-09,D,daily,0.5032846083235682,24,12,12,tfidf
mixed_split_minority_day_daily,mixed_split_minority_day,mixed,split_minority_day,2024-10-10,D,daily,0.6640842509718226,24,12,12,tfidf
mixed_split_minority_day_daily,mixed_split_minority_day,mixed,split_minority_day,2024-10-11,D,daily,0.6645053230204834,50,25,25,tfidf
mixed_split_minority_day_daily,mixed_split_minority_day,mixed,split_minority_day,2024-10-12,D,daily,0.489343759324012,22,11,11,tfidf
mixed_split_minority_day_daily,mixed_split_minority_day,mixed,split_minority_day,2024-10-13,D,daily,0.550796883139921,44,22,22,tfidf
mixed_split_minority_day_daily,mixed_split_minority_day,mixed,split_minority_day,2024-10-14,D,daily,0.6164476771112243,26,13,13,tfidf
mixed_split_minority_day_daily,mixed_split_minority_day,mixed,split_minority_day,2024-10-15,D,daily,0.8950581065014908,8,4,4,tfidf
mixed_split_minority_day_daily,mixed_split_minority_day,mixed,split_minority_day,2024-10-16,D,daily,0.8603294757450706,50,25,25,tfidf
mixed_split_minority_day_daily,mixed_split_minority_day,mixed,split_minority_day,2024-10-17,D,daily,0.5171160410017064,34,17,17,tfidf
mixed_split_minority_day_daily,mixed_split_minority_day,mixed,split_minority_day,2024-10-18,D,daily,0.5814634325778989,28,14,14,tfidf
mixed_split_minority_day_daily,mixed_split_minority_day,mixed,split_minority_day,2024-10-19,D,daily,0.6446839431432837,14,7,7,tfidf
mixed_split_minority_day_daily,mixed_split_minority_day,mixed,split_minority_day,2024-10-20,D,daily,0.7943169468604931,32,16,16,tfidf
mixed_split_minority_day_daily,mixed_split_minority_day,mixed,split_minority_day,2024-10-21,D,daily,0.7387874231100284,20,10,10,tfidf
mixed_split_minority_day_daily,mixed_split_minority_day,mixed,split_minority_day,2024-10-23,D,daily,0.6842610984959936,40,20,20,tfidf
mixed_split_minority_day_daily,mixed_split_minority_day,mixed,split_minority_day,2024-10-24,D,daily,0.5218015465321055,34,17,17,tfidf
mixed_split_minority_day_daily,mixed_split_minority_day,mixed,split_minority_day,2024-10-25,D,daily,0.5305929195847447,46,23,23,tfidf
mixed_split_minority_day_daily,mixed_split_minority_day,mixed,split_minority_day,2024-10-26,D,daily,0.7496562453824942,10,5,5,tfidf
mixed_split_minority_day_daily,mixed_split_minority_day,mixed,split_minority_day,2024-10-27,D,daily,0.6966826396184478,42,21,21,tfidf
mixed_split_minority_day_daily,mixed_split_minority_day,mixed,split_minority_day,2024-10-28,D,daily,0.5748613835693015,38,19,19,tfidf
mixed_split_minority_day_daily,mixed_split_minority_day,mixed,split_minority_day,2024-10-31,D,daily,0.43580440657651576,76,38,38,tfidf
mixed_split_minority_day_daily,mixed_split_minority_day,mixed,split_minority_day,2024-11-01,D,daily,0.39074523012497253,106,53,53,tfidf
mixed_split_minority_day_daily,mixed_split_minority_day,mixed,split_minority_day,2024-11-03,D,daily,0.5406223358643356,24,12,12,tfidf
mixed_split_minority_day_daily,mixed_split_minority_day,mixed,split_minority_day,2024-11-04,D,daily,0.630020680994221,54,27,27,tfidf
mixed_split_minority_day_daily,mixed_split_minority_day,mixed,split_minority_day,2024-11-05,D,daily,0.5079494357065667,40,20,20,tfidf
mixed_split_minority_day_daily,mixed_split_minority_day,mixed,split_minority_day,2024-11-06,D,daily,0.456567720438697,40,20,20,tfidf
mixed_split_minority_day_daily,mixed_split_minority_day,mixed,split_minority_day,2024-11-08,D,daily,0.42136644397945644,40,20,20,tfidf
mixed_split_minority_day_daily,mixed_split_minority_day,mixed,split_minority_day,2024-11-09,D,daily,0.5917558175338001,10,5,5,tfidf
mixed_split_minority_day_daily,mixed_split_minority_day,mixed,split_minority_day,2024-11-13,D,daily,0.6948520540495813,30,15,15,tfidf
mixed_split_minority_day_daily,mixed_split_minority_day,mixed,split_minority_day,2024-11-14,D,daily,0.7291773521843281,8,4,4,tfidf
mixed_split_minority_day_daily,mixed_split_minority_day,mixed,split_minority_day,2024-11-15,D,daily,0.6172672156084396,36,18,18,tfidf
mixed_split_minority_day_daily,mixed_split_minority_day,mixed,split_minority_day,2024-11-17,D,daily,0.7069185101246495,16,8,8,tfidf
mixed_split_minority_day_daily,mixed_split_minority_day,mixed,split_minority_day,2024-11-18,D,daily,0.7803739917827797,18,9,9,tfidf
mixed_split_minority_day_daily,mixed_split_minority_day,mixed,split_minority_day,2024-11-20,D,daily,0.6849532057538467,46,23,23,tfidf
mixed_split_minority_day_daily,mixed_split_minority_day,mixed,split_minority_day,2024-11-21,D,daily,0.6405506409810442,30,15,15,tfidf
mixed_split_minority_day_daily,mixed_split_minority_day,mixed,split_minority_day,2024-11-22,D,daily,0.609577539014758,14,7,7,tfidf
mixed_split_minority_day_daily,mixed_split_minority_day,mixed,split_minority_day,2024-11-23,D,daily,0.6279571364346995,38,19,19,tfidf
mixed_split_minority_day_daily,mixed_split_minority_day,mixed,split_minority_day,2024-11-24,D,daily,0.7368605054663055,28,14,14,tfidf
mixed_split_minority_day_daily,mixed_split_minority_day,mixed,split_minority_day,2024-11-25,D,daily,0.7697031768218388,14,7,7,tfidf
mixed_split_minority_day_daily,mixed_split_minority_day,mixed,split_minority_day,2024-11-26,D,daily,0.8132778073885303,20,10,10,tfidf
mixed_split_minority_day_daily,mixed_split_minority_day,mixed,split_minority_day,2024-11-27,D,daily,0.7519415934319936,24,12,12,tfidf
mixed_split_minority_day_daily,mixed_split_minority_day,mixed,split_minority_day,2024-11-28,D,daily,0.6994963677136001,26,13,13,tfidf
mixed_split_minority_day_daily,mixed_split_minority_day,mixed,split_minority_day,2024-11-29,D,daily,0.6313774291038907,50,25,25,tfidf
mixed_split_minority_day_daily,mixed_split_minority_day,mixed,split_minority_day,2024-12-01,D,daily,0.6219081834510897,66,33,33,tfidf
mixed_split_minority_day_daily,mixed_split_minority_day,mixed,split_minority_day,2024-12-03,D,daily,0.6854390859424312,40,20,20,tfidf
mixed_split_minority_day_daily,mixed_split_minority_day,mixed,split_minority_day,2024-12-04,D,daily,0.72772053096987,38,19,19,tfidf
mixed_split_minority_day_daily,mixed_split_minority_day,mixed,split_minority_day,2024-12-06,D,daily,0.7299531590465949,22,11,11,tfidf
mixed_split_minority_day_daily,mixed_split_minority_day,mixed,split_minority_day,2024-12-08,D,daily,0.7272286168907989,38,19,19,tfidf
mixed_split_minority_day_daily,mixed_split_minority_day,mixed,split_minority_day,2024-12-09,D,daily,0.6745187207514362,10,5,5,tfidf
mixed_split_minority_day_daily,mixed_split_minority_day,mixed,split_minority_day,2024-12-11,D,daily,0.7331421728402048,22,11,11,tfidf
mixed_split_minority_day_daily,mixed_split_minority_day,mixed,split_minority_day,2024-12-12,D,daily,0.8822344775727939,8,4,4,tfidf
mixed_split_minority_day_daily,mixed_split_minority_day,mixed,split_minority_day,2024-12-13,D,daily,0.8749743926755621,26,13,13,tfidf
mixed_split_minority_day_daily,mixed_split_minority_day,mixed,split_minority_day,2024-12-15,D,daily,0.7917380555811119,34,17,17,tfidf
mixed_split_minority_day_daily,mixed_split_minority_day,mixed,split_minority_day,2024-12-16,D,daily,0.6550520118366492,26,13,13,tfidf
mixed_split_minority_day_daily,mixed_split_minority_day,mixed,split_minority_day,2024-12-17,D,daily,0.6354241573879492,36,18,18,tfidf
mixed_split_minority_day_daily,mixed_split_minority_day,mixed,split_minority_day,2024-12-18,D,daily,0.6263710293131765,40,20,20,tfidf
mixed_split_minority_day_daily,mixed_split_minority_day,mixed,split_minority_day,2024-12-19,D,daily,0.6039643198218259,32,16,16,tfidf
mixed_split_minority_day_daily,mixed_split_minority_day,mixed,split_minority_day,2024-12-20,D,daily,0.6103593986803478,26,13,13,tfidf
mixed_split_minority_day_daily,mixed_split_minority_day,mixed,split_minority_day,2024-12-21,D,daily,0.7251778952792947,20,10,10,tfidf
mixed_split_minority_day_daily,mixed_split_minority_day,mixed,split_minority_day,2024-12-23,D,daily,0.8516958005664461,16,8,8,tfidf
mixed_split_minority_day_daily,mixed_split_minority_day,mixed,split_minority_day,2024-12-24,D,daily,0.8477683335619525,16,8,8,tfidf
mixed_split_minority_day_daily,mixed_split_minority_day,mixed,split_minority_day,2024-12-27,D,daily,0.8985876918519844,26,13,13,tfidf
mixed_split_minority_day_daily,mixed_split_minority_day,mixed,split_minority_day,2024-12-30,D,daily,0.9230796862223907,28,14,14,tfidf
mixed_split_minority_day_daily,mixed_split_minority_day,mixed,split_minority_day,2025-01-01,D,daily,0.8414666782013552,32,16,16,tfidf
mixed_split_minority_day_daily,mixed_split_minority_day,mixed,split_minority_day,2025-01-03,D,daily,0.6664372610783593,30,15,15,tfidf
mixed_split_minority_day_daily,mixed_split_minority_day,mixed,split_minority_day,2025-01-04,D,daily,0.7069941759721167,10,5,5,tfidf
mixed_split_minority_day_daily,mixed_split_minority_day,mixed,split_minority_day,2025-01-05,D,daily,0.8020637205801353,36,18,18,tfidf
mixed_split_minority_day_daily,mixed_split_minority_day,mixed,split_minority_day,2025-01-06,D,daily,0.6938205426832516,32,16,16,tfidf
mixed_split_minority_day_daily,mixed_split_minority_day,mixed,split_minority_day,2025-01-07,D,daily,0.5157291273629093,16,8,8,tfidf
mixed_split_minority_day_daily,mixed_split_minority_day,mixed,split_minority_day,2025-01-08,D,daily,0.6760217943796262,40,20,20,tfidf
mixed_split_minority_day_daily,mixed_split_minority_day,mixed,split_minority_day,2025-01-09,D,daily,0.6077389410761135,28,14,14,tfidf
mixed_split_minority_day_daily,mixed_split_minority_day,mixed,split_minority_day,2025-01-10,D,daily,0.720369942056653,6,3,3,tfidf
mixed_split_minority_day_daily,mixed_split_minority_day,mixed,split_minority_day,2025-01-11,D,daily,0.6958366404264941,34,17,17,tfidf
mixed_split_minority_day_daily,mixed_split_minority_day,mixed,split_minority_day,2025-01-12,D,daily,0.716172081647285,10,5,5,tfidf
mixed_split_minority_day_daily,mixed_split_minority_day,mixed,split_minority_day,2025-01-13,D,daily,0.8089925902368373,10,5,5,tfidf
mixed_split_minority_day_daily,mixed_split_minority_day,mixed,split_minority_day,2025-01-14,D,daily,0.7464927759358515,34,17,17,tfidf
mixed_split_minority_day_daily,mixed_split_minority_day,mixed,split_minority_day,2025-01-15,D,daily,0.6556195215831291,42,21,21,tfidf
mixed_split_minority_day_daily,mixed_split_minority_day,mixed,split_minority_day,2025-01-16,D,daily,0.6096016343569413,22,11,11,tfidf
mixed_split_minority_day_daily,mixed_split_minority_day,mixed,split_minority_day,2025-01-17,D,daily,0.5817280930059427,38,19,19,tfidf
mixed_split_minority_day_daily,mixed_split_minority_day,mixed,split_minority_day,2025-01-19,D,daily,0.7067088815222725,26,13,13,tfidf
mixed_split_minority_day_daily,mixed_split_minority_day,mixed,split_minority_day,2025-01-20,D,daily,0.7189882582119497,40,20,20,tfidf
mixed_split_minority_day_daily,mixed_split_minority_day,mixed,split_minority_day,2025-01-21,D,daily,0.5067192821387396,36,18,18,tfidf
mixed_split_minority_day_daily,mixed_split_minority_day,mixed,split_minority_day,2025-01-22,D,daily,0.5462602083267818,38,19,19,tfidf
mixed_split_minority_day_daily,mixed_split_minority_day,mixed,split_minority_day,2025-01-23,D,daily,0.5241491879806097,38,19,19,tfidf
mixed_split_minority_day_daily,mixed_split_minority_day,mixed,split_minority_day,2025-01-24,D,daily,0.6403401427264174,30,15,15,tfidf
mixed_split_minority_day_daily,mixed_split_minority_day,mixed,split_minority_day,2025-01-25,D,daily,0.6535989971261011,22,11,11,tfidf
mixed_split_minority_day_daily,mixed_split_minority_day,mixed,split_minority_day,2025-01-26,D,daily,0.7645770162613168,30,15,15,tfidf
mixed_split_minority_day_daily,mixed_split_minority_day,mixed,split_minority_day,2025-01-27,D,daily,0.7970796780520901,16,8,8,tfidf
mixed_split_minority_day_daily,mixed_split_minority_day,mixed,split_minority_day,2025-01-28,D,daily,0.8219337866667601,34,17,17,tfidf
mixed_split_minority_day_daily,mixed_split_minority_day,mixed,split_minority_day,2025-01-29,D,daily,0.7394487337701164,40,20,20,tfidf
mixed_split_minority_day_daily,mixed_split_minority_day,mixed,split_minority_day,2025-01-30,D,daily,0.5267164069827028,42,21,21,tfidf
mixed_split_minority_day_daily,mixed_split_minority_day,mixed,split_minority_day,2025-01-31,D,daily,0.585585602879126,58,29,29,tfidf
mixed_split_minority_day_daily,mixed_split_minority_day,mixed,split_minority_day,2025-02-03,D,daily,0.7142755684849714,40,20,20,tfidf
mixed_split_minority_day_daily,mixed_split_minority_day,mixed,split_minority_day,2025-02-04,D,daily,0.69482260739134,42,21,21,tfidf
mixed_split_minority_day_daily,mixed_split_minority_day,mixed,split_minority_day,2025-02-05,D,daily,0.5701633228346434,40,20,20,tfidf
mixed_split_minority_day_daily,mixed_split_minority_day,mixed,split_minority_day,2025-02-06,D,daily,0.5145646549414209,40,20,20,tfidf
mixed_split_minority_day_daily,mixed_split_minority_day,mixed,split_minority_day,2025-02-07,D,daily,0.48099001028170485,30,15,15,tfidf
mixed_split_minority_day_daily,mixed_split_minority_day,mixed,split_minority_day,2025-02-09,D,daily,0.7380261829862422,30,15,15,tfidf
mixed_split_minority_day_daily,mixed_split_minority_day,mixed,split_minority_day,2025-02-10,D,daily,0.7452819047800254,20,10,10,tfidf
mixed_split_minority_day_daily,mixed_split_minority_day,mixed,split_minority_day,2025-02-12,D,daily,0.5898354720766888,34,17,17,tfidf
mixed_split_minority_day_daily,mixed_split_minority_day,mixed,split_minority_day,2025-02-13,D,daily,0.6396594803175648,20,10,10,tfidf
mixed_split_minority_day_daily,mixed_split_minority_day,mixed,split_minority_day,2025-02-14,D,daily,0.6725899495546857,34,17,17,tfidf
mixed_split_minority_day_daily,mixed_split_minority_day,mixed,split_minority_day,2025-02-17,D,daily,0.5953958986778238,16,8,8,tfidf
mixed_split_minority_day_daily,mixed_split_minority_day,mixed,split_minority_day,2025-02-19,D,daily,0.547873671926449,48,24,24,tfidf
right_none_daily,right_none,right,none,2024-02-06,D,daily,0.6717438227061625,16,0,16,tfidf
right_none_daily,right_none,right,none,2024-02-08,D,daily,0.7391474850462345,18,0,18,tfidf
right_none_daily,right_none,right,none,2024-02-10,D,daily,0.6296041932009513,13,0,13,tfidf
right_none_daily,right_none,right,none,2024-02-11,D,daily,0.5786041770161439,19,0,19,tfidf
right_none_daily,right_none,right,none,2024-02-12,D,daily,0.6057782208921368,19,0,19,tfidf
right_none_daily,right_none,right,none,2024-02-15,D,daily,0.6604527410163034,20,0,20,tfidf
right_none_daily,right_none,right,none,2024-02-16,D,daily,0.41684398213268126,20,0,20,tfidf
right_none_daily,right_none,right,none,2024-02-17,D,daily,0.48360640651420694,15,0,15,tfidf
right_none_daily,right_none,right,none,2024-02-18,D,daily,0.767330384998093,21,0,21,tfidf
right_none_daily,right_none,right,none,2024-02-19,D,daily,0.7903764272070462,9,0,9,tfidf
right_none_daily,right_none,right,none,2024-02-20,D,daily,0.6732731448039244,19,0,19,tfidf
right_none_daily,right_none,right,none,2024-02-22,D,daily,0.6552404808536432,17,0,17,tfidf
right_none_daily,right_none,right,none,2024-02-23,D,daily,0.6910489695246326,16,0,16,tfidf
right_none_daily,right_none,right,none,2024-02-25,D,daily,0.7166170202478866,23,0,23,tfidf
right_none_daily,right_none,right,none,2024-02-26,D,daily,0.6249260825076527,13,0,13,tfidf
right_none_daily,right_none,right,none,2024-02-27,D,daily,0.7874055813581208,6,0,6,tfidf
right_none_daily,right_none,right,none,2024-02-28,D,daily,0.6882905522478383,22,0,22,tfidf
right_none_daily,right_none,right,none,2024-02-29,D,daily,0.6361953843003331,19,0,19,tfidf
right_none_daily,right_none,right,none,2024-03-01,D,daily,0.6559595810818669,64,0,64,tfidf
right_none_daily,right_none,right,none,2024-03-02,D,daily,0.6598770528779121,16,0,16,tfidf
right_none_daily,right_none,right,none,2024-03-03,D,daily,0.7176987111739724,15,0,15,tfidf
right_none_daily,right_none,right,none,2024-03-04,D,daily,0.7718694161629793,20,0,20,tfidf
right_none_daily,right_none,right,none,2024-03-06,D,daily,0.6089548338136849,11,0,11,tfidf
right_none_daily,right_none,right,none,2024-03-07,D,daily,0.6738250047959511,15,0,15,tfidf
right_none_daily,right_none,right,none,2024-03-09,D,daily,0.6385717687847949,9,0,9,tfidf
right_none_daily,right_none,right,none,2024-03-10,D,daily,0.7261727203644827,20,0,20,tfidf
right_none_daily,right_none,right,none,2024-03-11,D,daily,0.7435457897415769,16,0,16,tfidf
right_none_daily,right_none,right,none,2024-03-12,D,daily,0.6534710989583729,13,0,13,tfidf
right_none_daily,right_none,right,none,2024-03-13,D,daily,0.6532024742714677,20,0,20,tfidf
right_none_daily,right_none,right,none,2024-03-14,D,daily,0.5493863951933311,14,0,14,tfidf
right_none_daily,right_none,right,none,2024-03-16,D,daily,0.7609766876487676,9,0,9,tfidf
right_none_daily,right_none,right,none,2024-03-17,D,daily,0.8580443110134108,21,0,21,tfidf
right_none_daily,right_none,right,none,2024-03-18,D,daily,0.7442054230925141,12,0,12,tfidf
right_none_daily,right_none,right,none,2024-03-20,D,daily,0.6881832061755015,19,0,19,tfidf
right_none_daily,right_none,right,none,2024-03-21,D,daily,0.6938870694254317,9,0,9,tfidf
right_none_daily,right_none,right,none,2024-03-22,D,daily,0.6870195901162676,12,0,12,tfidf
right_none_daily,right_none,right,none,2024-03-23,D,daily,0.7390217470255467,6,0,6,tfidf
right_none_daily,right_none,right,none,2024-03-24,D,daily,0.8561653101611298,15,0,15,tfidf
right_none_daily,right_none,right,none,2024-03-25,D,daily,0.8583745665627642,12,0,12,tfidf
right_none_daily,right_none,right,none,2024-03-26,D,daily,0.6089425031986315,20,0,20,tfidf
right_none_daily,right_none,right,none,2024-03-27,D,daily,0.7295968079300135,11,0,11,tfidf
right_none_daily,right_none,right,none,2024-03-28,D,daily,0.7551760322434206,18,0,18,tfidf
right_none_daily,right_none,right,none,2024-03-29,D,daily,0.5987171253543396,30,0,30,tfidf
right_none_daily,right_none,right,none,2024-03-30,D,daily,0.7189076026617185,28,0,28,tfidf
right_none_daily,right_none,right,none,2024-03-31,D,daily,0.3654968771248943,7,0,7,tfidf
right_none_daily,right_none,right,none,2024-04-01,D,daily,0.4096183414152086,30,0,30,tfidf
right_none_daily,right_none,right,none,2024-04-02,D,daily,0.6257891970812111,18,0,18,tfidf
right_none_daily,right_none,right,none,2024-04-03,D,daily,0.6438865264385667,19,0,19,tfidf
right_none_daily,right_none,right,none,2024-04-04,D,daily,0.6255397135995803,20,0,20,tfidf
right_none_daily,right_none,right,none,2024-04-05,D,daily,0.6386925264971169,20,0,20,tfidf
right_none_daily,right_none,right,none,2024-04-06,D,daily,0.7946810948860179,13,0,13,tfidf
right_none_daily,right_none,right,none,2024-04-07,D,daily,0.8013104690698797,12,0,12,tfidf
right_none_daily,right_none,right,none,2024-04-08,D,daily,0.7658344293251024,17,0,17,tfidf
right_none_daily,right_none,right,none,2024-04-09,D,daily,0.6717274904608241,17,0,17,tfidf
right_none_daily,right_none,right,none,2024-04-10,D,daily,0.6998224613696048,20,0,20,tfidf
right_none_daily,right_none,right,none,2024-04-12,D,daily,0.731366557170654,8,0,8,tfidf
right_none_daily,right_none,right,none,2024-04-13,D,daily,0.8205847962045041,6,0,6,tfidf
right_none_daily,right_none,right,none,2024-04-14,D,daily,0.9106158220121314,14,0,14,tfidf
right_none_daily,right_none,right,none,2024-04-16,D,daily,0.7318651407142145,20,0,20,tfidf
right_none_daily,right_none,right,none,2024-04-17,D,daily,0.7869314835653578,5,0,5,tfidf
right_none_daily,right_none,right,none,2024-04-20,D,daily,0.9128964687287981,5,0,5,tfidf
right_none_daily,right_none,right,none,2024-04-21,D,daily,0.7775205383595871,12,0,12,tfidf
right_none_daily,right_none,right,none,2024-04-23,D,daily,0.8455523063196366,16,0,16,tfidf
right_none_daily,right_none,right,none,2024-04-24,D,daily,0.637878828310008,20,0,20,tfidf
right_none_daily,right_none,right,none,2024-04-25,D,daily,0.6612359283040881,20,0,20,tfidf
right_none_daily,right_none,right,none,2024-04-26,D,daily,0.5374444590130036,15,0,15,tfidf
right_none_daily,right_none,right,none,2024-04-27,D,daily,0.5934505413373575,18,0,18,tfidf
right_none_daily,right_none,right,none,2024-04-28,D,daily,0.6705567343778306,10,0,10,tfidf
right_none_daily,right_none,right,none,2024-04-29,D,daily,0.7640446879380558,32,0,32,tfidf
right_none_daily,right_none,right,none,2024-04-30,D,daily,0.5463670609909541,36,0,36,tfidf
right_none_daily,right_none,right,none,2024-05-01,D,daily,0.5598054940072892,29,0,29,tfidf
right_none_daily,right_none,right,none,2024-05-02,D,daily,0.6175010516696144,20,0,20,tfidf
right_none_daily,right_none,right,none,2024-05-03,D,daily,0.5938379204395634,11,0,11,tfidf
right_none_daily,right_none,right,none,2024-05-04,D,daily,0.7553302812163714,8,0,8,tfidf
right_none_daily,right_none,right,none,2024-05-05,D,daily,0.7307325232713542,18,0,18,tfidf
right_none_daily,right_none,right,none,2024-05-06,D,daily,0.7738391361590355,10,0,10,tfidf
right_none_daily,right_none,right,none,2024-05-07,D,daily,0.6406803636425791,13,0,13,tfidf
right_none_daily,right_none,right,none,2024-05-08,D,daily,0.6366785747932622,9,0,9,tfidf
right_none_daily,right_none,right,none,2024-05-09,D,daily,0.6334656463648214,20,0,20,tfidf
right_none_daily,right_none,right,none,2024-05-10,D,daily,0.6738674828923825,9,0,9,tfidf
right_none_daily,right_none,right,none,2024-05-12,D,daily,0.6448756555303492,20,0,20,tfidf
right_none_daily,right_none,right,none,2024-05-13,D,daily,0.7786983228458644,10,0,10,tfidf
right_none_daily,right_none,right,none,2024-05-14,D,daily,0.7910845074454764,13,0,13,tfidf
right_none_daily,right_none,right,none,2024-05-15,D,daily,0.7805960764635944,16,0,16,tfidf
right_none_daily,right_none,right,none,2024-05-16,D,daily,0.5348710397125531,16,0,16,tfidf
right_none_daily,right_none,right,none,2024-05-17,D,daily,0.5525728040769029,15,0,15,tfidf
right_none_daily,right_none,right,none,2024-05-18,D,daily,0.821803203922908,5,0,5,tfidf
right_none_daily,right_none,right,none,2024-05-19,D,daily,0.8312516222909,18,0,18,tfidf
right_none_daily,right_none,right,none,2024-05-20,D,daily,0.7808425470341104,20,0,20,tfidf
right_none_daily,right_none,right,none,2024-05-22,D,daily,0.6201594217142128,18,0,18,tfidf
right_none_daily,right_none,right,none,2024-05-23,D,daily,0.8148726838682665,6,0,6,tfidf
right_none_daily,right_none,right,none,2024-05-25,D,daily,0.879321577460193,6,0,6,tfidf
right_none_daily,right_none,right,none,2024-05-26,D,daily,0.8498643066158809,17,0,17,tfidf
right_none_daily,right_none,right,none,2024-05-27,D,daily,0.8602786202302953,7,0,7,tfidf
right_none_daily,right_none,right,none,2024-05-28,D,daily,0.8074631494534018,18,0,18,tfidf
right_none_daily,right_none,right,none,2024-05-29,D,daily,0.6467460123879422,12,0,12,tfidf
right_none_daily,right_none,right,none,2024-05-30,D,daily,0.7321450132698205,15,0,15,tfidf
right_none_daily,right_none,right,none,2024-05-31,D,daily,0.5095727831773715,12,0,12,tfidf
right_none_daily,right_none,right,none,2024-06-01,D,daily,0.5309438378600547,51,0,51,tfidf
right_none_daily,right_none,right,none,2024-06-02,D,daily,0.5952983901229071,21,0,21,tfidf
right_none_daily,right_none,right,none,2024-06-03,D,daily,0.7330448411527027,12,0,12,tfidf
right_none_daily,right_none,right,none,2024-06-04,D,daily,0.7223454186781553,8,0,8,tfidf
right_none_daily,right_none,right,none,2024-06-05,D,daily,0.6657748185565872,20,0,20,tfidf
right_none_daily,right_none,right,none,2024-06-07,D,daily,0.7197304913576998,11,0,11,tfidf
right_none_daily,right_none,right,none,2024-06-09,D,daily,0.8136678977986156,16,0,16,tfidf
right_none_daily,right_none,right,none,2024-06-10,D,daily,0.7120848491068548,6,0,6,tfidf
right_none_daily,right_none,right,none,2024-06-11,D,daily,0.7240309211085731,20,0,20,tfidf
right_none_daily,right_none,right,none,2024-06-12,D,daily,0.558457786127698,16,0,16,tfidf
right_none_daily,right_none,right,none,2024-06-13,D,daily,0.681941761897048,16,0,16,tfidf
right_none_daily,right_none,right,none,2024-06-14,D,daily,0.7965461073331754,9,0,9,tfidf
right_none_daily,right_none,right,none,2024-06-15,D,daily,0.861649887485906,5,0,5,tfidf
right_none_daily,right_none,right,none,2024-06-16,D,daily,0.8679999677243617,20,0,20,tfidf
right_none_daily,right_none,right,none,2024-06-18,D,daily,0.746482719635789,19,0,19,tfidf
right_none_daily,right_none,right,none,2024-06-19,D,daily,0.6276367242916364,19,0,19,tfidf
right_none_daily,right_none,right,none,2024-06-20,D,daily,0.5509636227947474,17,0,17,tfidf
right_none_daily,right_none,right,none,2024-06-21,D,daily,0.5429082969286055,11,0,11,tfidf
right_none_daily,right_none,right,none,2024-06-22,D,daily,0.6801425582398493,7,0,7,tfidf
right_none_daily,right_none,right,none,2024-06-23,D,daily,0.8347014653298501,11,0,11,tfidf
right_none_daily,right_none,right,none,2024-06-24,D,daily,0.761129237774008,21,0,21,tfidf
right_none_daily,right_none,right,none,2024-06-25,D,daily,0.637325019831046,11,0,11,tfidf
right_none_daily,right_none,right,none,2024-06-26,D,daily,0.7004289647255494,20,0,20,tfidf
right_none_daily,right_none,right,none,2024-06-27,D,daily,0.657624242796573,13,0,13,tfidf
right_none_daily,right_none,right,none,2024-06-28,D,daily,0.6782728565805627,21,0,21,tfidf
right_none_daily,right_none,right,none,2024-06-29,D,daily,0.6184805788137162,14,0,14,tfidf
right_none_daily,right_none,right,none,2024-06-30,D,daily,0.6941470743792832,20,0,20,tfidf
right_none_daily,right_none,right,none,2024-07-01,D,daily,0.512940348444629,42,0,42,tfidf
right_none_daily,right_none,right,none,2024-07-02,D,daily,0.5722485775131976,25,0,25,tfidf
right_none_daily,right_none,right,none,2024-07-03,D,daily,0.5921681258682086,14,0,14,tfidf
right_none_daily,right_none,right,none,2024-07-04,D,daily,0.6389683179843234,12,0,12,tfidf
right_none_daily,right_none,right,none,2024-07-05,D,daily,0.7884586817638695,5,0,5,tfidf
right_none_daily,right_none,right,none,2024-07-06,D,daily,0.8702302328374967,5,0,5,tfidf
right_none_daily,right_none,right,none,2024-07-07,D,daily,0.8069233290996662,10,0,10,tfidf
right_none_daily,right_none,right,none,2024-07-08,D,daily,0.6670142644187462,14,0,14,tfidf
right_none_daily,right_none,right,none,2024-07-09,D,daily,0.6844765163525678,9,0,9,tfidf
right_none_daily,right_none,right,none,2024-07-10,D,daily,0.6242830840883036,21,0,21,tfidf
right_none_daily,right_none,right,none,2024-07-11,D,daily,0.5558779727619965,20,0,20,tfidf
right_none_daily,right_none,right,none,2024-07-13,D,daily,0.7169722336989227,7,0,7,tfidf
right_none_daily,right_none,right,none,2024-07-14,D,daily,0.8197035432147075,31,0,31,tfidf
right_none_daily,right_none,right,none,2024-07-15,D,daily,0.5323079546503373,20,0,20,tfidf
right_none_daily,right_none,right,none,2024-07-17,D,daily,0.465162372617278,20,0,20,tfidf
right_none_daily,right_none,right,none,2024-07-18,D,daily,0.4048881957719689,20,0,20,tfidf
right_none_daily,right_none,right,none,2024-07-19,D,daily,0.4732704167219173,20,0,20,tfidf
right_none_daily,right_none,right,none,2024-07-20,D,daily,0.48158345338548514,13,0,13,tfidf
right_none_daily,right_none,right,none,2024-07-21,D,daily,0.5219586253336661,13,0,13,tfidf
right_none_daily,right_none,right,none,2024-07-22,D,daily,0.428765491696407,20,0,20,tfidf
right_none_daily,right_none,right,none,2024-07-23,D,daily,0.44427356230371795,20,0,20,tfidf
right_none_daily,right_none,right,none,2024-07-24,D,daily,0.49199770660641673,19,0,19,tfidf
right_none_daily,right_none,right,none,2024-07-25,D,daily,0.49028206662673257,11,0,11,tfidf
right_none_daily,right_none,right,none,2024-07-26,D,daily,0.4561648156132879,21,0,21,tfidf
right_none_daily,right_none,right,none,2024-07-27,D,daily,0.7636283420566189,8,0,8,tfidf
right_none_daily,right_none,right,none,2024-07-29,D,daily,0.7952322682460624,12,0,12,tfidf
right_none_daily,right_none,right,none,2024-07-30,D,daily,0.5554807798939636,20,0,20,tfidf
right_none_daily,right_none,right,none,2024-07-31,D,daily,0.5772194001211002,16,0,16,tfidf
right_none_daily,right_none,right,none,2024-08-01,D,daily,0.5369929267511406,68,0,68,tfidf
right_none_daily,right_none,right,none,2024-08-02,D,daily,0.5982160247926552,15,0,15,tfidf
right_none_daily,right_none,right,none,2024-08-03,D,daily,0.5773765691917612,21,0,21,tfidf
right_none_daily,right_none,right,none,2024-08-04,D,daily,0.5199283925820333,15,0,15,tfidf
right_none_daily,right_none,right,none,2024-08-06,D,daily,0.6001378981808492,17,0,17,tfidf
right_none_daily,right_none,right,none,2024-08-07,D,daily,0.5274729577785188,9,0,9,tfidf
right_none_daily,right_none,right,none,2024-08-08,D,daily,0.5379573593486818,14,0,14,tfidf
right_none_daily,right_none,right,none,2024-08-09,D,daily,0.5201274685885282,8,0,8,tfidf
right_none_daily,right_none,right,none,2024-08-10,D,daily,0.5817096341199874,9,0,9,tfidf
right_none_daily,right_none,right,none,2024-08-11,D,daily,0.7026872021478805,8,0,8,tfidf
right_none_daily,right_none,right,none,2024-08-12,D,daily,0.7391293691719016,9,0,9,tfidf
right_none_daily,right_none,right,none,2024-08-13,D,daily,0.5031792171432139,23,0,23,tfidf
right_none_daily,right_none,right,none,2024-08-14,D,daily,0.42500111016368747,17,0,17,tfidf
right_none_daily,right_none,right,none,2024-08-15,D,daily,0.46545563288138636,22,0,22,tfidf
right_none_daily,right_none,right,none,2024-08-16,D,daily,0.6897650560738864,5,0,5,tfidf
right_none_daily,right_none,right,none,2024-08-17,D,daily,0.8060522142188609,7,0,7,tfidf
right_none_daily,right_none,right,none,2024-08-18,D,daily,0.6926169337192862,26,0,26,tfidf
right_none_daily,right_none,right,none,2024-08-19,D,daily,0.5318050358343065,15,0,15,tfidf
right_none_daily,right_none,right,none,2024-08-20,D,daily,0.4889631937977683,14,0,14,tfidf
right_none_daily,right_none,right,none,2024-08-21,D,daily,0.5087933720230924,19,0,19,tfidf
right_none_daily,right_none,right,none,2024-08-22,D,daily,0.42943046724311873,19,0,19,tfidf
right_none_daily,right_none,right,none,2024-08-23,D,daily,0.5670855251239665,15,0,15,tfidf
right_none_daily,right_none,right,none,2024-08-24,D,daily,0.6374889891801949,12,0,12,tfidf
right_none_daily,right_none,right,none,2024-08-25,D,daily,0.5543386469991565,24,0,24,tfidf
right_none_daily,right_none,right,none,2024-08-26,D,daily,0.639130989925881,13,0,13,tfidf
right_none_daily,right_none,right,none,2024-08-27,D,daily,0.5792432111146166,15,0,15,tfidf
right_none_daily,right_none,right,none,2024-08-28,D,daily,0.5538770306302454,19,0,19,tfidf
right_none_daily,right_none,right,none,2024-08-29,D,daily,0.5473151320991744,17,0,17,tfidf
right_none_daily,right_none,right,none,2024-08-30,D,daily,0.5356588566303522,42,0,42,tfidf
right_none_daily,right_none,right,none,2024-08-31,D,daily,0.4960865484628051,16,0,16,tfidf
right_none_daily,right_none,right,none,2024-09-01,D,daily,0.5291440111270806,31,0,31,tfidf
right_none_daily,right_none,right,none,2024-09-02,D,daily,0.5251303332056889,15,0,15,tfidf
right_none_daily,right_none,right,none,2024-09-03,D,daily,0.8232860611965654,6,0,6,tfidf
right_none_daily,right_none,right,none,2024-09-04,D,daily,0.7003792360331541,17,0,17,tfidf
right_none_daily,right_none,right,none,2024-09-05,D,daily,0.5363872445390394,15,0,15,tfidf
right_none_daily,right_none,right,none,2024-09-06,D,daily,0.5292490771158302,17,0,17,tfidf
right_none_daily,right_none,right,none,2024-09-07,D,daily,0.7267843338208253,7,0,7,tfidf
right_none_daily,right_none,right,none,2024-09-08,D,daily,0.7014971749456473,20,0,20,tfidf
right_none_daily,right_none,right,none,2024-09-09,D,daily,0.597282378320732,20,0,20,tfidf
right_none_daily,right_none,right,none,2024-09-10,D,daily,0.5163457449698812,13,0,13,tfidf
right_none_daily,right_none,right,none,2024-09-11,D,daily,0.6264793992443911,20,0,20,tfidf
right_none_daily,right_none,right,none,2024-09-12,D,daily,0.5014867254580905,9,0,9,tfidf
right_none_daily,right_none,right,none,2024-09-13,D,daily,0.5142867720755467,20,0,20,tfidf
right_none_daily,right_none,right,none,2024-09-15,D,daily,0.555516164883022,20,0,20,tfidf
right_none_daily,right_none,right,none,2024-09-16,D,daily,0.6558958068803544,11,0,11,tfidf
right_none_daily,right_none,right,none,2024-09-17,D,daily,0.5274784574940606,20,0,20,tfidf
right_none_daily,right_none,right,none,2024-09-18,D,daily,0.48484603679202876,14,0,14,tfidf
right_none_daily,right_none,right,none,2024-09-19,D,daily,0.5813870653844033,13,0,13,tfidf
right_none_daily,right_none,right,none,2024-09-20,D,daily,0.5056870163587363,20,0,20,tfidf
right_none_daily,right_none,right,none,2024-09-21,D,daily,0.5403816528206968,6,0,6,tfidf
right_none_daily,right_none,right,none,2024-09-22,D,daily,0.5918749423196714,21,0,21,tfidf
right_none_daily,right_none,right,none,2024-09-23,D,daily,0.5311712661042582,20,0,20,tfidf
right_none_daily,right_none,right,none,2024-09-24,D,daily,0.5175806466423652,16,0,16,tfidf
right_none_daily,right_none,right,none,2024-09-25,D,daily,0.5706798575283833,21,0,21,tfidf
right_none_daily,right_none,right,none,2024-09-26,D,daily,0.5637592806531248,16,0,16,tfidf
right_none_daily,right_none,right,none,2024-09-27,D,daily,0.5447717308918526,16,0,16,tfidf
right_none_daily,right_none,right,none,2024-09-29,D,daily,0.6338705039444475,18,0,18,tfidf
right_none_daily,right_none,right,none,2024-09-30,D,daily,0.5186617836980035,24,0,24,tfidf
right_none_daily,right_none,right,none,2024-10-01,D,daily,0.47592852300900157,64,0,64,tfidf
right_none_daily,right_none,right,none,2024-10-02,D,daily,0.6633890855878242,10,0,10,tfidf
right_none_daily,right_none,right,none,2024-10-03,D,daily,0.6889819975085834,17,0,17,tfidf
right_none_daily,right_none,right,none,2024-10-04,D,daily,0.5770010313400188,12,0,12,tfidf
right_none_daily,right_none,right,none,2024-10-05,D,daily,0.5565885629180545,10,0,10,tfidf
right_none_daily,right_none,right,none,2024-10-06,D,daily,0.8142061332438729,15,0,15,tfidf
right_none_daily,right_none,right,none,2024-10-07,D,daily,0.7535300753478877,11,0,11,tfidf
right_none_daily,right_none,right,none,2024-10-08,D,daily,0.5282568118169801,20,0,20,tfidf
right_none_daily,right_none,right,none,2024-10-09,D,daily,0.41432744150195877,12,0,12,tfidf
right_none_daily,right_none,right,none,2024-10-10,D,daily,0.48968117730338134,12,0,12,tfidf
right_none_daily,right_none,right,none,2024-10-11,D,daily,0.5830146991473832,25,0,25,tfidf
right_none_daily,right_none,right,none,2024-10-12,D,daily,0.45914062430153835,11,0,11,tfidf
right_none_daily,right_none,right,none,2024-10-13,D,daily,0.5528619733464214,22,0,22,tfidf
right_none_daily,right_none,right,none,2024-10-14,D,daily,0.5402710602918295,13,0,13,tfidf
right_none_daily,right_none,right,none,2024-10-16,D,daily,0.46983230745637083,25,0,25,tfidf
right_none_daily,right_none,right,none,2024-10-17,D,daily,0.519651324409711,17,0,17,tfidf
right_none_daily,right_none,right,none,2024-10-18,D,daily,0.5979766632289694,14,0,14,tfidf
right_none_daily,right_none,right,none,2024-10-19,D,daily,0.6471785251936548,7,0,7,tfidf
right_none_daily,right_none,right,none,2024-10-20,D,daily,0.7976787163853977,16,0,16,tfidf
right_none_daily,right_none,right,none,2024-10-23,D,daily,0.7200731433236329,20,0,20,tfidf
right_none_daily,right_none,right,none,2024-10-24,D,daily,0.5349883993850348,17,0,17,tfidf
right_none_daily,right_none,right,none,2024-10-25,D,daily,0.6175392237001274,23,0,23,tfidf
right_none_daily,right_none,right,none,2024-10-26,D,daily,0.806342961029343,5,0,5,tfidf
right_none_daily,right_none,right,none,2024-10-27,D,daily,0.6768570413490477,21,0,21,tfidf
right_none_daily,right_none,right,none,2024-10-28,D,daily,0.512017348958552,19,0,19,tfidf
right_none_daily,right_none,right,none,2024-10-29,D,daily,0.6355652501943769,9,0,9,tfidf
right_none_daily,right_none,right,none,2024-10-31,D,daily,0.6237698483966225,38,0,38,tfidf
right_none_daily,right_none,right,none,2024-11-01,D,daily,0.4175054759609612,53,0,53,tfidf
right_none_daily,right_none,right,none,2024-11-02,D,daily,0.5995209667732355,10,0,10,tfidf
right_none_daily,right_none,right,none,2024-11-03,D,daily,0.6709823318561876,12,0,12,tfidf
right_none_daily,right_none,right,none,2024-11-04,D,daily,0.5736049814135812,27,0,27,tfidf
right_none_daily,right_none,right,none,2024-11-05,D,daily,0.47566850972159624,20,0,20,tfidf
right_none_daily,right_none,right,none,2024-11-06,D,daily,0.47875457635228036,20,0,20,tfidf
right_none_daily,right_none,right,none,2024-11-08,D,daily,0.3698136999217174,20,0,20,tfidf
right_none_daily,right_none,right,none,2024-11-09,D,daily,0.5936922436093315,5,0,5,tfidf
right_none_daily,right_none,right,none,2024-11-10,D,daily,0.6717756747230184,23,0,23,tfidf
right_none_daily,right_none,right,none,2024-11-13,D,daily,0.6379355536692983,15,0,15,tfidf
right_none_daily,right_none,right,none,2024-11-15,D,daily,0.5477321739873902,18,0,18,tfidf
right_none_daily,right_none,right,none,2024-11-16,D,daily,0.8221480187047063,11,0,11,tfidf
right_none_daily,right_none,right,none,2024-11-17,D,daily,0.8509136060353716,8,0,8,tfidf
right_none_daily,right_none,right,none,2024-11-18,D,daily,0.8129942357252257,9,0,9,tfidf
right_none_daily,right_none,right,none,2024-11-19,D,daily,0.607950338101485,12,0,12,tfidf
right_none_daily,right_none,right,none,2024-11-20,D,daily,0.47586398284842835,23,0,23,tfidf
right_none_daily,right_none,right,none,2024-11-21,D,daily,0.5642990666262788,15,0,15,tfidf
right_none_daily,right_none,right,none,2024-11-22,D,daily,0.6524517123768038,7,0,7,tfidf
right_none_daily,right_none,right,none,2024-11-23,D,daily,0.634259873134266,19,0,19,tfidf
right_none_daily,right_none,right,none,2024-11-24,D,daily,0.7254895039161213,14,0,14,tfidf
right_none_daily,right_none,right,none,2024-11-25,D,daily,0.8789251396204234,7,0,7,tfidf
right_none_daily,right_none,right,none,2024-11-26,D,daily,0.7336447630548356,10,0,10,tfidf
right_none_daily,right_none,right,none,2024-11-27,D,daily,0.6469753837453357,12,0,12,tfidf
right_none_daily,right_none,right,none,2024-11-28,D,daily,0.6432590565283736,13,0,13,tfidf
right_none_daily,right_none,right,none,2024-11-29,D,daily,0.520892776295514,25,0,25,tfidf
right_none_daily,right_none,right,none,2024-11-30,D,daily,0.6480733733380677,18,0,18,tfidf
right_none_daily,right_none,right,none,2024-12-01,D,daily,0.6683462299753395,33,0,33,tfidf
right_none_daily,right_none,right,none,2024-12-03,D,daily,0.7380411088682931,20,0,20,tfidf
right_none_daily,right_none,right,none,2024-12-04,D,daily,0.5192253842996483,19,0,19,tfidf
right_none_daily,right_none,right,none,2024-12-05,D,daily,0.5408589599653293,17,0,17,tfidf
right_none_daily,right_none,right,none,2024-12-06,D,daily,0.6460064870598894,11,0,11,tfidf
right_none_daily,right_none,right,none,2024-12-08,D,daily,0.6960773496530368,19,0,19,tfidf
right_none_daily,right_none,right,none,2024-12-09,D,daily,0.5295843735924072,5,0,5,tfidf
right_none_daily,right_none,right,none,2024-12-10,D,daily,0.6867394503253754,16,0,16,tfidf
right_none_daily,right_none,right,none,2024-12-11,D,daily,0.6213735056623215,11,0,11,tfidf
right_none_daily,right_none,right,none,2024-12-13,D,daily,0.7134447245824673,13,0,13,tfidf
right_none_daily,right_none,right,none,2024-12-14,D,daily,0.723986086590453,9,0,9,tfidf
right_none_daily,right_none,right,none,2024-12-15,D,daily,0.7049879902719907,17,0,17,tfidf
right_none_daily,right_none,right,none,2024-12-16,D,daily,0.7007964443609498,13,0,13,tfidf
right_none_daily,right_none,right,none,2024-12-17,D,daily,0.6163622840088436,18,0,18,tfidf
right_none_daily,right_none,right,none,2024-12-18,D,daily,0.5936595194091299,20,0,20,tfidf
right_none_daily,right_none,right,none,2024-12-19,D,daily,0.5756518409650029,16,0,16,tfidf
right_none_daily,right_none,right,none,2024-12-20,D,daily,0.6101440991755327,13,0,13,tfidf
right_none_daily,right_none,right,none,2024-12-21,D,daily,0.807671015555082,10,0,10,tfidf
right_none_daily,right_none,right,none,2024-12-22,D,daily,0.7449993937799437,6,0,6,tfidf
right_none_daily,right_none,right,none,2024-12-23,D,daily,0.8851940969768677,8,0,8,tfidf
right_none_daily,right_none,right,none,2024-12-24,D,daily,0.7906769850333705,8,0,8,tfidf
right_none_daily,right_none,right,none,2024-12-25,D,daily,0.787090153652837,7,0,7,tfidf
right_none_daily,right_none,right,none,2024-12-26,D,daily,0.7328680936243028,14,0,14,tfidf
right_none_daily,right_none,right,none,2024-12-27,D,daily,0.5890536193550407,13,0,13,tfidf
right_none_daily,right_none,right,none,2024-12-28,D,daily,0.6456100655440429,10,0,10,tfidf
right_none_daily,right_none,right,none,2024-12-29,D,daily,0.8222686724244975,8,0,8,tfidf
right_none_daily,right_none,right,none,2024-12-30,D,daily,0.7069282034068141,14,0,14,tfidf
right_none_daily,right_none,right,none,2024-12-31,D,daily,0.5992581486646296,45,0,45,tfidf
right_none_daily,right_none,right,none,2025-01-01,D,daily,0.587855112421185,16,0,16,tfidf
right_none_daily,right_none,right,none,2025-01-02,D,daily,0.6760134528079458,13,0,13,tfidf
right_none_daily,right_none,right,none,2025-01-03,D,daily,0.6815795035750657,15,0,15,tfidf
right_none_daily,right_none,right,none,2025-01-04,D,daily,0.7774980605712024,5,0,5,tfidf
right_none_daily,right_none,right,none,2025-01-05,D,daily,0.8359068542274306,18,0,18,tfidf
right_none_daily,right_none,right,none,2025-01-06,D,daily,0.7385555194689402,16,0,16,tfidf
right_none_daily,right_none,right,none,2025-01-07,D,daily,0.4889799176783848,8,0,8,tfidf
right_none_daily,right_none,right,none,2025-01-08,D,daily,0.6976325720318028,20,0,20,tfidf
right_none_daily,right_none,right,none,2025-01-09,D,daily,0.551039071036658,14,0,14,tfidf
right_none_daily,right_none,right,none,2025-01-11,D,daily,0.5623948940020402,17,0,17,tfidf
right_none_daily,right_none,right,none,2025-01-12,D,daily,0.6724677417307339,5,0,5,tfidf
right_none_daily,right_none,right,none,2025-01-14,D,daily,0.7938699706678668,17,0,17,tfidf
right_none_daily,right_none,right,none,2025-01-15,D,daily,0.6372353528120929,21,0,21,tfidf
right_none_daily,right_none,right,none,2025-01-16,D,daily,0.5810224375671077,11,0,11,tfidf
right_none_daily,right_none,right,none,2025-01-17,D,daily,0.5545458859332891,19,0,19,tfidf
right_none_daily,right_none,right,none,2025-01-19,D,daily,0.7249283652477881,13,0,13,tfidf
right_none_daily,right_none,right,none,2025-01-20,D,daily,0.8068162205119735,20,0,20,tfidf
right_none_daily,right_none,right,none,2025-01-21,D,daily,0.4228385211665979,18,0,18,tfidf
right_none_daily,right_none,right,none,2025-01-22,D,daily,0.5404758283273021,19,0,19,tfidf
right_none_daily,right_none,right,none,2025-01-23,D,daily,0.4419126827095269,19,0,19,tfidf
right_none_daily,right_none,right,none,2025-01-24,D,daily,0.6083578792826807,15,0,15,tfidf
right_none_daily,right_none,right,none,2025-01-25,D,daily,0.6769334651414237,11,0,11,tfidf
right_none_daily,right_none,right,none,2025-01-26,D,daily,0.7950389894096203,15,0,15,tfidf
right_none_daily,right_none,right,none,2025-01-27,D,daily,0.7869463848774041,8,0,8,tfidf
right_none_daily,right_none,right,none,2025-01-28,D,daily,0.6634230266936914,17,0,17,tfidf
right_none_daily,right_none,right,none,2025-01-29,D,daily,0.5706171687840255,20,0,20,tfidf
right_none_daily,right_none,right,none,2025-01-30,D,daily,0.5261904622160021,21,0,21,tfidf
right_none_daily,right_none,right,none,2025-01-31,D,daily,0.6446968242177007,29,0,29,tfidf
right_none_daily,right_none,right,none,2025-02-01,D,daily,0.6366158545358234,30,0,30,tfidf
right_none_daily,right_none,right,none,2025-02-02,D,daily,0.5993848424438122,14,0,14,tfidf
right_none_daily,right_none,right,none,2025-02-03,D,daily,0.6119026749824767,20,0,20,tfidf
right_none_daily,right_none,right,none,2025-02-04,D,daily,0.565299611860297,21,0,21,tfidf
right_none_daily,right_none,right,none,2025-02-05,D,daily,0.5771720569923104,20,0,20,tfidf
right_none_daily,right_none,right,none,2025-02-06,D,daily,0.43288495093429535,20,0,20,tfidf
right_none_daily,right_none,right,none,2025-02-07,D,daily,0.4240965850265793,15,0,15,tfidf
right_none_daily,right_none,right,none,2025-02-08,D,daily,0.660087675210185,9,0,9,tfidf
right_none_daily,right_none,right,none,2025-02-09,D,daily,0.8500047100140206,15,0,15,tfidf
right_none_daily,right_none,right,none,2025-02-10,D,daily,0.7175560395959983,10,0,10,tfidf
right_none_daily,right_none,right,none,2025-02-12,D,daily,0.5309273185512442,17,0,17,tfidf
right_none_daily,right_none,right,none,2025-02-13,D,daily,0.5841211143124523,10,0,10,tfidf
right_none_daily,right_none,right,none,2025-02-14,D,daily,0.604724694143579,17,0,17,tfidf
right_none_daily,right_none,right,none,2025-02-16,D,daily,0.6071351827985768,20,0,20,tfidf
right_none_daily,right_none,right,none,2025-02-17,D,daily,0.6890454498783224,8,0,8,tfidf
right_none_daily,right_none,right,none,2025-02-18,D,daily,0.5823502451202232,20,0,20,tfidf
right_none_daily,right_none,right,none,2025-02-19,D,daily,0.4054259043510373,24,0,24,tfidf
