stream_group,stream_source,stream_family,sampling,time_window,time_window_code,time_window_name,drift_score,n_articles,left_articles,right_articles,feature_type
left_none_daily,left_none,left,none,2024-02-08,D,daily,0.8209097730157026,7,7,0,tfidf
left_none_daily,left_none,left,none,2024-02-13,D,daily,0.7836294365715035,5,5,0,tfidf
left_none_daily,left_none,left,none,2024-02-16,D,daily,0.9072992510832959,6,6,0,tfidf
left_none_daily,left_none,left,none,2024-02-28,D,daily,0.9098592875321381,5,5,0,tfidf
left_none_daily,left_none,left,none,2024-03-11,D,daily,0.7281695435729423,5,5,0,tfidf
left_none_daily,left_none,left,none,2024-03-13,D,daily,0.8375377080983416,6,6,0,tfidf
left_none_daily,left_none,left,none,2024-04-01,D,daily,0.8478066428107633,5,5,0,tfidf
left_none_daily,left_none,left,none,2024-04-04,D,daily,0.81862593672995,5,5,0,tfidf
left_none_daily,left_none,left,none,2024-04-10,D,daily,0.8424757641298719,6,6,0,tfidf
left_none_daily,left_none,left,none,2024-04-11,D,daily,0.8551898981301123,6,6,0,tfidf
left_none_daily,left_none,left,none,2024-04-15,D,daily,0.9003309100018102,6,6,0,tfidf
left_none_daily,left_none,left,none,2024-04-24,D,daily,0.8718492355669973,6,6,0,tfidf
left_none_daily,left_none,left,none,2024-04-30,D,daily,0.8862650095274921,6,6,0,tfidf
left_none_daily,left_none,left,none,2024-05-03,D,daily,0.7452093820169812,6,6,0,tfidf
left_none_daily,left_none,left,none,2024-05-10,D,daily,0.8909135006351823,5,5,0,tfidf
left_none_daily,left_none,left,none,2024-05-16,D,daily,0.9082102554044037,5,5,0,tfidf
left_none_daily,left_none,left,none,2024-06-04,D,daily,0.8438020376925905,6,6,0,tfidf
left_none_daily,left_none,left,none,2024-06-13,D,daily,0.7871175519452915,6,6,0,tfidf
left_none_daily,left_none,left,none,2024-06-28,D,daily,0.8002932077470387,7,7,0,tfidf
left_none_daily,left_none,left,none,2024-07-02,D,daily,0.8972947789193212,7,7,0,tfidf
left_none_daily,left_none,left,none,2024-07-08,D,daily,0.8903423325423698,5,5,0,tfidf
left_none_daily,left_none,left,none,2024-07-16,D,daily,0.912206577920844,6,6,0,tfidf
left_none_daily,left_none,left,none,2024-07-17,D,daily,0.8100178927905237,5,5,0,tfidf
left_none_daily,left_none,left,none,2024-07-18,D,daily,0.6180612903619278,8,8,0,tfidf
left_none_daily,left_none,left,none,2024-07-23,D,daily,0.6814602893882769,5,5,0,tfidf
left_none_daily,left_none,left,none,2024-08-01,D,daily,0.7679809937268215,6,6,0,tfidf
left_none_daily,left_none,left,none,2024-08-02,D,daily,0.7713871256579592,7,7,0,tfidf
left_none_daily,left_none,left,none,2024-08-07,D,daily,0.8566590068267051,5,5,0,tfidf
left_none_daily,left_none,left,none,2024-08-14,D,daily,0.8823754078155635,5,5,0,tfidf
left_none_daily,left_none,left,none,2024-08-21,D,daily,0.7494882872904137,9,9,0,tfidf
left_none_daily,left_none,left,none,2024-08-22,D,daily,0.7329777629826869,7,7,0,tfidf
left_none_daily,left_none,left,none,2024-08-27,D,daily,0.7932160548477626,9,9,0,tfidf
left_none_daily,left_none,left,none,2024-09-04,D,daily,0.8209858498358646,6,6,0,tfidf
left_none_daily,left_none,left,none,2024-09-06,D,daily,0.7132501748564553,5,5,0,tfidf
left_none_daily,left_none,left,none,2024-09-10,D,daily,0.8074619535290591,5,5,0,tfidf
left_none_daily,left_none,left,none,2024-09-13,D,daily,0.7978785650045168,5,5,0,tfidf
left_none_daily,left_none,left,none,2024-09-20,D,daily,0.8027855002286222,5,5,0,tfidf
left_none_daily,left_none,left,none,2024-09-23,D,daily,0.5493765992069853,5,5,0,tfidf
left_none_daily,left_none,left,none,2024-09-25,D,daily,0.7498324752752594,11,11,0,tfidf
left_none_daily,left_none,left,none,2024-09-27,D,daily,0.7420172483356424,7,7,0,tfidf
left_none_daily,left_none,left,none,2024-10-07,D,daily,0.7605563033636077,5,5,0,tfidf
left_none_daily,left_none,left,none,2024-10-10,D,daily,0.8626067899532301,5,5,0,tfidf
left_none_daily,left_none,left,none,2024-10-21,D,daily,0.7991788915331098,10,10,0,tfidf
left_none_daily,left_none,left,none,2024-10-24,D,daily,0.7031771566725222,5,5,0,tfidf
left_none_daily,left_none,left,none,2024-10-25,D,daily,0.6786312962098018,5,5,0,tfidf
left_none_daily,left_none,left,none,2024-11-01,D,daily,0.595547247746193,8,8,0,tfidf
left_none_daily,left_none,left,none,2024-11-05,D,daily,0.5109295017721392,5,5,0,tfidf
left_none_daily,left_none,left,none,2024-11-11,D,daily,0.7526871537538222,6,6,0,tfidf
left_none_daily,left_none,left,none,2024-11-13,D,daily,0.771905275781525,5,5,0,tfidf
left_none_daily,left_none,left,none,2024-11-15,D,daily,0.7149706648104388,7,7,0,tfidf
left_none_daily,left_none,left,none,2024-11-25,D,daily,0.7224287766111888,7,7,0,tfidf
left_none_daily,left_none,left,none,2024-12-03,D,daily,0.8689666282020697,5,5,0,tfidf
left_none_daily,left_none,left,none,2024-12-09,D,daily,0.8798505731046911,5,5,0,tfidf
left_none_daily,left_none,left,none,2024-12-17,D,daily,0.8798198664871066,6,6,0,tfidf
left_none_daily,left_none,left,none,2024-12-18,D,daily,0.8629893280930103,8,8,0,tfidf
left_none_daily,left_none,left,none,2025-01-06,D,daily,0.7410397647470457,5,5,0,tfidf
left_none_daily,left_none,left,none,2025-01-09,D,daily,0.8363944550185949,6,6,0,tfidf
left_none_daily,left_none,left,none,2025-01-13,D,daily,0.8278201413757361,5,5,0,tfidf
left_none_daily,left_none,left,none,2025-01-16,D,daily,0.8571448779660459,5,5,0,tfidf
left_none_daily,left_none,left,none,2025-01-20,D,daily,0.8634942942594159,7,7,0,tfidf
left_none_daily,left_none,left,none,2025-01-23,D,daily,0.8767730565531668,7,7,0,tfidf
left_none_daily,left_none,left,none,2025-01-24,D,daily,0.8542433774980454,5,5,0,tfidf
left_none_daily,left_none,left,none,2025-01-30,D,daily,0.8616180120361063,5,5,0,tfidf
left_none_daily,left_none,left,none,2025-02-03,D,daily,0.8800697227599055,6,6,0,tfidf
left_none_daily,left_none,left,none,2025-02-04,D,daily,0.8935733984980404,5,5,0,tfidf
left_none_daily,left_none,left,none,2025-02-06,D,daily,0.8578841474050437,7,7,0,tfidf
left_none_daily,left_none,left,none,2025-02-07,D,daily,0.7908826952909676,5,5,0,tfidf
left_none_daily,left_none,left,none,2025-02-13,D,daily,0.7032587539360284,5,5,0,tfidf
left_none_daily,left_none,left,none,2025-02-19,D,daily,0.7822530615359243,5,5,0,tfidf
mixed_global_undersampled_daily,mixed_global_undersampled,mixed,global_undersampled,2024-02-08,D,daily,0.8038785022238875,9,7,2,tfidf
mixed_global_undersampled_daily,mixed_global_undersampled,mixed,global_undersampled,2024-02-11,D,daily,0.8664936152266016,6,1,5,tfidf
mixed_global_undersampled_daily,mixed_global_undersampled,mixed,global_undersampled,2024-02-12,D,daily,0.8257184480831685,8,2,6,tfidf
mixed_global_undersampled_daily,mixed_global_undersampled,mixed,global_undersampled,2024-02-13,D,daily,0.8387338666981327,5,5,0,tfidf
mixed_global_undersampled_daily,mixed_global_undersampled,mixed,global_undersampled,2024-02-15,D,daily,0.8571528621087909,6,4,2,tfidf
mixed_global_undersampled_daily,mixed_global_undersampled,mixed,global_undersampled,2024-02-16,D,daily,0.8518343547343561,9,6,3,tfidf
mixed_global_undersampled_daily,mixed_global_undersampled,mixed,global_undersampled,2024-02-17,D,daily,0.5827020936048029,6,3,3,tfidf
mixed_global_undersampled_daily,mixed_global_undersampled,mixed,global_undersampled,2024-02-18,D,daily,0.8480308209824061,5,0,5,tfidf
mixed_global_undersampled_daily,mixed_global_undersampled,mixed,global_undersampled,2024-02-20,D,daily,0.8907075110090097,6,3,3,tfidf
mixed_global_undersampled_daily,mixed_global_undersampled,mixed,global_undersampled,2024-02-22,D,daily,0.9139946400285539,5,2,3,tfidf
mixed_global_undersampled_daily,mixed_global_undersampled,mixed,global_undersampled,2024-02-23,D,daily,0.913204784816956,7,3,4,tfidf
mixed_global_undersampled_daily,mixed_global_undersampled,mixed,global_undersampled,2024-02-25,D,daily,0.8557964155767853,8,3,5,tfidf
mixed_global_undersampled_daily,mixed_global_undersampled,mixed,global_undersampled,2024-02-27,D,daily,0.9048530668191851,5,4,1,tfidf
mixed_global_undersampled_daily,mixed_global_undersampled,mixed,global_undersampled,2024-02-28,D,daily,0.8188631679418727,12,5,7,tfidf
mixed_global_undersampled_daily,mixed_global_undersampled,mixed,global_undersampled,2024-02-29,D,daily,0.7718392754746783,7,3,4,tfidf
mixed_global_undersampled_daily,mixed_global_undersampled,mixed,global_undersampled,2024-03-01,D,daily,0.859495031481348,11,3,8,tfidf
mixed_global_undersampled_daily,mixed_global_undersampled,mixed,global_undersampled,2024-03-03,D,daily,0.8876254418153541,7,3,4,tfidf
mixed_global_undersampled_daily,mixed_global_undersampled,mixed,global_undersampled,2024-03-04,D,daily,0.884712025676386,10,4,6,tfidf
mixed_global_undersampled_daily,mixed_global_undersampled,mixed,global_undersampled,2024-03-06,D,daily,0.766313768122771,7,4,3,tfidf
mixed_global_undersampled_daily,mixed_global_undersampled,mixed,global_undersampled,2024-03-07,D,daily,0.8350299593081326,5,3,2,tfidf
mixed_global_undersampled_daily,mixed_global_undersampled,mixed,global_undersampled,2024-03-10,D,daily,0.8943565230848378,5,1,4,tfidf
mixed_global_undersampled_daily,mixed_global_undersampled,mixed,global_undersampled,2024-03-11,D,daily,0.8845494816871744,7,5,2,tfidf
mixed_global_undersampled_daily,mixed_global_undersampled,mixed,global_undersampled,2024-03-13,D,daily,0.8149143675610726,10,6,4,tfidf
mixed_global_undersampled_daily,mixed_global_undersampled,mixed,global_undersampled,2024-03-17,D,daily,0.8360420984616888,8,3,5,tfidf
mixed_global_undersampled_daily,mixed_global_undersampled,mixed,global_undersampled,2024-03-20,D,daily,0.8859119827353984,7,3,4,tfidf
mixed_global_undersampled_daily,mixed_global_undersampled,mixed,global_undersampled,2024-03-26,D,daily,0.8776010834290097,5,1,4,tfidf
mixed_global_undersampled_daily,mixed_global_undersampled,mixed,global_undersampled,2024-03-27,D,daily,0.903858662191295,5,2,3,tfidf
mixed_global_undersampled_daily,mixed_global_undersampled,mixed,global_undersampled,2024-03-29,D,daily,0.7554674169468968,11,4,7,tfidf
mixed_global_undersampled_daily,mixed_global_undersampled,mixed,global_undersampled,2024-03-30,D,daily,0.8519553951948285,5,0,5,tfidf
mixed_global_undersampled_daily,mixed_global_undersampled,mixed,global_undersampled,2024-04-01,D,daily,0.8372841266359559,12,5,7,tfidf
mixed_global_undersampled_daily,mixed_global_undersampled,mixed,global_undersampled,2024-04-02,D,daily,0.7508897262279063,5,3,2,tfidf
mixed_global_undersampled_daily,mixed_global_undersampled,mixed,global_undersampled,2024-04-04,D,daily,0.694410538444201,9,5,4,tfidf
mixed_global_undersampled_daily,mixed_global_undersampled,mixed,global_undersampled,2024-04-05,D,daily,0.7915145341660311,8,4,4,tfidf
mixed_global_undersampled_daily,mixed_global_undersampled,mixed,global_undersampled,2024-04-08,D,daily,0.8523576551613101,6,4,2,tfidf
mixed_global_undersampled_daily,mixed_global_undersampled,mixed,global_undersampled,2024-04-10,D,daily,0.8450699604407986,9,6,3,tfidf
mixed_global_undersampled_daily,mixed_global_undersampled,mixed,global_undersampled,2024-04-11,D,daily,0.8503557651425735,6,6,0,tfidf
mixed_global_undersampled_daily,mixed_global_undersampled,mixed,global_undersampled,2024-04-15,D,daily,0.9003309100018102,6,6,0,tfidf
mixed_global_undersampled_daily,mixed_global_undersampled,mixed,global_undersampled,2024-04-16,D,daily,0.8924369191399294,6,3,3,tfidf
mixed_global_undersampled_daily,mixed_global_undersampled,mixed,global_undersampled,2024-04-17,D,daily,0.9162910586676168,5,3,2,tfidf
mixed_global_undersampled_daily,mixed_global_undersampled,mixed,global_undersampled,2024-04-24,D,daily,0.8821471837172699,11,6,5,tfidf
mixed_global_undersampled_daily,mixed_global_undersampled,mixed,global_undersampled,2024-04-25,D,daily,0.8268529684356077,9,3,6,tfidf
mixed_global_undersampled_daily,mixed_global_undersampled,mixed,global_undersampled,2024-04-26,D,daily,0.8241081886265128,6,2,4,tfidf
mixed_global_undersampled_daily,mixed_global_undersampled,mixed,global_undersampled,2024-04-29,D,daily,0.7629398107083567,10,1,9,tfidf
mixed_global_undersampled_daily,mixed_global_undersampled,mixed,global_undersampled,2024-04-30,D,daily,0.7151621534066818,15,6,9,tfidf
mixed_global_undersampled_daily,mixed_global_undersampled,mixed,global_undersampled,2024-05-01,D,daily,0.604796492414214,8,3,5,tfidf
mixed_global_undersampled_daily,mixed_global_undersampled,mixed,global_undersampled,2024-05-02,D,daily,0.8879090239317469,6,3,3,tfidf
mixed_global_undersampled_daily,mixed_global_undersampled,mixed,global_undersampled,2024-05-03,D,daily,0.8661994126128345,7,6,1,tfidf
mixed_global_undersampled_daily,mixed_global_undersampled,mixed,global_undersampled,2024-05-05,D,daily,0.826132026334482,6,1,5,tfidf
mixed_global_undersampled_daily,mixed_global_undersampled,mixed,global_undersampled,2024-05-07,D,daily,0.7746144542834856,8,4,4,tfidf
mixed_global_undersampled_daily,mixed_global_undersampled,mixed,global_undersampled,2024-05-08,D,daily,0.8700903523420978,5,4,1,tfidf
mixed_global_undersampled_daily,mixed_global_undersampled,mixed,global_undersampled,2024-05-09,D,daily,0.9566419505442435,5,1,4,tfidf
mixed_global_undersampled_daily,mixed_global_undersampled,mixed,global_undersampled,2024-05-10,D,daily,0.9710648784247529,5,5,0,tfidf
mixed_global_undersampled_daily,mixed_global_undersampled,mixed,global_undersampled,2024-05-15,D,daily,0.9386616406818988,5,2,3,tfidf
mixed_global_undersampled_daily,mixed_global_undersampled,mixed,global_undersampled,2024-05-16,D,daily,0.8016637891682928,9,5,4,tfidf
mixed_global_undersampled_daily,mixed_global_undersampled,mixed,global_undersampled,2024-05-20,D,daily,0.7506340071514296,8,4,4,tfidf
mixed_global_undersampled_daily,mixed_global_undersampled,mixed,global_undersampled,2024-05-22,D,daily,0.7344099487534561,7,1,6,tfidf
mixed_global_undersampled_daily,mixed_global_undersampled,mixed,global_undersampled,2024-05-26,D,daily,0.897604518170593,6,1,5,tfidf
mixed_global_undersampled_daily,mixed_global_undersampled,mixed,global_undersampled,2024-05-28,D,daily,0.9478937021898655,9,3,6,tfidf
mixed_global_undersampled_daily,mixed_global_undersampled,mixed,global_undersampled,2024-05-31,D,daily,0.9306099046308959,6,3,3,tfidf
mixed_global_undersampled_daily,mixed_global_undersampled,mixed,global_undersampled,2024-06-01,D,daily,0.9038599211563092,11,0,11,tfidf
mixed_global_undersampled_daily,mixed_global_undersampled,mixed,global_undersampled,2024-06-04,D,daily,0.8721552873331927,8,6,2,tfidf
mixed_global_undersampled_daily,mixed_global_undersampled,mixed,global_undersampled,2024-06-07,D,daily,0.8233606087790786,6,4,2,tfidf
mixed_global_undersampled_daily,mixed_global_undersampled,mixed,global_undersampled,2024-06-09,D,daily,0.9045931159455115,6,2,4,tfidf
mixed_global_undersampled_daily,mixed_global_undersampled,mixed,global_undersampled,2024-06-11,D,daily,0.8431037199022552,10,4,6,tfidf
mixed_global_undersampled_daily,mixed_global_undersampled,mixed,global_undersampled,2024-06-13,D,daily,0.8089899587147028,7,6,1,tfidf
mixed_global_undersampled_daily,mixed_global_undersampled,mixed,global_undersampled,2024-06-14,D,daily,0.8196258994651683,6,4,2,tfidf
mixed_global_undersampled_daily,mixed_global_undersampled,mixed,global_undersampled,2024-06-16,D,daily,0.8870216338334935,6,1,5,tfidf
mixed_global_undersampled_daily,mixed_global_undersampled,mixed,global_undersampled,2024-06-20,D,daily,0.9053615479732153,6,2,4,tfidf
mixed_global_undersampled_daily,mixed_global_undersampled,mixed,global_undersampled,2024-06-24,D,daily,0.867749006362537,5,2,3,tfidf
mixed_global_undersampled_daily,mixed_global_undersampled,mixed,global_undersampled,2024-06-28,D,daily,0.8826442315381758,10,7,3,tfidf
mixed_global_undersampled_daily,mixed_global_undersampled,mixed,global_undersampled,2024-07-01,D,daily,0.7652828048102962,6,1,5,tfidf
mixed_global_undersampled_daily,mixed_global_undersampled,mixed,global_undersampled,2024-07-02,D,daily,0.8443486170617865,19,7,12,tfidf
mixed_global_undersampled_daily,mixed_global_undersampled,mixed,global_undersampled,2024-07-08,D,daily,0.8160618532432194,6,5,1,tfidf
mixed_global_undersampled_daily,mixed_global_undersampled,mixed,global_undersampled,2024-07-11,D,daily,0.7403877448163373,9,4,5,tfidf
mixed_global_undersampled_daily,mixed_global_undersampled,mixed,global_undersampled,2024-07-14,D,daily,0.8646854656006238,6,2,4,tfidf
mixed_global_undersampled_daily,mixed_global_undersampled,mixed,global_undersampled,2024-07-16,D,daily,0.926254661535008,6,6,0,tfidf
mixed_global_undersampled_daily,mixed_global_undersampled,mixed,global_undersampled,2024-07-17,D,daily,0.8105138831234902,6,5,1,tfidf
mixed_global_undersampled_daily,mixed_global_undersampled,mixed,global_undersampled,2024-07-18,D,daily,0.617544365165177,11,8,3,tfidf
mixed_global_undersampled_daily,mixed_global_undersampled,mixed,global_undersampled,2024-07-19,D,daily,0.7693831379398538,5,1,4,tfidf
mixed_global_undersampled_daily,mixed_global_undersampled,mixed,global_undersampled,2024-07-23,D,daily,0.8656841112750399,7,5,2,tfidf
mixed_global_undersampled_daily,mixed_global_undersampled,mixed,global_undersampled,2024-07-25,D,daily,0.9646199834352595,7,4,3,tfidf
mixed_global_undersampled_daily,mixed_global_undersampled,mixed,global_undersampled,2024-07-30,D,daily,0.9582412648484434,5,1,4,tfidf
mixed_global_undersampled_daily,mixed_global_undersampled,mixed,global_undersampled,2024-07-31,D,daily,0.7917089706394778,5,0,5,tfidf
mixed_global_undersampled_daily,mixed_global_undersampled,mixed,global_undersampled,2024-08-01,D,daily,0.840131043359561,15,6,9,tfidf
mixed_global_undersampled_daily,mixed_global_undersampled,mixed,global_undersampled,2024-08-02,D,daily,0.7246024778103476,10,7,3,tfidf
mixed_global_undersampled_daily,mixed_global_undersampled,mixed,global_undersampled,2024-08-03,D,daily,0.7537067714920627,6,1,5,tfidf
mixed_global_undersampled_daily,mixed_global_undersampled,mixed,global_undersampled,2024-08-06,D,daily,0.8517118396492974,7,3,4,tfidf
mixed_global_undersampled_daily,mixed_global_undersampled,mixed,global_undersampled,2024-08-07,D,daily,0.85634814702898,7,5,2,tfidf
mixed_global_undersampled_daily,mixed_global_undersampled,mixed,global_undersampled,2024-08-13,D,daily,0.9145871446072167,5,3,2,tfidf
mixed_global_undersampled_daily,mixed_global_undersampled,mixed,global_undersampled,2024-08-14,D,daily,0.8925869801698627,8,5,3,tfidf
mixed_global_undersampled_daily,mixed_global_undersampled,mixed,global_undersampled,2024-08-15,D,daily,0.8231082296864972,8,3,5,tfidf
mixed_global_undersampled_daily,mixed_global_undersampled,mixed,global_undersampled,2024-08-16,D,daily,0.7476228562509543,5,4,1,tfidf
mixed_global_undersampled_daily,mixed_global_undersampled,mixed,global_undersampled,2024-08-17,D,daily,0.815828628258293,5,3,2,tfidf
mixed_global_undersampled_daily,mixed_global_undersampled,mixed,global_undersampled,2024-08-18,D,daily,0.8547916140268026,5,0,5,tfidf
mixed_global_undersampled_daily,mixed_global_undersampled,mixed,global_undersampled,2024-08-20,D,daily,0.8262063642633142,5,2,3,tfidf
mixed_global_undersampled_daily,mixed_global_undersampled,mixed,global_undersampled,2024-08-21,D,daily,0.742411582881784,12,9,3,tfidf
mixed_global_undersampled_daily,mixed_global_undersampled,mixed,global_undersampled,2024-08-22,D,daily,0.7034297249843099,9,7,2,tfidf
mixed_global_undersampled_daily,mixed_global_undersampled,mixed,global_undersampled,2024-08-24,D,daily,0.7928239861789951,7,4,3,tfidf
mixed_global_undersampled_daily,mixed_global_undersampled,mixed,global_undersampled,2024-08-27,D,daily,0.8472096804689551,11,9,2,tfidf
mixed_global_undersampled_daily,mixed_global_undersampled,mixed,global_undersampled,2024-08-28,D,daily,0.8049812612276965,6,4,2,tfidf
mixed_global_undersampled_daily,mixed_global_undersampled,mixed,global_undersampled,2024-08-30,D,daily,0.9243761737571926,8,0,8,tfidf
mixed_global_undersampled_daily,mixed_global_undersampled,mixed,global_undersampled,2024-09-02,D,daily,0.9061832929914875,7,4,3,tfidf
mixed_global_undersampled_daily,mixed_global_undersampled,mixed,global_undersampled,2024-09-04,D,daily,0.8281696717017499,10,6,4,tfidf
mixed_global_undersampled_daily,mixed_global_undersampled,mixed,global_undersampled,2024-09-05,D,daily,0.7091925327444035,5,3,2,tfidf
mixed_global_undersampled_daily,mixed_global_undersampled,mixed,global_undersampled,2024-09-06,D,daily,0.7844191859716503,6,5,1,tfidf
mixed_global_undersampled_daily,mixed_global_undersampled,mixed,global_undersampled,2024-09-09,D,daily,0.8692013577881149,6,2,4,tfidf
mixed_global_undersampled_daily,mixed_global_undersampled,mixed,global_undersampled,2024-09-10,D,daily,0.875497481917952,8,5,3,tfidf
mixed_global_undersampled_daily,mixed_global_undersampled,mixed,global_undersampled,2024-09-12,D,daily,0.8316293222977821,6,4,2,tfidf
mixed_global_undersampled_daily,mixed_global_undersampled,mixed,global_undersampled,2024-09-13,D,daily,0.8222476597305356,7,5,2,tfidf
mixed_global_undersampled_daily,mixed_global_undersampled,mixed,global_undersampled,2024-09-16,D,daily,0.8035324512519999,6,3,3,tfidf
mixed_global_undersampled_daily,mixed_global_undersampled,mixed,global_undersampled,2024-09-17,D,daily,0.7422499241020601,8,2,6,tfidf
mixed_global_undersampled_daily,mixed_global_undersampled,mixed,global_undersampled,2024-09-20,D,daily,0.7856221460438708,7,5,2,tfidf
mixed_global_undersampled_daily,mixed_global_undersampled,mixed,global_undersampled,2024-09-23,D,daily,0.5433337536578808,7,5,2,tfidf
mixed_global_undersampled_daily,mixed_global_undersampled,mixed,global_undersampled,2024-09-24,D,daily,0.6895900313269059,5,2,3,tfidf
mixed_global_undersampled_daily,mixed_global_undersampled,mixed,global_undersampled,2024-09-25,D,daily,0.8278011079739624,14,11,3,tfidf
mixed_global_undersampled_daily,mixed_global_undersampled,mixed,global_undersampled,2024-09-27,D,daily,0.7080608216932964,10,7,3,tfidf
mixed_global_undersampled_daily,mixed_global_undersampled,mixed,global_undersampled,2024-09-30,D,daily,0.7901551431006123,6,2,4,tfidf
mixed_global_undersampled_daily,mixed_global_undersampled,mixed,global_undersampled,2024-10-01,D,daily,0.8631434549510227,6,1,5,tfidf
mixed_global_undersampled_daily,mixed_global_undersampled,mixed,global_undersampled,2024-10-03,D,daily,0.8511187327380688,7,2,5,tfidf
mixed_global_undersampled_daily,mixed_global_undersampled,mixed,global_undersampled,2024-10-04,D,daily,0.8226857955804776,6,3,3,tfidf
mixed_global_undersampled_daily,mixed_global_undersampled,mixed,global_undersampled,2024-10-07,D,daily,0.8533927051693015,7,5,2,tfidf
mixed_global_undersampled_daily,mixed_global_undersampled,mixed,global_undersampled,2024-10-10,D,daily,0.8415039126453545,7,5,2,tfidf
mixed_global_undersampled_daily,mixed_global_undersampled,mixed,global_undersampled,2024-10-11,D,daily,0.7878163843138887,8,4,4,tfidf
mixed_global_undersampled_daily,mixed_global_undersampled,mixed,global_undersampled,2024-10-13,D,daily,0.8819920829749344,5,1,4,tfidf
mixed_global_undersampled_daily,mixed_global_undersampled,mixed,global_undersampled,2024-10-14,D,daily,0.9117255807035362,5,2,3,tfidf
mixed_global_undersampled_daily,mixed_global_undersampled,mixed,global_undersampled,2024-10-18,D,daily,0.8832424920405259,5,3,2,tfidf
mixed_global_undersampled_daily,mixed_global_undersampled,mixed,global_undersampled,2024-10-20,D,daily,0.9079957667699609,5,2,3,tfidf
mixed_global_undersampled_daily,mixed_global_undersampled,mixed,global_undersampled,2024-10-21,D,daily,0.8854104459096639,11,10,1,tfidf
mixed_global_undersampled_daily,mixed_global_undersampled,mixed,global_undersampled,2024-10-24,D,daily,0.6705426869170121,10,5,5,tfidf
mixed_global_undersampled_daily,mixed_global_undersampled,mixed,global_undersampled,2024-10-25,D,daily,0.6143075340177294,10,5,5,tfidf
mixed_global_undersampled_daily,mixed_global_undersampled,mixed,global_undersampled,2024-10-27,D,daily,0.8031924919408446,11,3,8,tfidf
mixed_global_undersampled_daily,mixed_global_undersampled,mixed,global_undersampled,2024-10-31,D,daily,0.8627695563535219,5,2,3,tfidf
mixed_global_undersampled_daily,mixed_global_undersampled,mixed,global_undersampled,2024-11-01,D,daily,0.7517014405532834,17,8,9,tfidf
mixed_global_undersampled_daily,mixed_global_undersampled,mixed,global_undersampled,2024-11-03,D,daily,0.7178417946949593,5,3,2,tfidf
mixed_global_undersampled_daily,mixed_global_undersampled,mixed,global_undersampled,2024-11-05,D,daily,0.7924985707324113,9,5,4,tfidf
mixed_global_undersampled_daily,mixed_global_undersampled,mixed,global_undersampled,2024-11-11,D,daily,0.7545593946588922,6,6,0,tfidf
mixed_global_undersampled_daily,mixed_global_undersampled,mixed,global_undersampled,2024-11-13,D,daily,0.771905275781525,5,5,0,tfidf
mixed_global_undersampled_daily,mixed_global_undersampled,mixed,global_undersampled,2024-11-15,D,daily,0.7151813275386752,11,7,4,tfidf
mixed_global_undersampled_daily,mixed_global_undersampled,mixed,global_undersampled,2024-11-20,D,daily,0.8867323515365639,8,3,5,tfidf
mixed_global_undersampled_daily,mixed_global_undersampled,mixed,global_undersampled,2024-11-21,D,daily,0.8853675491190888,7,3,4,tfidf
mixed_global_undersampled_daily,mixed_global_undersampled,mixed,global_undersampled,2024-11-23,D,daily,0.8974136486954494,6,4,2,tfidf
mixed_global_undersampled_daily,mixed_global_undersampled,mixed,global_undersampled,2024-11-24,D,daily,0.9001957104919043,7,2,5,tfidf
mixed_global_undersampled_daily,mixed_global_undersampled,mixed,global_undersampled,2024-11-25,D,daily,0.8270795757747169,10,7,3,tfidf
mixed_global_undersampled_daily,mixed_global_undersampled,mixed,global_undersampled,2024-11-26,D,daily,0.8727023403168604,7,3,4,tfidf
mixed_global_undersampled_daily,mixed_global_undersampled,mixed,global_undersampled,2024-11-27,D,daily,0.8992251727592088,5,4,1,tfidf
mixed_global_undersampled_daily,mixed_global_undersampled,mixed,global_undersampled,2024-12-01,D,daily,0.9062117501934084,8,2,6,tfidf
mixed_global_undersampled_daily,mixed_global_undersampled,mixed,global_undersampled,2024-12-03,D,daily,0.8721446295084161,11,5,6,tfidf
mixed_global_undersampled_daily,mixed_global_undersampled,mixed,global_undersampled,2024-12-04,D,daily,0.8760080100598308,9,4,5,tfidf
mixed_global_undersampled_daily,mixed_global_undersampled,mixed,global_undersampled,2024-12-09,D,daily,0.9044596448884631,5,5,0,tfidf
mixed_global_undersampled_daily,mixed_global_undersampled,mixed,global_undersampled,2024-12-13,D,daily,0.9007319317397736,6,3,3,tfidf
mixed_global_undersampled_daily,mixed_global_undersampled,mixed,global_undersampled,2024-12-16,D,daily,0.8838882202304217,5,3,2,tfidf
mixed_global_undersampled_daily,mixed_global_undersampled,mixed,global_undersampled,2024-12-17,D,daily,0.8247375374754593,8,6,2,tfidf
mixed_global_undersampled_daily,mixed_global_undersampled,mixed,global_undersampled,2024-12-18,D,daily,0.8313706323777024,12,8,4,tfidf
mixed_global_undersampled_daily,mixed_global_undersampled,mixed,global_undersampled,2024-12-27,D,daily,0.8905382394264627,7,4,3,tfidf
mixed_global_undersampled_daily,mixed_global_undersampled,mixed,global_undersampled,2024-12-31,D,daily,0.917804133709061,11,0,11,tfidf
mixed_global_undersampled_daily,mixed_global_undersampled,mixed,global_undersampled,2025-01-03,D,daily,0.8837630556639451,5,1,4,tfidf
mixed_global_undersampled_daily,mixed_global_undersampled,mixed,global_undersampled,2025-01-05,D,daily,0.8933315732952289,5,1,4,tfidf
mixed_global_undersampled_daily,mixed_global_undersampled,mixed,global_undersampled,2025-01-06,D,daily,0.8183248085531676,9,5,4,tfidf
mixed_global_undersampled_daily,mixed_global_undersampled,mixed,global_undersampled,2025-01-09,D,daily,0.8025347842587394,9,6,3,tfidf
mixed_global_undersampled_daily,mixed_global_undersampled,mixed,global_undersampled,2025-01-13,D,daily,0.8119429997197989,5,5,0,tfidf
mixed_global_undersampled_daily,mixed_global_undersampled,mixed,global_undersampled,2025-01-16,D,daily,0.8448208720606158,7,5,2,tfidf
mixed_global_undersampled_daily,mixed_global_undersampled,mixed,global_undersampled,2025-01-17,D,daily,0.8595733833507972,5,2,3,tfidf
mixed_global_undersampled_daily,mixed_global_undersampled,mixed,global_undersampled,2025-01-20,D,daily,0.8791423911314875,12,7,5,tfidf
mixed_global_undersampled_daily,mixed_global_undersampled,mixed,global_undersampled,2025-01-21,D,daily,0.8137057679571761,5,2,3,tfidf
mixed_global_undersampled_daily,mixed_global_undersampled,mixed,global_undersampled,2025-01-23,D,daily,0.8638596154384441,10,7,3,tfidf
mixed_global_undersampled_daily,mixed_global_undersampled,mixed,global_undersampled,2025-01-24,D,daily,0.8365348069382056,8,5,3,tfidf
mixed_global_undersampled_daily,mixed_global_undersampled,mixed,global_undersampled,2025-01-28,D,daily,0.9355936748340274,5,2,3,tfidf
mixed_global_undersampled_daily,mixed_global_undersampled,mixed,global_undersampled,2025-01-29,D,daily,0.9049911245692044,8,3,5,tfidf
mixed_global_undersampled_daily,mixed_global_undersampled,mixed,global_undersampled,2025-01-30,D,daily,0.7977437595658119,9,5,4,tfidf
mixed_global_undersampled_daily,mixed_global_undersampled,mixed,global_undersampled,2025-01-31,D,daily,0.7683264543763879,9,3,6,tfidf
mixed_global_undersampled_daily,mixed_global_undersampled,mixed,global_undersampled,2025-02-03,D,daily,0.8330467805461744,10,6,4,tfidf
mixed_global_undersampled_daily,mixed_global_undersampled,mixed,global_undersampled,2025-02-04,D,daily,0.8633579279822494,10,5,5,tfidf
mixed_global_undersampled_daily,mixed_global_undersampled,mixed,global_undersampled,2025-02-05,D,daily,0.8190842586063565,6,3,3,tfidf
mixed_global_undersampled_daily,mixed_global_undersampled,mixed,global_undersampled,2025-02-06,D,daily,0.8377824067861884,11,7,4,tfidf
mixed_global_undersampled_daily,mixed_global_undersampled,mixed,global_undersampled,2025-02-07,D,daily,0.7087319729681119,8,5,3,tfidf
mixed_global_undersampled_daily,mixed_global_undersampled,mixed,global_undersampled,2025-02-09,D,daily,0.8970999433659348,5,1,4,tfidf
mixed_global_undersampled_daily,mixed_global_undersampled,mixed,global_undersampled,2025-02-13,D,daily,0.9425499260948288,6,5,1,tfidf
mixed_global_undersampled_daily,mixed_global_undersampled,mixed,global_undersampled,2025-02-14,D,daily,0.8333015020792958,7,4,3,tfidf
mixed_global_undersampled_daily,mixed_global_undersampled,mixed,global_undersampled,2025-02-19,D,daily,0.8420172755449664,9,5,4,tfidf
mixed_max3_per_class_day_daily,mixed_max3_per_class_day,mixed,max3_per_class_day,2024-02-07,D,daily,0.795779794879511,5,2,3,tfidf
mixed_max3_per_class_day_daily,mixed_max3_per_class_day,mixed,max3_per_class_day,2024-02-08,D,daily,0.8486571764785248,6,3,3,tfidf
mixed_max3_per_class_day_daily,mixed_max3_per_class_day,mixed,max3_per_class_day,2024-02-12,D,daily,0.8950480993244393,5,2,3,tfidf
mixed_max3_per_class_day_daily,mixed_max3_per_class_day,mixed,max3_per_class_day,2024-02-15,D,daily,0.8962050162932994,6,3,3,tfidf
mixed_max3_per_class_day_daily,mixed_max3_per_class_day,mixed,max3_per_class_day,2024-02-16,D,daily,0.8958539050857608,6,3,3,tfidf
mixed_max3_per_class_day_daily,mixed_max3_per_class_day,mixed,max3_per_class_day,2024-02-17,D,daily,0.7742020366605038,6,3,3,tfidf
mixed_max3_per_class_day_daily,mixed_max3_per_class_day,mixed,max3_per_class_day,2024-02-20,D,daily,0.8908212414507657,6,3,3,tfidf
mixed_max3_per_class_day_daily,mixed_max3_per_class_day,mixed,max3_per_class_day,2024-02-22,D,daily,0.9299312902258925,5,2,3,tfidf
mixed_max3_per_class_day_daily,mixed_max3_per_class_day,mixed,max3_per_class_day,2024-02-23,D,daily,0.9073643581866108,6,3,3,tfidf
mixed_max3_per_class_day_daily,mixed_max3_per_class_day,mixed,max3_per_class_day,2024-02-25,D,daily,0.809941392417766,6,3,3,tfidf
mixed_max3_per_class_day_daily,mixed_max3_per_class_day,mixed,max3_per_class_day,2024-02-26,D,daily,0.86547485876624,5,2,3,tfidf
mixed_max3_per_class_day_daily,mixed_max3_per_class_day,mixed,max3_per_class_day,2024-02-27,D,daily,0.8507382229471456,6,3,3,tfidf
mixed_max3_per_class_day_daily,mixed_max3_per_class_day,mixed,max3_per_class_day,2024-02-28,D,daily,0.8330900112078383,6,3,3,tfidf
mixed_max3_per_class_day_daily,mixed_max3_per_class_day,mixed,max3_per_class_day,2024-02-29,D,daily,0.8205096617173662,6,3,3,tfidf
mixed_max3_per_class_day_daily,mixed_max3_per_class_day,mixed,max3_per_class_day,2024-03-01,D,daily,0.9008334154990266,6,3,3,tfidf
mixed_max3_per_class_day_daily,mixed_max3_per_class_day,mixed,max3_per_class_day,2024-03-03,D,daily,0.9082226703371141,6,3,3,tfidf
mixed_max3_per_class_day_daily,mixed_max3_per_class_day,mixed,max3_per_class_day,2024-03-04,D,daily,0.9096419125219681,6,3,3,tfidf
mixed_max3_per_class_day_daily,mixed_max3_per_class_day,mixed,max3_per_class_day,2024-03-06,D,daily,0.8362748333186276,6,3,3,tfidf
mixed_max3_per_class_day_daily,mixed_max3_per_class_day,mixed,max3_per_class_day,2024-03-07,D,daily,0.8748867699582668,6,3,3,tfidf
mixed_max3_per_class_day_daily,mixed_max3_per_class_day,mixed,max3_per_class_day,2024-03-08,D,daily,0.8275119250854471,6,3,3,tfidf
mixed_max3_per_class_day_daily,mixed_max3_per_class_day,mixed,max3_per_class_day,2024-03-11,D,daily,0.8677376424445997,6,3,3,tfidf
mixed_max3_per_class_day_daily,mixed_max3_per_class_day,mixed,max3_per_class_day,2024-03-12,D,daily,0.9055613359124769,6,3,3,tfidf
mixed_max3_per_class_day_daily,mixed_max3_per_class_day,mixed,max3_per_class_day,2024-03-13,D,daily,0.9033839346404251,6,3,3,tfidf
mixed_max3_per_class_day_daily,mixed_max3_per_class_day,mixed,max3_per_class_day,2024-03-16,D,daily,0.8555805186591845,5,2,3,tfidf
mixed_max3_per_class_day_daily,mixed_max3_per_class_day,mixed,max3_per_class_day,2024-03-17,D,daily,0.9235908357476525,6,3,3,tfidf
mixed_max3_per_class_day_daily,mixed_max3_per_class_day,mixed,max3_per_class_day,2024-03-20,D,daily,0.9065968726401495,6,3,3,tfidf
mixed_max3_per_class_day_daily,mixed_max3_per_class_day,mixed,max3_per_class_day,2024-03-22,D,daily,0.8883373749523986,6,3,3,tfidf
mixed_max3_per_class_day_daily,mixed_max3_per_class_day,mixed,max3_per_class_day,2024-03-27,D,daily,0.8733403930582401,5,2,3,tfidf
mixed_max3_per_class_day_daily,mixed_max3_per_class_day,mixed,max3_per_class_day,2024-03-29,D,daily,0.788436821331148,6,3,3,tfidf
mixed_max3_per_class_day_daily,mixed_max3_per_class_day,mixed,max3_per_class_day,2024-03-31,D,daily,0.9016530519179217,5,2,3,tfidf
mixed_max3_per_class_day_daily,mixed_max3_per_class_day,mixed,max3_per_class_day,2024-04-01,D,daily,0.8555832325458277,6,3,3,tfidf
mixed_max3_per_class_day_daily,mixed_max3_per_class_day,mixed,max3_per_class_day,2024-04-02,D,daily,0.8130653468904658,6,3,3,tfidf
mixed_max3_per_class_day_daily,mixed_max3_per_class_day,mixed,max3_per_class_day,2024-04-04,D,daily,0.8280458598271325,6,3,3,tfidf
mixed_max3_per_class_day_daily,mixed_max3_per_class_day,mixed,max3_per_class_day,2024-04-05,D,daily,0.8402193734257823,6,3,3,tfidf
mixed_max3_per_class_day_daily,mixed_max3_per_class_day,mixed,max3_per_class_day,2024-04-07,D,daily,0.9443358543780958,6,3,3,tfidf
mixed_max3_per_class_day_daily,mixed_max3_per_class_day,mixed,max3_per_class_day,2024-04-08,D,daily,0.9158687961365726,6,3,3,tfidf
mixed_max3_per_class_day_daily,mixed_max3_per_class_day,mixed,max3_per_class_day,2024-04-10,D,daily,0.908797671664291,6,3,3,tfidf
mixed_max3_per_class_day_daily,mixed_max3_per_class_day,mixed,max3_per_class_day,2024-04-12,D,daily,0.9131709838390083,5,2,3,tfidf
mixed_max3_per_class_day_daily,mixed_max3_per_class_day,mixed,max3_per_class_day,2024-04-16,D,daily,0.8547734165739586,6,3,3,tfidf
mixed_max3_per_class_day_daily,mixed_max3_per_class_day,mixed,max3_per_class_day,2024-04-17,D,daily,0.899965244735054,6,3,3,tfidf
mixed_max3_per_class_day_daily,mixed_max3_per_class_day,mixed,max3_per_class_day,2024-04-24,D,daily,0.9101475669273423,6,3,3,tfidf
mixed_max3_per_class_day_daily,mixed_max3_per_class_day,mixed,max3_per_class_day,2024-04-25,D,daily,0.8821875270060955,6,3,3,tfidf
mixed_max3_per_class_day_daily,mixed_max3_per_class_day,mixed,max3_per_class_day,2024-04-26,D,daily,0.7457297917806888,5,2,3,tfidf
mixed_max3_per_class_day_daily,mixed_max3_per_class_day,mixed,max3_per_class_day,2024-04-30,D,daily,0.6533409806908537,6,3,3,tfidf
mixed_max3_per_class_day_daily,mixed_max3_per_class_day,mixed,max3_per_class_day,2024-05-01,D,daily,0.674413806541497,6,3,3,tfidf
mixed_max3_per_class_day_daily,mixed_max3_per_class_day,mixed,max3_per_class_day,2024-05-02,D,daily,0.8208337846960073,6,3,3,tfidf
mixed_max3_per_class_day_daily,mixed_max3_per_class_day,mixed,max3_per_class_day,2024-05-03,D,daily,0.7289398128346761,6,3,3,tfidf
mixed_max3_per_class_day_daily,mixed_max3_per_class_day,mixed,max3_per_class_day,2024-05-07,D,daily,0.7419222262965031,6,3,3,tfidf
mixed_max3_per_class_day_daily,mixed_max3_per_class_day,mixed,max3_per_class_day,2024-05-08,D,daily,0.8900447796993629,6,3,3,tfidf
mixed_max3_per_class_day_daily,mixed_max3_per_class_day,mixed,max3_per_class_day,2024-05-10,D,daily,0.9565753222610505,6,3,3,tfidf
mixed_max3_per_class_day_daily,mixed_max3_per_class_day,mixed,max3_per_class_day,2024-05-14,D,daily,0.884698657108389,5,2,3,tfidf
mixed_max3_per_class_day_daily,mixed_max3_per_class_day,mixed,max3_per_class_day,2024-05-15,D,daily,0.8970453260466794,5,2,3,tfidf
mixed_max3_per_class_day_daily,mixed_max3_per_class_day,mixed,max3_per_class_day,2024-05-16,D,daily,0.8613792730729903,6,3,3,tfidf
mixed_max3_per_class_day_daily,mixed_max3_per_class_day,mixed,max3_per_class_day,2024-05-20,D,daily,0.8611654773976403,6,3,3,tfidf
mixed_max3_per_class_day_daily,mixed_max3_per_class_day,mixed,max3_per_class_day,2024-05-21,D,daily,0.848732774438641,5,2,3,tfidf
mixed_max3_per_class_day_daily,mixed_max3_per_class_day,mixed,max3_per_class_day,2024-05-28,D,daily,0.8777435866999487,6,3,3,tfidf
mixed_max3_per_class_day_daily,mixed_max3_per_class_day,mixed,max3_per_class_day,2024-05-29,D,daily,0.9448127112308895,5,2,3,tfidf
mixed_max3_per_class_day_daily,mixed_max3_per_class_day,mixed,max3_per_class_day,2024-05-30,D,daily,0.9319683425571046,5,2,3,tfidf
mixed_max3_per_class_day_daily,mixed_max3_per_class_day,mixed,max3_per_class_day,2024-05-31,D,daily,0.8598174082511032,6,3,3,tfidf
mixed_max3_per_class_day_daily,mixed_max3_per_class_day,mixed,max3_per_class_day,2024-06-03,D,daily,0.9149800586312998,6,3,3,tfidf
mixed_max3_per_class_day_daily,mixed_max3_per_class_day,mixed,max3_per_class_day,2024-06-04,D,daily,0.8633878649029912,6,3,3,tfidf
mixed_max3_per_class_day_daily,mixed_max3_per_class_day,mixed,max3_per_class_day,2024-06-07,D,daily,0.8190152595139437,6,3,3,tfidf
mixed_max3_per_class_day_daily,mixed_max3_per_class_day,mixed,max3_per_class_day,2024-06-09,D,daily,0.8589497962461704,5,2,3,tfidf
mixed_max3_per_class_day_daily,mixed_max3_per_class_day,mixed,max3_per_class_day,2024-06-11,D,daily,0.9194504693901906,6,3,3,tfidf
mixed_max3_per_class_day_daily,mixed_max3_per_class_day,mixed,max3_per_class_day,2024-06-12,D,daily,0.8960967846007974,5,2,3,tfidf
mixed_max3_per_class_day_daily,mixed_max3_per_class_day,mixed,max3_per_class_day,2024-06-13,D,daily,0.7688743011610618,6,3,3,tfidf
mixed_max3_per_class_day_daily,mixed_max3_per_class_day,mixed,max3_per_class_day,2024-06-14,D,daily,0.8720103274869995,6,3,3,tfidf
mixed_max3_per_class_day_daily,mixed_max3_per_class_day,mixed,max3_per_class_day,2024-06-20,D,daily,0.8051743757351005,5,2,3,tfidf
mixed_max3_per_class_day_daily,mixed_max3_per_class_day,mixed,max3_per_class_day,2024-06-21,D,daily,0.7739141571567509,6,3,3,tfidf
mixed_max3_per_class_day_daily,mixed_max3_per_class_day,mixed,max3_per_class_day,2024-06-24,D,daily,0.8969116903571834,5,2,3,tfidf
mixed_max3_per_class_day_daily,mixed_max3_per_class_day,mixed,max3_per_class_day,2024-06-26,D,daily,0.910589135180612,5,2,3,tfidf
mixed_max3_per_class_day_daily,mixed_max3_per_class_day,mixed,max3_per_class_day,2024-06-27,D,daily,0.9067490381978696,5,2,3,tfidf
mixed_max3_per_class_day_daily,mixed_max3_per_class_day,mixed,max3_per_class_day,2024-06-28,D,daily,0.8606055788119213,6,3,3,tfidf
mixed_max3_per_class_day_daily,mixed_max3_per_class_day,mixed,max3_per_class_day,2024-07-02,D,daily,0.919197516127061,6,3,3,tfidf
mixed_max3_per_class_day_daily,mixed_max3_per_class_day,mixed,max3_per_class_day,2024-07-03,D,daily,0.9314699369585012,5,2,3,tfidf
mixed_max3_per_class_day_daily,mixed_max3_per_class_day,mixed,max3_per_class_day,2024-07-05,D,daily,0.9136077714257752,5,2,3,tfidf
mixed_max3_per_class_day_daily,mixed_max3_per_class_day,mixed,max3_per_class_day,2024-07-08,D,daily,0.7520195140935944,6,3,3,tfidf
mixed_max3_per_class_day_daily,mixed_max3_per_class_day,mixed,max3_per_class_day,2024-07-11,D,daily,0.7887652148797724,6,3,3,tfidf
mixed_max3_per_class_day_daily,mixed_max3_per_class_day,mixed,max3_per_class_day,2024-07-14,D,daily,0.8967520097855854,5,2,3,tfidf
mixed_max3_per_class_day_daily,mixed_max3_per_class_day,mixed,max3_per_class_day,2024-07-17,D,daily,0.8967253737916219,6,3,3,tfidf
mixed_max3_per_class_day_daily,mixed_max3_per_class_day,mixed,max3_per_class_day,2024-07-18,D,daily,0.5907720656064601,6,3,3,tfidf
mixed_max3_per_class_day_daily,mixed_max3_per_class_day,mixed,max3_per_class_day,2024-07-20,D,daily,0.7014806822601021,5,2,3,tfidf
mixed_max3_per_class_day_daily,mixed_max3_per_class_day,mixed,max3_per_class_day,2024-07-21,D,daily,0.6551282498617343,5,2,3,tfidf
mixed_max3_per_class_day_daily,mixed_max3_per_class_day,mixed,max3_per_class_day,2024-07-23,D,daily,0.7593065799198677,6,3,3,tfidf
mixed_max3_per_class_day_daily,mixed_max3_per_class_day,mixed,max3_per_class_day,2024-07-25,D,daily,0.9765738880680777,6,3,3,tfidf
mixed_max3_per_class_day_daily,mixed_max3_per_class_day,mixed,max3_per_class_day,2024-07-26,D,daily,0.9767084964568924,5,2,3,tfidf
mixed_max3_per_class_day_daily,mixed_max3_per_class_day,mixed,max3_per_class_day,2024-07-27,D,daily,0.9303002913665835,6,3,3,tfidf
mixed_max3_per_class_day_daily,mixed_max3_per_class_day,mixed,max3_per_class_day,2024-08-01,D,daily,0.9193080038332938,6,3,3,tfidf
mixed_max3_per_class_day_daily,mixed_max3_per_class_day,mixed,max3_per_class_day,2024-08-02,D,daily,0.8035762407523054,6,3,3,tfidf
mixed_max3_per_class_day_daily,mixed_max3_per_class_day,mixed,max3_per_class_day,2024-08-05,D,daily,0.7691221049981385,6,3,3,tfidf
mixed_max3_per_class_day_daily,mixed_max3_per_class_day,mixed,max3_per_class_day,2024-08-06,D,daily,0.892455802731371,6,3,3,tfidf
mixed_max3_per_class_day_daily,mixed_max3_per_class_day,mixed,max3_per_class_day,2024-08-07,D,daily,0.9052686353872802,6,3,3,tfidf
mixed_max3_per_class_day_daily,mixed_max3_per_class_day,mixed,max3_per_class_day,2024-08-13,D,daily,0.9065173801656133,6,3,3,tfidf
mixed_max3_per_class_day_daily,mixed_max3_per_class_day,mixed,max3_per_class_day,2024-08-14,D,daily,0.8792462550149881,6,3,3,tfidf
mixed_max3_per_class_day_daily,mixed_max3_per_class_day,mixed,max3_per_class_day,2024-08-15,D,daily,0.8885948200110155,6,3,3,tfidf
mixed_max3_per_class_day_daily,mixed_max3_per_class_day,mixed,max3_per_class_day,2024-08-16,D,daily,0.8791274136649263,6,3,3,tfidf
mixed_max3_per_class_day_daily,mixed_max3_per_class_day,mixed,max3_per_class_day,2024-08-17,D,daily,0.8001783815731449,6,3,3,tfidf
mixed_max3_per_class_day_daily,mixed_max3_per_class_day,mixed,max3_per_class_day,2024-08-20,D,daily,0.8574995090326026,5,2,3,tfidf
mixed_max3_per_class_day_daily,mixed_max3_per_class_day,mixed,max3_per_class_day,2024-08-21,D,daily,0.8227973402197459,6,3,3,tfidf
mixed_max3_per_class_day_daily,mixed_max3_per_class_day,mixed,max3_per_class_day,2024-08-22,D,daily,0.8627092787663242,6,3,3,tfidf
mixed_max3_per_class_day_daily,mixed_max3_per_class_day,mixed,max3_per_class_day,2024-08-24,D,daily,0.8196566394968949,6,3,3,tfidf
mixed_max3_per_class_day_daily,mixed_max3_per_class_day,mixed,max3_per_class_day,2024-08-27,D,daily,0.7013105336760923,6,3,3,tfidf
mixed_max3_per_class_day_daily,mixed_max3_per_class_day,mixed,max3_per_class_day,2024-08-28,D,daily,0.7885152033684177,6,3,3,tfidf
mixed_max3_per_class_day_daily,mixed_max3_per_class_day,mixed,max3_per_class_day,2024-09-02,D,daily,0.8783399778599591,6,3,3,tfidf
mixed_max3_per_class_day_daily,mixed_max3_per_class_day,mixed,max3_per_class_day,2024-09-03,D,daily,0.8868634411025328,6,3,3,tfidf
mixed_max3_per_class_day_daily,mixed_max3_per_class_day,mixed,max3_per_class_day,2024-09-04,D,daily,0.7022224497428086,6,3,3,tfidf
mixed_max3_per_class_day_daily,mixed_max3_per_class_day,mixed,max3_per_class_day,2024-09-05,D,daily,0.7501064450747635,6,3,3,tfidf
mixed_max3_per_class_day_daily,mixed_max3_per_class_day,mixed,max3_per_class_day,2024-09-06,D,daily,0.7262486561512127,6,3,3,tfidf
mixed_max3_per_class_day_daily,mixed_max3_per_class_day,mixed,max3_per_class_day,2024-09-09,D,daily,0.8981635554919609,5,2,3,tfidf
mixed_max3_per_class_day_daily,mixed_max3_per_class_day,mixed,max3_per_class_day,2024-09-10,D,daily,0.9075018251017789,6,3,3,tfidf
mixed_max3_per_class_day_daily,mixed_max3_per_class_day,mixed,max3_per_class_day,2024-09-11,D,daily,0.8567664889848408,6,3,3,tfidf
mixed_max3_per_class_day_daily,mixed_max3_per_class_day,mixed,max3_per_class_day,2024-09-12,D,daily,0.8152050856387305,6,3,3,tfidf
mixed_max3_per_class_day_daily,mixed_max3_per_class_day,mixed,max3_per_class_day,2024-09-13,D,daily,0.8047168082007135,6,3,3,tfidf
mixed_max3_per_class_day_daily,mixed_max3_per_class_day,mixed,max3_per_class_day,2024-09-14,D,daily,0.8595400519333556,5,2,3,tfidf
mixed_max3_per_class_day_daily,mixed_max3_per_class_day,mixed,max3_per_class_day,2024-09-16,D,daily,0.7393162479380551,6,3,3,tfidf
mixed_max3_per_class_day_daily,mixed_max3_per_class_day,mixed,max3_per_class_day,2024-09-17,D,daily,0.8308665378078819,5,2,3,tfidf
mixed_max3_per_class_day_daily,mixed_max3_per_class_day,mixed,max3_per_class_day,2024-09-19,D,daily,0.8695646081647708,6,3,3,tfidf
mixed_max3_per_class_day_daily,mixed_max3_per_class_day,mixed,max3_per_class_day,2024-09-20,D,daily,0.782034357282105,6,3,3,tfidf
mixed_max3_per_class_day_daily,mixed_max3_per_class_day,mixed,max3_per_class_day,2024-09-23,D,daily,0.6716093284490564,6,3,3,tfidf
mixed_max3_per_class_day_daily,mixed_max3_per_class_day,mixed,max3_per_class_day,2024-09-24,D,daily,0.814043443614514,5,2,3,tfidf
mixed_max3_per_class_day_daily,mixed_max3_per_class_day,mixed,max3_per_class_day,2024-09-25,D,daily,0.8565444637181161,6,3,3,tfidf
mixed_max3_per_class_day_daily,mixed_max3_per_class_day,mixed,max3_per_class_day,2024-09-27,D,daily,0.9092068109259689,6,3,3,tfidf
mixed_max3_per_class_day_daily,mixed_max3_per_class_day,mixed,max3_per_class_day,2024-09-30,D,daily,0.9016031774540945,5,2,3,tfidf
mixed_max3_per_class_day_daily,mixed_max3_per_class_day,mixed,max3_per_class_day,2024-10-02,D,daily,0.8413029380557437,5,2,3,tfidf
mixed_max3_per_class_day_daily,mixed_max3_per_class_day,mixed,max3_per_class_day,2024-10-03,D,daily,0.8646348750026148,5,2,3,tfidf
mixed_max3_per_class_day_daily,mixed_max3_per_class_day,mixed,max3_per_class_day,2024-10-04,D,daily,0.8886390313594064,6,3,3,tfidf
mixed_max3_per_class_day_daily,mixed_max3_per_class_day,mixed,max3_per_class_day,2024-10-05,D,daily,0.8943194073624878,5,2,3,tfidf
mixed_max3_per_class_day_daily,mixed_max3_per_class_day,mixed,max3_per_class_day,2024-10-07,D,daily,0.7310908610282154,6,3,3,tfidf
mixed_max3_per_class_day_daily,mixed_max3_per_class_day,mixed,max3_per_class_day,2024-10-09,D,daily,0.6390391640434372,5,2,3,tfidf
mixed_max3_per_class_day_daily,mixed_max3_per_class_day,mixed,max3_per_class_day,2024-10-10,D,daily,0.8390578208996555,6,3,3,tfidf
mixed_max3_per_class_day_daily,mixed_max3_per_class_day,mixed,max3_per_class_day,2024-10-11,D,daily,0.7870009952069839,6,3,3,tfidf
mixed_max3_per_class_day_daily,mixed_max3_per_class_day,mixed,max3_per_class_day,2024-10-12,D,daily,0.7622657770820349,5,2,3,tfidf
mixed_max3_per_class_day_daily,mixed_max3_per_class_day,mixed,max3_per_class_day,2024-10-14,D,daily,0.8905018279296613,5,2,3,tfidf
mixed_max3_per_class_day_daily,mixed_max3_per_class_day,mixed,max3_per_class_day,2024-10-15,D,daily,0.9317421225487664,5,2,3,tfidf
mixed_max3_per_class_day_daily,mixed_max3_per_class_day,mixed,max3_per_class_day,2024-10-18,D,daily,0.9042265853265447,6,3,3,tfidf
mixed_max3_per_class_day_daily,mixed_max3_per_class_day,mixed,max3_per_class_day,2024-10-20,D,daily,0.9341769982867594,5,2,3,tfidf
mixed_max3_per_class_day_daily,mixed_max3_per_class_day,mixed,max3_per_class_day,2024-10-21,D,daily,0.9264476816072357,6,3,3,tfidf
mixed_max3_per_class_day_daily,mixed_max3_per_class_day,mixed,max3_per_class_day,2024-10-24,D,daily,0.7094314316108006,6,3,3,tfidf
mixed_max3_per_class_day_daily,mixed_max3_per_class_day,mixed,max3_per_class_day,2024-10-25,D,daily,0.7206405053798094,6,3,3,tfidf
mixed_max3_per_class_day_daily,mixed_max3_per_class_day,mixed,max3_per_class_day,2024-10-26,D,daily,0.8610585230240319,6,3,3,tfidf
mixed_max3_per_class_day_daily,mixed_max3_per_class_day,mixed,max3_per_class_day,2024-10-27,D,daily,0.8478002486513858,6,3,3,tfidf
mixed_max3_per_class_day_daily,mixed_max3_per_class_day,mixed,max3_per_class_day,2024-10-28,D,daily,0.8778680906222038,6,3,3,tfidf
mixed_max3_per_class_day_daily,mixed_max3_per_class_day,mixed,max3_per_class_day,2024-10-31,D,daily,0.8307623881956099,5,2,3,tfidf
mixed_max3_per_class_day_daily,mixed_max3_per_class_day,mixed,max3_per_class_day,2024-11-01,D,daily,0.8527671724863892,6,3,3,tfidf
mixed_max3_per_class_day_daily,mixed_max3_per_class_day,mixed,max3_per_class_day,2024-11-03,D,daily,0.8156596266606059,6,3,3,tfidf
mixed_max3_per_class_day_daily,mixed_max3_per_class_day,mixed,max3_per_class_day,2024-11-04,D,daily,0.865741749433502,5,2,3,tfidf
mixed_max3_per_class_day_daily,mixed_max3_per_class_day,mixed,max3_per_class_day,2024-11-05,D,daily,0.8089313440498607,6,3,3,tfidf
mixed_max3_per_class_day_daily,mixed_max3_per_class_day,mixed,max3_per_class_day,2024-11-06,D,daily,0.6856833696805391,6,3,3,tfidf
mixed_max3_per_class_day_daily,mixed_max3_per_class_day,mixed,max3_per_class_day,2024-11-08,D,daily,0.8633541478186864,6,3,3,tfidf
mixed_max3_per_class_day_daily,mixed_max3_per_class_day,mixed,max3_per_class_day,2024-11-13,D,daily,0.7854778975657244,6,3,3,tfidf
mixed_max3_per_class_day_daily,mixed_max3_per_class_day,mixed,max3_per_class_day,2024-11-15,D,daily,0.785330672678098,6,3,3,tfidf
mixed_max3_per_class_day_daily,mixed_max3_per_class_day,mixed,max3_per_class_day,2024-11-18,D,daily,0.8627913032044987,5,2,3,tfidf
mixed_max3_per_class_day_daily,mixed_max3_per_class_day,mixed,max3_per_class_day,2024-11-20,D,daily,0.9383773443884874,6,3,3,tfidf
mixed_max3_per_class_day_daily,mixed_max3_per_class_day,mixed,max3_per_class_day,2024-11-21,D,daily,0.8960810016181879,6,3,3,tfidf
mixed_max3_per_class_day_daily,mixed_max3_per_class_day,mixed,max3_per_class_day,2024-11-23,D,daily,0.8720252977025003,6,3,3,tfidf
mixed_max3_per_class_day_daily,mixed_max3_per_class_day,mixed,max3_per_class_day,2024-11-24,D,daily,0.9344306267512911,5,2,3,tfidf
mixed_max3_per_class_day_daily,mixed_max3_per_class_day,mixed,max3_per_class_day,2024-11-25,D,daily,0.8725783332996545,6,3,3,tfidf
mixed_max3_per_class_day_daily,mixed_max3_per_class_day,mixed,max3_per_class_day,2024-11-26,D,daily,0.9124834991490319,6,3,3,tfidf
mixed_max3_per_class_day_daily,mixed_max3_per_class_day,mixed,max3_per_class_day,2024-11-27,D,daily,0.9013822336797918,6,3,3,tfidf
mixed_max3_per_class_day_daily,mixed_max3_per_class_day,mixed,max3_per_class_day,2024-12-01,D,daily,0.9350891558091662,5,2,3,tfidf
mixed_max3_per_class_day_daily,mixed_max3_per_class_day,mixed,max3_per_class_day,2024-12-03,D,daily,0.9361889127432623,6,3,3,tfidf
mixed_max3_per_class_day_daily,mixed_max3_per_class_day,mixed,max3_per_class_day,2024-12-04,D,daily,0.9056977454892817,6,3,3,tfidf
mixed_max3_per_class_day_daily,mixed_max3_per_class_day,mixed,max3_per_class_day,2024-12-09,D,daily,0.9299300671166207,6,3,3,tfidf
mixed_max3_per_class_day_daily,mixed_max3_per_class_day,mixed,max3_per_class_day,2024-12-11,D,daily,0.883868634619894,6,3,3,tfidf
mixed_max3_per_class_day_daily,mixed_max3_per_class_day,mixed,max3_per_class_day,2024-12-12,D,daily,0.9190256273535086,6,3,3,tfidf
mixed_max3_per_class_day_daily,mixed_max3_per_class_day,mixed,max3_per_class_day,2024-12-13,D,daily,0.9307143889880494,6,3,3,tfidf
mixed_max3_per_class_day_daily,mixed_max3_per_class_day,mixed,max3_per_class_day,2024-12-16,D,daily,0.8803077867205091,6,3,3,tfidf
mixed_max3_per_class_day_daily,mixed_max3_per_class_day,mixed,max3_per_class_day,2024-12-17,D,daily,0.7782720197842337,6,3,3,tfidf
mixed_max3_per_class_day_daily,mixed_max3_per_class_day,mixed,max3_per_class_day,2024-12-18,D,daily,0.8698330154113825,6,3,3,tfidf
mixed_max3_per_class_day_daily,mixed_max3_per_class_day,mixed,max3_per_class_day,2024-12-19,D,daily,0.9038429399171025,5,2,3,tfidf
mixed_max3_per_class_day_daily,mixed_max3_per_class_day,mixed,max3_per_class_day,2024-12-27,D,daily,0.9495369286489325,6,3,3,tfidf
mixed_max3_per_class_day_daily,mixed_max3_per_class_day,mixed,max3_per_class_day,2024-12-30,D,daily,0.9638184565979705,6,3,3,tfidf
mixed_max3_per_class_day_daily,mixed_max3_per_class_day,mixed,max3_per_class_day,2025-01-01,D,daily,0.9345001674543951,5,2,3,tfidf
mixed_max3_per_class_day_daily,mixed_max3_per_class_day,mixed,max3_per_class_day,2025-01-04,D,daily,0.8219822665331661,5,2,3,tfidf
mixed_max3_per_class_day_daily,mixed_max3_per_class_day,mixed,max3_per_class_day,2025-01-06,D,daily,0.8685643563590648,6,3,3,tfidf
mixed_max3_per_class_day_daily,mixed_max3_per_class_day,mixed,max3_per_class_day,2025-01-08,D,daily,0.8563782521481719,5,2,3,tfidf
mixed_max3_per_class_day_daily,mixed_max3_per_class_day,mixed,max3_per_class_day,2025-01-09,D,daily,0.8312585029934457,6,3,3,tfidf
mixed_max3_per_class_day_daily,mixed_max3_per_class_day,mixed,max3_per_class_day,2025-01-10,D,daily,0.6825082033284652,5,2,3,tfidf
mixed_max3_per_class_day_daily,mixed_max3_per_class_day,mixed,max3_per_class_day,2025-01-13,D,daily,0.8398799633740822,6,3,3,tfidf
mixed_max3_per_class_day_daily,mixed_max3_per_class_day,mixed,max3_per_class_day,2025-01-16,D,daily,0.8266152701385824,6,3,3,tfidf
mixed_max3_per_class_day_daily,mixed_max3_per_class_day,mixed,max3_per_class_day,2025-01-17,D,daily,0.7998823624006051,5,2,3,tfidf
mixed_max3_per_class_day_daily,mixed_max3_per_class_day,mixed,max3_per_class_day,2025-01-20,D,daily,0.8766300321914688,6,3,3,tfidf
mixed_max3_per_class_day_daily,mixed_max3_per_class_day,mixed,max3_per_class_day,2025-01-21,D,daily,0.8321540568353819,5,2,3,tfidf
mixed_max3_per_class_day_daily,mixed_max3_per_class_day,mixed,max3_per_class_day,2025-01-23,D,daily,0.8403418393991466,6,3,3,tfidf
mixed_max3_per_class_day_daily,mixed_max3_per_class_day,mixed,max3_per_class_day,2025-01-24,D,daily,0.8729330156634472,6,3,3,tfidf
mixed_max3_per_class_day_daily,mixed_max3_per_class_day,mixed,max3_per_class_day,2025-01-27,D,daily,0.9019381786376728,5,2,3,tfidf
mixed_max3_per_class_day_daily,mixed_max3_per_class_day,mixed,max3_per_class_day,2025-01-28,D,daily,0.9557748128688132,5,2,3,tfidf
mixed_max3_per_class_day_daily,mixed_max3_per_class_day,mixed,max3_per_class_day,2025-01-29,D,daily,0.9145185829546307,6,3,3,tfidf
mixed_max3_per_class_day_daily,mixed_max3_per_class_day,mixed,max3_per_class_day,2025-01-30,D,daily,0.8497312227464136,6,3,3,tfidf
mixed_max3_per_class_day_daily,mixed_max3_per_class_day,mixed,max3_per_class_day,2025-01-31,D,daily,0.7950871928165978,6,3,3,tfidf
mixed_max3_per_class_day_daily,mixed_max3_per_class_day,mixed,max3_per_class_day,2025-02-03,D,daily,0.8981265582088851,6,3,3,tfidf
mixed_max3_per_class_day_daily,mixed_max3_per_class_day,mixed,max3_per_class_day,2025-02-04,D,daily,0.9313699968910194,6,3,3,tfidf
mixed_max3_per_class_day_daily,mixed_max3_per_class_day,mixed,max3_per_class_day,2025-02-05,D,daily,0.889865409023664,6,3,3,tfidf
mixed_max3_per_class_day_daily,mixed_max3_per_class_day,mixed,max3_per_class_day,2025-02-06,D,daily,0.8519583548240083,6,3,3,tfidf
mixed_max3_per_class_day_daily,mixed_max3_per_class_day,mixed,max3_per_class_day,2025-02-07,D,daily,0.8136961365497473,6,3,3,tfidf
mixed_max3_per_class_day_daily,mixed_max3_per_class_day,mixed,max3_per_class_day,2025-02-12,D,daily,0.745484632851059,6,3,3,tfidf
mixed_max3_per_class_day_daily,mixed_max3_per_class_day,mixed,max3_per_class_day,2025-02-13,D,daily,0.7700732836799468,6,3,3,tfidf
mixed_max3_per_class_day_daily,mixed_max3_per_class_day,mixed,max3_per_class_day,2025-02-14,D,daily,0.844776424991049,6,3,3,tfidf
mixed_max3_per_class_day_daily,mixed_max3_per_class_day,mixed,max3_per_class_day,2025-02-17,D,daily,0.8192845963058287,5,2,3,tfidf
mixed_max3_per_class_day_daily,mixed_max3_per_class_day,mixed,max3_per_class_day,2025-02-19,D,daily,0.8461498881853093,6,3,3,tfidf
mixed_raw_daily,mixed_raw,mixed,raw,2024-02-06,D,daily,0.6703807265668444,22,6,16,tfidf
mixed_raw_daily,mixed_raw,mixed,raw,2024-02-07,D,daily,0.6882075958894242,6,2,4,tfidf
mixed_raw_daily,mixed_raw,mixed,raw,2024-02-08,D,daily,0.7620695402410256,25,7,18,tfidf
mixed_raw_daily,mixed_raw,mixed,raw,2024-02-10,D,daily,0.6999732103566612,13,0,13,tfidf
mixed_raw_daily,mixed_raw,mixed,raw,2024-02-11,D,daily,0.5797055384749356,20,1,19,tfidf
mixed_raw_daily,mixed_raw,mixed,raw,2024-02-12,D,daily,0.5915595601001105,21,2,19,tfidf
mixed_raw_daily,mixed_raw,mixed,raw,2024-02-13,D,daily,0.8127188889046852,5,5,0,tfidf
mixed_raw_daily,mixed_raw,mixed,raw,2024-02-15,D,daily,0.8714153885157963,24,4,20,tfidf
mixed_raw_daily,mixed_raw,mixed,raw,2024-02-16,D,daily,0.5572190047463657,26,6,20,tfidf
mixed_raw_daily,mixed_raw,mixed,raw,2024-02-17,D,daily,0.45887489616702415,18,3,15,tfidf
mixed_raw_daily,mixed_raw,mixed,raw,2024-02-18,D,daily,0.6985995439279089,21,0,21,tfidf
mixed_raw_daily,mixed_raw,mixed,raw,2024-02-19,D,daily,0.7903764272070462,9,0,9,tfidf
mixed_raw_daily,mixed_raw,mixed,raw,2024-02-20,D,daily,0.7706090553576996,22,3,19,tfidf
mixed_raw_daily,mixed_raw,mixed,raw,2024-02-22,D,daily,0.7512842259757109,19,2,17,tfidf
mixed_raw_daily,mixed_raw,mixed,raw,2024-02-23,D,daily,0.7078948847676039,19,3,16,tfidf
mixed_raw_daily,mixed_raw,mixed,raw,2024-02-25,D,daily,0.6918553071520595,26,3,23,tfidf
mixed_raw_daily,mixed_raw,mixed,raw,2024-02-26,D,daily,0.622333786699055,15,2,13,tfidf
mixed_raw_daily,mixed_raw,mixed,raw,2024-02-27,D,daily,0.7720960097440734,10,4,6,tfidf
mixed_raw_daily,mixed_raw,mixed,raw,2024-02-28,D,daily,0.707665287982088,27,5,22,tfidf
mixed_raw_daily,mixed_raw,mixed,raw,2024-02-29,D,daily,0.6167938594090742,22,3,19,tfidf
mixed_raw_daily,mixed_raw,mixed,raw,2024-03-01,D,daily,0.6454494849378762,67,3,64,tfidf
mixed_raw_daily,mixed_raw,mixed,raw,2024-03-02,D,daily,0.6589957046019554,16,0,16,tfidf
mixed_raw_daily,mixed_raw,mixed,raw,2024-03-03,D,daily,0.7163478094875935,18,3,15,tfidf
mixed_raw_daily,mixed_raw,mixed,raw,2024-03-04,D,daily,0.7258651302017459,24,4,20,tfidf
mixed_raw_daily,mixed_raw,mixed,raw,2024-03-06,D,daily,0.5752879104551153,15,4,11,tfidf
mixed_raw_daily,mixed_raw,mixed,raw,2024-03-07,D,daily,0.6412709356841783,18,3,15,tfidf
mixed_raw_daily,mixed_raw,mixed,raw,2024-03-08,D,daily,0.7696162954901831,6,3,3,tfidf
mixed_raw_daily,mixed_raw,mixed,raw,2024-03-09,D,daily,0.8715689766379817,9,0,9,tfidf
mixed_raw_daily,mixed_raw,mixed,raw,2024-03-10,D,daily,0.7213846257202327,21,1,20,tfidf
mixed_raw_daily,mixed_raw,mixed,raw,2024-03-11,D,daily,0.7057583456811461,21,5,16,tfidf
mixed_raw_daily,mixed_raw,mixed,raw,2024-03-12,D,daily,0.6812631225938077,17,4,13,tfidf
mixed_raw_daily,mixed_raw,mixed,raw,2024-03-13,D,daily,0.7017029707726266,26,6,20,tfidf
mixed_raw_daily,mixed_raw,mixed,raw,2024-03-14,D,daily,0.6055328608314536,15,1,14,tfidf
mixed_raw_daily,mixed_raw,mixed,raw,2024-03-16,D,daily,0.7616311737417807,11,2,9,tfidf
mixed_raw_daily,mixed_raw,mixed,raw,2024-03-17,D,daily,0.8302464122862419,24,3,21,tfidf
mixed_raw_daily,mixed_raw,mixed,raw,2024-03-18,D,daily,0.7346807654524314,12,0,12,tfidf
mixed_raw_daily,mixed_raw,mixed,raw,2024-03-19,D,daily,0.8239843611793615,5,1,4,tfidf
mixed_raw_daily,mixed_raw,mixed,raw,2024-03-20,D,daily,0.7189675662467307,22,3,19,tfidf
mixed_raw_daily,mixed_raw,mixed,raw,2024-03-21,D,daily,0.7179828031849345,10,1,9,tfidf
mixed_raw_daily,mixed_raw,mixed,raw,2024-03-22,D,daily,0.6898942527579651,15,3,12,tfidf
mixed_raw_daily,mixed_raw,mixed,raw,2024-03-23,D,daily,0.7226630596637695,6,0,6,tfidf
mixed_raw_daily,mixed_raw,mixed,raw,2024-03-24,D,daily,0.8544774586448092,16,1,15,tfidf
mixed_raw_daily,mixed_raw,mixed,raw,2024-03-25,D,daily,0.8502175786685531,13,1,12,tfidf
mixed_raw_daily,mixed_raw,mixed,raw,2024-03-26,D,daily,0.6034389468350749,21,1,20,tfidf
mixed_raw_daily,mixed_raw,mixed,raw,2024-03-27,D,daily,0.7430594120341228,13,2,11,tfidf
mixed_raw_daily,mixed_raw,mixed,raw,2024-03-28,D,daily,0.7867472010356229,19,1,18,tfidf
mixed_raw_daily,mixed_raw,mixed,raw,2024-03-29,D,daily,0.7097231473175807,34,4,30,tfidf
mixed_raw_daily,mixed_raw,mixed,raw,2024-03-30,D,daily,0.7129018419516724,28,0,28,tfidf
mixed_raw_daily,mixed_raw,mixed,raw,2024-03-31,D,daily,0.39208462656762966,9,2,7,tfidf
mixed_raw_daily,mixed_raw,mixed,raw,2024-04-01,D,daily,0.5000967320291482,35,5,30,tfidf
mixed_raw_daily,mixed_raw,mixed,raw,2024-04-02,D,daily,0.5797926512305496,21,3,18,tfidf
mixed_raw_daily,mixed_raw,mixed,raw,2024-04-03,D,daily,0.6455049712408342,19,0,19,tfidf
mixed_raw_daily,mixed_raw,mixed,raw,2024-04-04,D,daily,0.6504327724743835,25,5,20,tfidf
mixed_raw_daily,mixed_raw,mixed,raw,2024-04-05,D,daily,0.630734946676323,24,4,20,tfidf
mixed_raw_daily,mixed_raw,mixed,raw,2024-04-06,D,daily,0.7806765693166807,14,1,13,tfidf
mixed_raw_daily,mixed_raw,mixed,raw,2024-04-07,D,daily,0.8596478125034264,15,3,12,tfidf
mixed_raw_daily,mixed_raw,mixed,raw,2024-04-08,D,daily,0.8223324770798089,21,4,17,tfidf
mixed_raw_daily,mixed_raw,mixed,raw,2024-04-09,D,daily,0.7234993169173125,18,1,17,tfidf
mixed_raw_daily,mixed_raw,mixed,raw,2024-04-10,D,daily,0.7303491052716187,26,6,20,tfidf
mixed_raw_daily,mixed_raw,mixed,raw,2024-04-11,D,daily,0.8357776830135504,6,6,0,tfidf
mixed_raw_daily,mixed_raw,mixed,raw,2024-04-12,D,daily,0.8842290506264385,10,2,8,tfidf
mixed_raw_daily,mixed_raw,mixed,raw,2024-04-13,D,daily,0.8268471040230714,6,0,6,tfidf
mixed_raw_daily,mixed_raw,mixed,raw,2024-04-14,D,daily,0.9106158220121314,14,0,14,tfidf
mixed_raw_daily,mixed_raw,mixed,raw,2024-04-15,D,daily,0.8446995507527579,6,6,0,tfidf
mixed_raw_daily,mixed_raw,mixed,raw,2024-04-16,D,daily,0.8475382722460703,23,3,20,tfidf
mixed_raw_daily,mixed_raw,mixed,raw,2024-04-17,D,daily,0.8240413664622939,8,3,5,tfidf
mixed_raw_daily,mixed_raw,mixed,raw,2024-04-20,D,daily,0.9149660421004803,5,0,5,tfidf
mixed_raw_daily,mixed_raw,mixed,raw,2024-04-21,D,daily,0.7775205383595871,12,0,12,tfidf
mixed_raw_daily,mixed_raw,mixed,raw,2024-04-23,D,daily,0.8455506465670457,16,0,16,tfidf
mixed_raw_daily,mixed_raw,mixed,raw,2024-04-24,D,daily,0.6726926076661541,26,6,20,tfidf
mixed_raw_daily,mixed_raw,mixed,raw,2024-04-25,D,daily,0.6580733228792031,23,3,20,tfidf
mixed_raw_daily,mixed_raw,mixed,raw,2024-04-26,D,daily,0.5451152379503008,17,2,15,tfidf
mixed_raw_daily,mixed_raw,mixed,raw,2024-04-27,D,daily,0.5558995927542669,19,1,18,tfidf
mixed_raw_daily,mixed_raw,mixed,raw,2024-04-28,D,daily,0.6713651435706173,10,0,10,tfidf
mixed_raw_daily,mixed_raw,mixed,raw,2024-04-29,D,daily,0.7601214109331388,33,1,32,tfidf
mixed_raw_daily,mixed_raw,mixed,raw,2024-04-30,D,daily,0.5417937078330757,42,6,36,tfidf
mixed_raw_daily,mixed_raw,mixed,raw,2024-05-01,D,daily,0.46386484503433745,32,3,29,tfidf
mixed_raw_daily,mixed_raw,mixed,raw,2024-05-02,D,daily,0.5749256386127659,23,3,20,tfidf
mixed_raw_daily,mixed_raw,mixed,raw,2024-05-03,D,daily,0.5690461909681959,17,6,11,tfidf
mixed_raw_daily,mixed_raw,mixed,raw,2024-05-04,D,daily,0.743195478388981,8,0,8,tfidf
mixed_raw_daily,mixed_raw,mixed,raw,2024-05-05,D,daily,0.7289508638267518,19,1,18,tfidf
mixed_raw_daily,mixed_raw,mixed,raw,2024-05-06,D,daily,0.765476300466322,10,0,10,tfidf
mixed_raw_daily,mixed_raw,mixed,raw,2024-05-07,D,daily,0.6406883960662209,17,4,13,tfidf
mixed_raw_daily,mixed_raw,mixed,raw,2024-05-08,D,daily,0.7399752015832306,13,4,9,tfidf
mixed_raw_daily,mixed_raw,mixed,raw,2024-05-09,D,daily,0.7686310077463039,21,1,20,tfidf
mixed_raw_daily,mixed_raw,mixed,raw,2024-05-10,D,daily,0.7680311232702373,14,5,9,tfidf
mixed_raw_daily,mixed_raw,mixed,raw,2024-05-12,D,daily,0.705282359151283,21,1,20,tfidf
mixed_raw_daily,mixed_raw,mixed,raw,2024-05-13,D,daily,0.7539061593026094,11,1,10,tfidf
mixed_raw_daily,mixed_raw,mixed,raw,2024-05-14,D,daily,0.7667417955150223,15,2,13,tfidf
mixed_raw_daily,mixed_raw,mixed,raw,2024-05-15,D,daily,0.7698762036430493,18,2,16,tfidf
mixed_raw_daily,mixed_raw,mixed,raw,2024-05-16,D,daily,0.5402745316519414,21,5,16,tfidf
mixed_raw_daily,mixed_raw,mixed,raw,2024-05-17,D,daily,0.5807083674396138,15,0,15,tfidf
mixed_raw_daily,mixed_raw,mixed,raw,2024-05-18,D,daily,0.8216598591194597,5,0,5,tfidf
mixed_raw_daily,mixed_raw,mixed,raw,2024-05-19,D,daily,0.8253053377237827,19,1,18,tfidf
mixed_raw_daily,mixed_raw,mixed,raw,2024-05-20,D,daily,0.7541982529533234,24,4,20,tfidf
mixed_raw_daily,mixed_raw,mixed,raw,2024-05-21,D,daily,0.6918481081419976,5,2,3,tfidf
mixed_raw_daily,mixed_raw,mixed,raw,2024-05-22,D,daily,0.7583266428263,19,1,18,tfidf
mixed_raw_daily,mixed_raw,mixed,raw,2024-05-23,D,daily,0.8057025303964238,6,0,6,tfidf
mixed_raw_daily,mixed_raw,mixed,raw,2024-05-25,D,daily,0.8793097462136833,6,0,6,tfidf
mixed_raw_daily,mixed_raw,mixed,raw,2024-05-26,D,daily,0.845521539469279,18,1,17,tfidf
mixed_raw_daily,mixed_raw,mixed,raw,2024-05-27,D,daily,0.8575261320179702,7,0,7,tfidf
mixed_raw_daily,mixed_raw,mixed,raw,2024-05-28,D,daily,0.8532925169190096,21,3,18,tfidf
mixed_raw_daily,mixed_raw,mixed,raw,2024-05-29,D,daily,0.7393635087763855,14,2,12,tfidf
mixed_raw_daily,mixed_raw,mixed,raw,2024-05-30,D,daily,0.7290180157389334,17,2,15,tfidf
mixed_raw_daily,mixed_raw,mixed,raw,2024-05-31,D,daily,0.6342864964484485,15,3,12,tfidf
mixed_raw_daily,mixed_raw,mixed,raw,2024-06-01,D,daily,0.6357223613948648,51,0,51,tfidf
mixed_raw_daily,mixed_raw,mixed,raw,2024-06-02,D,daily,0.5952983901229071,21,0,21,tfidf
mixed_raw_daily,mixed_raw,mixed,raw,2024-06-03,D,daily,0.7128739250198106,15,3,12,tfidf
mixed_raw_daily,mixed_raw,mixed,raw,2024-06-04,D,daily,0.724553514163613,14,6,8,tfidf
mixed_raw_daily,mixed_raw,mixed,raw,2024-06-05,D,daily,0.6996823162076059,20,0,20,tfidf
mixed_raw_daily,mixed_raw,mixed,raw,2024-06-07,D,daily,0.7010832990644799,15,4,11,tfidf
mixed_raw_daily,mixed_raw,mixed,raw,2024-06-09,D,daily,0.7780361653636807,18,2,16,tfidf
mixed_raw_daily,mixed_raw,mixed,raw,2024-06-10,D,daily,0.7168076674818892,7,1,6,tfidf
mixed_raw_daily,mixed_raw,mixed,raw,2024-06-11,D,daily,0.7317635257576499,24,4,20,tfidf
mixed_raw_daily,mixed_raw,mixed,raw,2024-06-12,D,daily,0.5575344507136345,18,2,16,tfidf
mixed_raw_daily,mixed_raw,mixed,raw,2024-06-13,D,daily,0.6280131795404492,22,6,16,tfidf
mixed_raw_daily,mixed_raw,mixed,raw,2024-06-14,D,daily,0.746437284163659,13,4,9,tfidf
mixed_raw_daily,mixed_raw,mixed,raw,2024-06-15,D,daily,0.8502799476025156,6,1,5,tfidf
mixed_raw_daily,mixed_raw,mixed,raw,2024-06-16,D,daily,0.864684608739236,21,1,20,tfidf
mixed_raw_daily,mixed_raw,mixed,raw,2024-06-18,D,daily,0.7291084803341472,20,1,19,tfidf
mixed_raw_daily,mixed_raw,mixed,raw,2024-06-19,D,daily,0.6233110373290005,19,0,19,tfidf
mixed_raw_daily,mixed_raw,mixed,raw,2024-06-20,D,daily,0.5614983850292018,19,2,17,tfidf
mixed_raw_daily,mixed_raw,mixed,raw,2024-06-21,D,daily,0.6086159684568393,14,3,11,tfidf
mixed_raw_daily,mixed_raw,mixed,raw,2024-06-22,D,daily,0.7357481054029742,8,1,7,tfidf
mixed_raw_daily,mixed_raw,mixed,raw,2024-06-23,D,daily,0.8571292926712232,12,1,11,tfidf
mixed_raw_daily,mixed_raw,mixed,raw,2024-06-24,D,daily,0.7992056692431722,23,2,21,tfidf
mixed_raw_daily,mixed_raw,mixed,raw,2024-06-25,D,daily,0.6985926546927615,12,1,11,tfidf
mixed_raw_daily,mixed_raw,mixed,raw,2024-06-26,D,daily,0.6292496638327911,22,2,20,tfidf
mixed_raw_daily,mixed_raw,mixed,raw,2024-06-27,D,daily,0.6653136296634363,15,2,13,tfidf
mixed_raw_daily,mixed_raw,mixed,raw,2024-06-28,D,daily,0.6653903634535896,28,7,21,tfidf
mixed_raw_daily,mixed_raw,mixed,raw,2024-06-29,D,daily,0.6001223372635613,15,1,14,tfidf
mixed_raw_daily,mixed_raw,mixed,raw,2024-06-30,D,daily,0.6966492495202701,20,0,20,tfidf
mixed_raw_daily,mixed_raw,mixed,raw,2024-07-01,D,daily,0.5287023861769121,43,1,42,tfidf
mixed_raw_daily,mixed_raw,mixed,raw,2024-07-02,D,daily,0.6460902630178554,32,7,25,tfidf
mixed_raw_daily,mixed_raw,mixed,raw,2024-07-03,D,daily,0.7272148801596171,16,2,14,tfidf
mixed_raw_daily,mixed_raw,mixed,raw,2024-07-04,D,daily,0.7462455233160674,12,0,12,tfidf
mixed_raw_daily,mixed_raw,mixed,raw,2024-07-05,D,daily,0.784635643383135,7,2,5,tfidf
mixed_raw_daily,mixed_raw,mixed,raw,2024-07-06,D,daily,0.8377636363102968,6,1,5,tfidf
mixed_raw_daily,mixed_raw,mixed,raw,2024-07-07,D,daily,0.7855013042871054,11,1,10,tfidf
mixed_raw_daily,mixed_raw,mixed,raw,2024-07-08,D,daily,0.6362732501207286,19,5,14,tfidf
mixed_raw_daily,mixed_raw,mixed,raw,2024-07-09,D,daily,0.6932350801724592,10,1,9,tfidf
mixed_raw_daily,mixed_raw,mixed,raw,2024-07-10,D,daily,0.6349248230505988,22,1,21,tfidf
mixed_raw_daily,mixed_raw,mixed,raw,2024-07-11,D,daily,0.5435431564392504,24,4,20,tfidf
mixed_raw_daily,mixed_raw,mixed,raw,2024-07-13,D,daily,0.7188634839890351,8,1,7,tfidf
mixed_raw_daily,mixed_raw,mixed,raw,2024-07-14,D,daily,0.8260739722890299,33,2,31,tfidf
mixed_raw_daily,mixed_raw,mixed,raw,2024-07-15,D,daily,0.5388366162681231,20,0,20,tfidf
mixed_raw_daily,mixed_raw,mixed,raw,2024-07-16,D,daily,0.8625105253040178,6,6,0,tfidf
mixed_raw_daily,mixed_raw,mixed,raw,2024-07-17,D,daily,0.7864069394525335,25,5,20,tfidf
mixed_raw_daily,mixed_raw,mixed,raw,2024-07-18,D,daily,0.44549644539585653,28,8,20,tfidf
mixed_raw_daily,mixed_raw,mixed,raw,2024-07-19,D,daily,0.549437352266724,21,1,20,tfidf
mixed_raw_daily,mixed_raw,mixed,raw,2024-07-20,D,daily,0.46472358043907835,15,2,13,tfidf
mixed_raw_daily,mixed_raw,mixed,raw,2024-07-21,D,daily,0.496401513855952,15,2,13,tfidf
mixed_raw_daily,mixed_raw,mixed,raw,2024-07-22,D,daily,0.390211105589817,20,0,20,tfidf
mixed_raw_daily,mixed_raw,mixed,raw,2024-07-23,D,daily,0.5141281942138727,25,5,20,tfidf
mixed_raw_daily,mixed_raw,mixed,raw,2024-07-24,D,daily,0.5746827869858783,19,0,19,tfidf
mixed_raw_daily,mixed_raw,mixed,raw,2024-07-25,D,daily,0.8774101949961586,15,4,11,tfidf
mixed_raw_daily,mixed_raw,mixed,raw,2024-07-26,D,daily,0.8796584815263592,23,2,21,tfidf
mixed_raw_daily,mixed_raw,mixed,raw,2024-07-27,D,daily,0.7558501793937853,11,3,8,tfidf
mixed_raw_daily,mixed_raw,mixed,raw,2024-07-29,D,daily,0.8050749596075377,12,0,12,tfidf
mixed_raw_daily,mixed_raw,mixed,raw,2024-07-30,D,daily,0.5606575556933768,21,1,20,tfidf
mixed_raw_daily,mixed_raw,mixed,raw,2024-07-31,D,daily,0.5747635587071404,16,0,16,tfidf
mixed_raw_daily,mixed_raw,mixed,raw,2024-08-01,D,daily,0.5248345859441177,74,6,68,tfidf
mixed_raw_daily,mixed_raw,mixed,raw,2024-08-02,D,daily,0.5110247270201769,22,7,15,tfidf
mixed_raw_daily,mixed_raw,mixed,raw,2024-08-03,D,daily,0.5660310951266898,22,1,21,tfidf
mixed_raw_daily,mixed_raw,mixed,raw,2024-08-04,D,daily,0.49398826184352407,16,1,15,tfidf
mixed_raw_daily,mixed_raw,mixed,raw,2024-08-05,D,daily,0.7510973148205538,7,4,3,tfidf
mixed_raw_daily,mixed_raw,mixed,raw,2024-08-06,D,daily,0.810999819214944,20,3,17,tfidf
mixed_raw_daily,mixed_raw,mixed,raw,2024-08-07,D,daily,0.6711038082444918,14,5,9,tfidf
mixed_raw_daily,mixed_raw,mixed,raw,2024-08-08,D,daily,0.6398953628511929,15,1,14,tfidf
mixed_raw_daily,mixed_raw,mixed,raw,2024-08-09,D,daily,0.512745233221904,9,1,8,tfidf
mixed_raw_daily,mixed_raw,mixed,raw,2024-08-10,D,daily,0.5623253972063164,9,0,9,tfidf
mixed_raw_daily,mixed_raw,mixed,raw,2024-08-11,D,daily,0.7026872021478805,8,0,8,tfidf
mixed_raw_daily,mixed_raw,mixed,raw,2024-08-12,D,daily,0.7391293691719016,9,0,9,tfidf
mixed_raw_daily,mixed_raw,mixed,raw,2024-08-13,D,daily,0.5754943024646665,26,3,23,tfidf
mixed_raw_daily,mixed_raw,mixed,raw,2024-08-14,D,daily,0.5392429584530565,22,5,17,tfidf
mixed_raw_daily,mixed_raw,mixed,raw,2024-08-15,D,daily,0.5846675301619941,25,3,22,tfidf
mixed_raw_daily,mixed_raw,mixed,raw,2024-08-16,D,daily,0.645924280866165,9,4,5,tfidf
mixed_raw_daily,mixed_raw,mixed,raw,2024-08-17,D,daily,0.7632741239559055,10,3,7,tfidf
mixed_raw_daily,mixed_raw,mixed,raw,2024-08-18,D,daily,0.6755575288595124,26,0,26,tfidf
mixed_raw_daily,mixed_raw,mixed,raw,2024-08-19,D,daily,0.531761132796454,15,0,15,tfidf
mixed_raw_daily,mixed_raw,mixed,raw,2024-08-20,D,daily,0.5035078011266447,16,2,14,tfidf
mixed_raw_daily,mixed_raw,mixed,raw,2024-08-21,D,daily,0.5243066701367458,28,9,19,tfidf
mixed_raw_daily,mixed_raw,mixed,raw,2024-08-22,D,daily,0.44142056493195936,26,7,19,tfidf
mixed_raw_daily,mixed_raw,mixed,raw,2024-08-23,D,daily,0.5599528151915145,16,1,15,tfidf
mixed_raw_daily,mixed_raw,mixed,raw,2024-08-24,D,daily,0.6087900099776742,16,4,12,tfidf
mixed_raw_daily,mixed_raw,mixed,raw,2024-08-25,D,daily,0.5274794771521782,24,0,24,tfidf
mixed_raw_daily,mixed_raw,mixed,raw,2024-08-26,D,daily,0.6291801338957115,14,1,13,tfidf
mixed_raw_daily,mixed_raw,mixed,raw,2024-08-27,D,daily,0.6911532681877763,24,9,15,tfidf
mixed_raw_daily,mixed_raw,mixed,raw,2024-08-28,D,daily,0.6559630590404524,23,4,19,tfidf
mixed_raw_daily,mixed_raw,mixed,raw,2024-08-29,D,daily,0.6092739758132771,17,0,17,tfidf
mixed_raw_daily,mixed_raw,mixed,raw,2024-08-30,D,daily,0.5356815727624418,42,0,42,tfidf
mixed_raw_daily,mixed_raw,mixed,raw,2024-08-31,D,daily,0.4975693903621732,17,1,16,tfidf
mixed_raw_daily,mixed_raw,mixed,raw,2024-09-01,D,daily,0.5311086316525315,31,0,31,tfidf
mixed_raw_daily,mixed_raw,mixed,raw,2024-09-02,D,daily,0.6125704341638362,19,4,15,tfidf
mixed_raw_daily,mixed_raw,mixed,raw,2024-09-03,D,daily,0.7571992703878175,10,4,6,tfidf
mixed_raw_daily,mixed_raw,mixed,raw,2024-09-04,D,daily,0.5727199684861339,23,6,17,tfidf
mixed_raw_daily,mixed_raw,mixed,raw,2024-09-05,D,daily,0.527356519835017,18,3,15,tfidf
mixed_raw_daily,mixed_raw,mixed,raw,2024-09-06,D,daily,0.5454361902943266,22,5,17,tfidf
mixed_raw_daily,mixed_raw,mixed,raw,2024-09-07,D,daily,0.7123484164089495,7,0,7,tfidf
mixed_raw_daily,mixed_raw,mixed,raw,2024-09-08,D,daily,0.7015477035493975,20,0,20,tfidf
mixed_raw_daily,mixed_raw,mixed,raw,2024-09-09,D,daily,0.6597965944521045,22,2,20,tfidf
mixed_raw_daily,mixed_raw,mixed,raw,2024-09-10,D,daily,0.6000786009242463,18,5,13,tfidf
mixed_raw_daily,mixed_raw,mixed,raw,2024-09-11,D,daily,0.6144735839168587,23,3,20,tfidf
mixed_raw_daily,mixed_raw,mixed,raw,2024-09-12,D,daily,0.5335790704309372,13,4,9,tfidf
mixed_raw_daily,mixed_raw,mixed,raw,2024-09-13,D,daily,0.5544227950466853,25,5,20,tfidf
mixed_raw_daily,mixed_raw,mixed,raw,2024-09-14,D,daily,0.6363722888550527,5,2,3,tfidf
mixed_raw_daily,mixed_raw,mixed,raw,2024-09-15,D,daily,0.7102007757857588,20,0,20,tfidf
mixed_raw_daily,mixed_raw,mixed,raw,2024-09-16,D,daily,0.5750592736834023,14,3,11,tfidf
mixed_raw_daily,mixed_raw,mixed,raw,2024-09-17,D,daily,0.4914763275140639,22,2,20,tfidf
mixed_raw_daily,mixed_raw,mixed,raw,2024-09-18,D,daily,0.477813892559802,15,1,14,tfidf
mixed_raw_daily,mixed_raw,mixed,raw,2024-09-19,D,daily,0.6143359579449256,16,3,13,tfidf
mixed_raw_daily,mixed_raw,mixed,raw,2024-09-20,D,daily,0.5215174273906101,25,5,20,tfidf
mixed_raw_daily,mixed_raw,mixed,raw,2024-09-21,D,daily,0.5510032698496303,6,0,6,tfidf
mixed_raw_daily,mixed_raw,mixed,raw,2024-09-22,D,daily,0.5918749423196714,21,0,21,tfidf
mixed_raw_daily,mixed_raw,mixed,raw,2024-09-23,D,daily,0.4874426625121979,25,5,20,tfidf
mixed_raw_daily,mixed_raw,mixed,raw,2024-09-24,D,daily,0.5184116185852288,18,2,16,tfidf
mixed_raw_daily,mixed_raw,mixed,raw,2024-09-25,D,daily,0.6390489645491757,32,11,21,tfidf
mixed_raw_daily,mixed_raw,mixed,raw,2024-09-26,D,daily,0.6488706732719086,16,0,16,tfidf
mixed_raw_daily,mixed_raw,mixed,raw,2024-09-27,D,daily,0.6055975013313025,23,7,16,tfidf
mixed_raw_daily,mixed_raw,mixed,raw,2024-09-29,D,daily,0.6100954277360049,18,0,18,tfidf
mixed_raw_daily,mixed_raw,mixed,raw,2024-09-30,D,daily,0.505188598543723,26,2,24,tfidf
mixed_raw_daily,mixed_raw,mixed,raw,2024-10-01,D,daily,0.4541806120941171,65,1,64,tfidf
mixed_raw_daily,mixed_raw,mixed,raw,2024-10-02,D,daily,0.6380842842582445,12,2,10,tfidf
mixed_raw_daily,mixed_raw,mixed,raw,2024-10-03,D,daily,0.7008120918699404,19,2,17,tfidf
mixed_raw_daily,mixed_raw,mixed,raw,2024-10-04,D,daily,0.6212343752472305,15,3,12,tfidf
mixed_raw_daily,mixed_raw,mixed,raw,2024-10-05,D,daily,0.6323656453780165,12,2,10,tfidf
mixed_raw_daily,mixed_raw,mixed,raw,2024-10-06,D,daily,0.8169699945605113,15,0,15,tfidf
mixed_raw_daily,mixed_raw,mixed,raw,2024-10-07,D,daily,0.7365209613691067,16,5,11,tfidf
mixed_raw_daily,mixed_raw,mixed,raw,2024-10-08,D,daily,0.5275080771994172,20,0,20,tfidf
mixed_raw_daily,mixed_raw,mixed,raw,2024-10-09,D,daily,0.45044001157275426,14,2,12,tfidf
mixed_raw_daily,mixed_raw,mixed,raw,2024-10-10,D,daily,0.6641362564830926,17,5,12,tfidf
mixed_raw_daily,mixed_raw,mixed,raw,2024-10-11,D,daily,0.6645479595975307,29,4,25,tfidf
mixed_raw_daily,mixed_raw,mixed,raw,2024-10-12,D,daily,0.4894076192598551,13,2,11,tfidf
mixed_raw_daily,mixed_raw,mixed,raw,2024-10-13,D,daily,0.5507014518275986,23,1,22,tfidf
mixed_raw_daily,mixed_raw,mixed,raw,2024-10-14,D,daily,0.6164848152176481,15,2,13,tfidf
mixed_raw_daily,mixed_raw,mixed,raw,2024-10-15,D,daily,0.8950243324924915,6,2,4,tfidf
mixed_raw_daily,mixed_raw,mixed,raw,2024-10-16,D,daily,0.8603707544942412,26,1,25,tfidf
mixed_raw_daily,mixed_raw,mixed,raw,2024-10-17,D,daily,0.5173289513802882,18,1,17,tfidf
mixed_raw_daily,mixed_raw,mixed,raw,2024-10-18,D,daily,0.5814757624171741,17,3,14,tfidf
mixed_raw_daily,mixed_raw,mixed,raw,2024-10-19,D,daily,0.6450196692988224,8,1,7,tfidf
mixed_raw_daily,mixed_raw,mixed,raw,2024-10-20,D,daily,0.7929489237427787,18,2,16,tfidf
mixed_raw_daily,mixed_raw,mixed,raw,2024-10-21,D,daily,0.738902705658196,14,10,4,tfidf
mixed_raw_daily,mixed_raw,mixed,raw,2024-10-23,D,daily,0.6842337028758878,21,1,20,tfidf
mixed_raw_daily,mixed_raw,mixed,raw,2024-10-24,D,daily,0.5218577500565538,22,5,17,tfidf
mixed_raw_daily,mixed_raw,mixed,raw,2024-10-25,D,daily,0.530531294035276,28,5,23,tfidf
mixed_raw_daily,mixed_raw,mixed,raw,2024-10-26,D,daily,0.7496710943572003,8,3,5,tfidf
mixed_raw_daily,mixed_raw,mixed,raw,2024-10-27,D,daily,0.6966686886941125,24,3,21,tfidf
mixed_raw_daily,mixed_raw,mixed,raw,2024-10-28,D,daily,0.5749137284623919,23,4,19,tfidf
mixed_raw_daily,mixed_raw,mixed,raw,2024-10-29,D,daily,0.6487221500178177,9,0,9,tfidf
mixed_raw_daily,mixed_raw,mixed,raw,2024-10-31,D,daily,0.6175816186261165,40,2,38,tfidf
mixed_raw_daily,mixed_raw,mixed,raw,2024-11-01,D,daily,0.3908060511495617,61,8,53,tfidf
mixed_raw_daily,mixed_raw,mixed,raw,2024-11-02,D,daily,0.5695307210139509,10,0,10,tfidf
mixed_raw_daily,mixed_raw,mixed,raw,2024-11-03,D,daily,0.7027618732799152,15,3,12,tfidf
mixed_raw_daily,mixed_raw,mixed,raw,2024-11-04,D,daily,0.6298851732948111,29,2,27,tfidf
mixed_raw_daily,mixed_raw,mixed,raw,2024-11-05,D,daily,0.5079408751488717,25,5,20,tfidf
mixed_raw_daily,mixed_raw,mixed,raw,2024-11-06,D,daily,0.4565269395009106,23,3,20,tfidf
mixed_raw_daily,mixed_raw,mixed,raw,2024-11-08,D,daily,0.42139067443729417,23,3,20,tfidf
mixed_raw_daily,mixed_raw,mixed,raw,2024-11-09,D,daily,0.5916296734228182,6,1,5,tfidf
mixed_raw_daily,mixed_raw,mixed,raw,2024-11-10,D,daily,0.6875342369858115,23,0,23,tfidf
mixed_raw_daily,mixed_raw,mixed,raw,2024-11-11,D,daily,0.8248332127664197,6,6,0,tfidf
mixed_raw_daily,mixed_raw,mixed,raw,2024-11-13,D,daily,0.7516058658684766,20,5,15,tfidf
mixed_raw_daily,mixed_raw,mixed,raw,2024-11-14,D,daily,0.7291736200233124,5,1,4,tfidf
mixed_raw_daily,mixed_raw,mixed,raw,2024-11-15,D,daily,0.6172784104521967,25,7,18,tfidf
mixed_raw_daily,mixed_raw,mixed,raw,2024-11-16,D,daily,0.7178769633854568,11,0,11,tfidf
mixed_raw_daily,mixed_raw,mixed,raw,2024-11-17,D,daily,0.8356962626905164,9,1,8,tfidf
mixed_raw_daily,mixed_raw,mixed,raw,2024-11-18,D,daily,0.7803887814714098,11,2,9,tfidf
mixed_raw_daily,mixed_raw,mixed,raw,2024-11-19,D,daily,0.63831449213511,12,0,12,tfidf
mixed_raw_daily,mixed_raw,mixed,raw,2024-11-20,D,daily,0.5970828261032367,26,3,23,tfidf
mixed_raw_daily,mixed_raw,mixed,raw,2024-11-21,D,daily,0.6405225494794216,18,3,15,tfidf
mixed_raw_daily,mixed_raw,mixed,raw,2024-11-22,D,daily,0.6096008515856748,8,1,7,tfidf
mixed_raw_daily,mixed_raw,mixed,raw,2024-11-23,D,daily,0.6278732346357717,23,4,19,tfidf
mixed_raw_daily,mixed_raw,mixed,raw,2024-11-24,D,daily,0.7369712101875752,16,2,14,tfidf
mixed_raw_daily,mixed_raw,mixed,raw,2024-11-25,D,daily,0.7697757578349309,14,7,7,tfidf
mixed_raw_daily,mixed_raw,mixed,raw,2024-11-26,D,daily,0.8132805847455616,13,3,10,tfidf
mixed_raw_daily,mixed_raw,mixed,raw,2024-11-27,D,daily,0.7519415934319936,16,4,12,tfidf
mixed_raw_daily,mixed_raw,mixed,raw,2024-11-28,D,daily,0.6996091214470754,14,1,13,tfidf
mixed_raw_daily,mixed_raw,mixed,raw,2024-11-29,D,daily,0.6314165362668879,26,1,25,tfidf
mixed_raw_daily,mixed_raw,mixed,raw,2024-11-30,D,daily,0.6518097406038916,18,0,18,tfidf
mixed_raw_daily,mixed_raw,mixed,raw,2024-12-01,D,daily,0.6671607207007257,35,2,33,tfidf
mixed_raw_daily,mixed_raw,mixed,raw,2024-12-03,D,daily,0.6854837299645321,25,5,20,tfidf
mixed_raw_daily,mixed_raw,mixed,raw,2024-12-04,D,daily,0.7277212144349223,23,4,19,tfidf
mixed_raw_daily,mixed_raw,mixed,raw,2024-12-05,D,daily,0.7418725805366853,17,0,17,tfidf
mixed_raw_daily,mixed_raw,mixed,raw,2024-12-06,D,daily,0.6895696891373292,12,1,11,tfidf
mixed_raw_daily,mixed_raw,mixed,raw,2024-12-08,D,daily,0.7271964981431545,20,1,19,tfidf
mixed_raw_daily,mixed_raw,mixed,raw,2024-12-09,D,daily,0.6745187207514362,10,5,5,tfidf
mixed_raw_daily,mixed_raw,mixed,raw,2024-12-10,D,daily,0.7584555303602549,16,0,16,tfidf
mixed_raw_daily,mixed_raw,mixed,raw,2024-12-11,D,daily,0.6530683802001532,14,3,11,tfidf
mixed_raw_daily,mixed_raw,mixed,raw,2024-12-12,D,daily,0.8822344775727939,7,3,4,tfidf
mixed_raw_daily,mixed_raw,mixed,raw,2024-12-13,D,daily,0.8749814609375215,16,3,13,tfidf
mixed_raw_daily,mixed_raw,mixed,raw,2024-12-14,D,daily,0.72158535835154,9,0,9,tfidf
mixed_raw_daily,mixed_raw,mixed,raw,2024-12-15,D,daily,0.7048371351345148,18,1,17,tfidf
mixed_raw_daily,mixed_raw,mixed,raw,2024-12-16,D,daily,0.65510767290588,16,3,13,tfidf
mixed_raw_daily,mixed_raw,mixed,raw,2024-12-17,D,daily,0.6355354216519604,24,6,18,tfidf
mixed_raw_daily,mixed_raw,mixed,raw,2024-12-18,D,daily,0.6264471283881283,28,8,20,tfidf
mixed_raw_daily,mixed_raw,mixed,raw,2024-12-19,D,daily,0.6038968098906513,18,2,16,tfidf
mixed_raw_daily,mixed_raw,mixed,raw,2024-12-20,D,daily,0.6104487765584389,14,1,13,tfidf
mixed_raw_daily,mixed_raw,mixed,raw,2024-12-21,D,daily,0.7235617744467662,11,1,10,tfidf
mixed_raw_daily,mixed_raw,mixed,raw,2024-12-22,D,daily,0.7508823113855999,6,0,6,tfidf
mixed_raw_daily,mixed_raw,mixed,raw,2024-12-23,D,daily,0.8575310334847658,9,1,8,tfidf
mixed_raw_daily,mixed_raw,mixed,raw,2024-12-24,D,daily,0.8479021252058692,9,1,8,tfidf
mixed_raw_daily,mixed_raw,mixed,raw,2024-12-25,D,daily,0.8470161364700594,7,0,7,tfidf
mixed_raw_daily,mixed_raw,mixed,raw,2024-12-26,D,daily,0.7328680936243028,14,0,14,tfidf
mixed_raw_daily,mixed_raw,mixed,raw,2024-12-27,D,daily,0.8161364049633393,17,4,13,tfidf
mixed_raw_daily,mixed_raw,mixed,raw,2024-12-28,D,daily,0.8561279017758298,10,0,10,tfidf
mixed_raw_daily,mixed_raw,mixed,raw,2024-12-29,D,daily,0.8222686724244975,8,0,8,tfidf
mixed_raw_daily,mixed_raw,mixed,raw,2024-12-30,D,daily,0.8535799909877658,17,3,14,tfidf
mixed_raw_daily,mixed_raw,mixed,raw,2024-12-31,D,daily,0.8037555097295681,45,0,45,tfidf
mixed_raw_daily,mixed_raw,mixed,raw,2025-01-01,D,daily,0.5515931820452488,18,2,16,tfidf
mixed_raw_daily,mixed_raw,mixed,raw,2025-01-02,D,daily,0.6786630034411709,13,0,13,tfidf
mixed_raw_daily,mixed_raw,mixed,raw,2025-01-03,D,daily,0.6819475786801109,16,1,15,tfidf
mixed_raw_daily,mixed_raw,mixed,raw,2025-01-04,D,daily,0.7071029094439413,7,2,5,tfidf
mixed_raw_daily,mixed_raw,mixed,raw,2025-01-05,D,daily,0.8021410729735305,19,1,18,tfidf
mixed_raw_daily,mixed_raw,mixed,raw,2025-01-06,D,daily,0.6939624522370275,21,5,16,tfidf
mixed_raw_daily,mixed_raw,mixed,raw,2025-01-07,D,daily,0.5155682388239887,9,1,8,tfidf
mixed_raw_daily,mixed_raw,mixed,raw,2025-01-08,D,daily,0.6760037647086274,22,2,20,tfidf
mixed_raw_daily,mixed_raw,mixed,raw,2025-01-09,D,daily,0.6077541537119046,20,6,14,tfidf
mixed_raw_daily,mixed_raw,mixed,raw,2025-01-10,D,daily,0.720408650196668,5,2,3,tfidf
mixed_raw_daily,mixed_raw,mixed,raw,2025-01-11,D,daily,0.6959961096229044,18,1,17,tfidf
mixed_raw_daily,mixed_raw,mixed,raw,2025-01-12,D,daily,0.7162423155953859,6,1,5,tfidf
mixed_raw_daily,mixed_raw,mixed,raw,2025-01-13,D,daily,0.8089925902368373,8,5,3,tfidf
mixed_raw_daily,mixed_raw,mixed,raw,2025-01-14,D,daily,0.7464848284853124,18,1,17,tfidf
mixed_raw_daily,mixed_raw,mixed,raw,2025-01-15,D,daily,0.6556598781223272,22,1,21,tfidf
mixed_raw_daily,mixed_raw,mixed,raw,2025-01-16,D,daily,0.6096845645902619,16,5,11,tfidf
mixed_raw_daily,mixed_raw,mixed,raw,2025-01-17,D,daily,0.5816864753944693,21,2,19,tfidf
mixed_raw_daily,mixed_raw,mixed,raw,2025-01-19,D,daily,0.706625657985211,14,1,13,tfidf
mixed_raw_daily,mixed_raw,mixed,raw,2025-01-20,D,daily,0.7189988046167161,27,7,20,tfidf
mixed_raw_daily,mixed_raw,mixed,raw,2025-01-21,D,daily,0.5067102790208097,20,2,18,tfidf
mixed_raw_daily,mixed_raw,mixed,raw,2025-01-22,D,daily,0.5460421287866903,20,1,19,tfidf
mixed_raw_daily,mixed_raw,mixed,raw,2025-01-23,D,daily,0.5241140751919765,26,7,19,tfidf
mixed_raw_daily,mixed_raw,mixed,raw,2025-01-24,D,daily,0.6403458327066373,20,5,15,tfidf
mixed_raw_daily,mixed_raw,mixed,raw,2025-01-25,D,daily,0.6537040241244199,12,1,11,tfidf
mixed_raw_daily,mixed_raw,mixed,raw,2025-01-26,D,daily,0.7644190825924908,16,1,15,tfidf
mixed_raw_daily,mixed_raw,mixed,raw,2025-01-27,D,daily,0.7971405950034571,10,2,8,tfidf
mixed_raw_daily,mixed_raw,mixed,raw,2025-01-28,D,daily,0.8219089590826607,19,2,17,tfidf
mixed_raw_daily,mixed_raw,mixed,raw,2025-01-29,D,daily,0.739444961438144,23,3,20,tfidf
mixed_raw_daily,mixed_raw,mixed,raw,2025-01-30,D,daily,0.5266972527708876,26,5,21,tfidf
mixed_raw_daily,mixed_raw,mixed,raw,2025-01-31,D,daily,0.5856139875040041,32,3,29,tfidf
mixed_raw_daily,mixed_raw,mixed,raw,2025-02-01,D,daily,0.6138936074519135,30,0,30,tfidf
mixed_raw_daily,mixed_raw,mixed,raw,2025-02-02,D,daily,0.5993804891052995,14,0,14,tfidf
mixed_raw_daily,mixed_raw,mixed,raw,2025-02-03,D,daily,0.7218272031554762,26,6,20,tfidf
mixed_raw_daily,mixed_raw,mixed,raw,2025-02-04,D,daily,0.6949086974913111,26,5,21,tfidf
mixed_raw_daily,mixed_raw,mixed,raw,2025-02-05,D,daily,0.570271325169954,23,3,20,tfidf
mixed_raw_daily,mixed_raw,mixed,raw,2025-02-06,D,daily,0.514590527803092,27,7,20,tfidf
mixed_raw_daily,mixed_raw,mixed,raw,2025-02-07,D,daily,0.4810175358276175,20,5,15,tfidf
mixed_raw_daily,mixed_raw,mixed,raw,2025-02-08,D,daily,0.6785334377354326,9,0,9,tfidf
mixed_raw_daily,mixed_raw,mixed,raw,2025-02-09,D,daily,0.8413918833470349,16,1,15,tfidf
mixed_raw_daily,mixed_raw,mixed,raw,2025-02-10,D,daily,0.7453419541701322,11,1,10,tfidf
mixed_raw_daily,mixed_raw,mixed,raw,2025-02-12,D,daily,0.5898114478180886,21,4,17,tfidf
mixed_raw_daily,mixed_raw,mixed,raw,2025-02-13,D,daily,0.6396458174201294,15,5,10,tfidf
mixed_raw_daily,mixed_raw,mixed,raw,2025-02-14,D,daily,0.6726161181722081,21,4,17,tfidf
mixed_raw_daily,mixed_raw,mixed,raw,2025-02-16,D,daily,0.6018502538680277,20,0,20,tfidf
mixed_raw_daily,mixed_raw,mixed,raw,2025-02-17,D,daily,0.6532788494193315,10,2,8,tfidf
mixed_raw_daily,mixed_raw,mixed,raw,2025-02-18,D,daily,0.5652164792402077,20,0,20,tfidf
mixed_raw_daily,mixed_raw,mixed,raw,2025-02-19,D,daily,0.47446885341758593,29,5,24,tfidf
mixed_split_minority_day_daily,mixed_split_minority_day,mixed,split_minority_day,2024-02-07,D,daily,0.6882965110654353,8,4,4,tfidf
mixed_split_minority_day_daily,mixed_split_minority_day,mixed,split_minority_day,2024-02-08,D,daily,0.7621582861303743,36,18,18,tfidf
mixed_split_minority_day_daily,mixed_split_minority_day,mixed,split_minority_day,2024-02-11,D,daily,0.6861118288562598,38,19,19,tfidf
mixed_split_minority_day_daily,mixed_split_minority_day,mixed,split_minority_day,2024-02-12,D,daily,0.5915781342855735,38,19,19,tfidf
mixed_split_minority_day_daily,mixed_split_minority_day,mixed,split_minority_day,2024-02-15,D,daily,0.6681179630996483,40,20,20,tfidf
mixed_split_minority_day_daily,mixed_split_minority_day,mixed,split_minority_day,2024-02-16,D,daily,0.5572190047463657,40,20,20,tfidf
mixed_split_minority_day_daily,mixed_split_minority_day,mixed,split_minority_day,2024-02-17,D,daily,0.45887489616702415,30,15,15,tfidf
mixed_split_minority_day_daily,mixed_split_minority_day,mixed,split_minority_day,2024-02-20,D,daily,0.7193515558734557,38,19,19,tfidf
mixed_split_minority_day_daily,mixed_split_minority_day,mixed,split_minority_day,2024-02-22,D,daily,0.751259861196268,34,17,17,tfidf
mixed_split_minority_day_daily,mixed_split_minority_day,mixed,split_minority_day,2024-02-23,D,daily,0.7078335138518828,32,16,16,tfidf
mixed_split_minority_day_daily,mixed_split_minority_day,mixed,split_minority_day,2024-02-25,D,daily,0.6916176826199335,46,23,23,tfidf
mixed_split_minority_day_daily,mixed_split_minority_day,mixed,split_minority_day,2024-02-26,D,daily,0.6221946110620713,26,13,13,tfidf
mixed_split_minority_day_daily,mixed_split_minority_day,mixed,split_minority_day,2024-02-27,D,daily,0.7720887957442604,12,6,6,tfidf
mixed_split_minority_day_daily,mixed_split_minority_day,mixed,split_minority_day,2024-02-28,D,daily,0.7076457277070836,44,22,22,tfidf
mixed_split_minority_day_daily,mixed_split_minority_day,mixed,split_minority_day,2024-02-29,D,daily,0.61680282289815,38,19,19,tfidf
mixed_split_minority_day_daily,mixed_split_minority_day,mixed,split_minority_day,2024-03-01,D,daily,0.6454432243984187,128,64,64,tfidf
mixed_split_minority_day_daily,mixed_split_minority_day,mixed,split_minority_day,2024-03-03,D,daily,0.6184568023162325,30,15,15,tfidf
mixed_split_minority_day_daily,mixed_split_minority_day,mixed,split_minority_day,2024-03-04,D,daily,0.7256132954842938,40,20,20,tfidf
mixed_split_minority_day_daily,mixed_split_minority_day,mixed,split_minority_day,2024-03-06,D,daily,0.5753258858441513,22,11,11,tfidf
mixed_split_minority_day_daily,mixed_split_minority_day,mixed,split_minority_day,2024-03-07,D,daily,0.6412202711599475,30,15,15,tfidf
mixed_split_minority_day_daily,mixed_split_minority_day,mixed,split_minority_day,2024-03-08,D,daily,0.7695837576170621,6,3,3,tfidf
mixed_split_minority_day_daily,mixed_split_minority_day,mixed,split_minority_day,2024-03-10,D,daily,0.7613115216926056,40,20,20,tfidf
mixed_split_minority_day_daily,mixed_split_minority_day,mixed,split_minority_day,2024-03-11,D,daily,0.7058186259193903,32,16,16,tfidf
mixed_split_minority_day_daily,mixed_split_minority_day,mixed,split_minority_day,2024-03-12,D,daily,0.6813094335909948,26,13,13,tfidf
mixed_split_minority_day_daily,mixed_split_minority_day,mixed,split_minority_day,2024-03-13,D,daily,0.7017319777172764,40,20,20,tfidf
mixed_split_minority_day_daily,mixed_split_minority_day,mixed,split_minority_day,2024-03-14,D,daily,0.6053531942970628,28,14,14,tfidf
mixed_split_minority_day_daily,mixed_split_minority_day,mixed,split_minority_day,2024-03-16,D,daily,0.7617013066396833,18,9,9,tfidf
mixed_split_minority_day_daily,mixed_split_minority_day,mixed,split_minority_day,2024-03-17,D,daily,0.8303250169895602,42,21,21,tfidf
mixed_split_minority_day_daily,mixed_split_minority_day,mixed,split_minority_day,2024-03-19,D,daily,0.8520317639123437,8,4,4,tfidf
mixed_split_minority_day_daily,mixed_split_minority_day,mixed,split_minority_day,2024-03-20,D,daily,0.7189477705345675,38,19,19,tfidf
mixed_split_minority_day_daily,mixed_split_minority_day,mixed,split_minority_day,2024-03-21,D,daily,0.7178078225369128,18,9,9,tfidf
mixed_split_minority_day_daily,mixed_split_minority_day,mixed,split_minority_day,2024-03-22,D,daily,0.689756815316886,24,12,12,tfidf
mixed_split_minority_day_daily,mixed_split_minority_day,mixed,split_minority_day,2024-03-24,D,daily,0.8225236170320352,30,15,15,tfidf
mixed_split_minority_day_daily,mixed_split_minority_day,mixed,split_minority_day,2024-03-25,D,daily,0.8502217072893362,24,12,12,tfidf
mixed_split_minority_day_daily,mixed_split_minority_day,mixed,split_minority_day,2024-03-26,D,daily,0.6034779802560393,40,20,20,tfidf
mixed_split_minority_day_daily,mixed_split_minority_day,mixed,split_minority_day,2024-03-27,D,daily,0.7430594120341228,22,11,11,tfidf
mixed_split_minority_day_daily,mixed_split_minority_day,mixed,split_minority_day,2024-03-28,D,daily,0.786754908529625,36,18,18,tfidf
mixed_split_minority_day_daily,mixed_split_minority_day,mixed,split_minority_day,2024-03-29,D,daily,0.7097208560410702,60,30,30,tfidf
mixed_split_minority_day_daily,mixed_split_minority_day,mixed,split_minority_day,2024-03-31,D,daily,0.7841653620272968,14,7,7,tfidf
mixed_split_minority_day_daily,mixed_split_minority_day,mixed,split_minority_day,2024-04-01,D,daily,0.5002357757686212,60,30,30,tfidf
mixed_split_minority_day_daily,mixed_split_minority_day,mixed,split_minority_day,2024-04-02,D,daily,0.5799266686583268,36,18,18,tfidf
mixed_split_minority_day_daily,mixed_split_minority_day,mixed,split_minority_day,2024-04-04,D,daily,0.5588649037055076,40,20,20,tfidf
mixed_split_minority_day_daily,mixed_split_minority_day,mixed,split_minority_day,2024-04-05,D,daily,0.6308935926591162,40,20,20,tfidf
mixed_split_minority_day_daily,mixed_split_minority_day,mixed,split_minority_day,2024-04-06,D,daily,0.7807201868011329,26,13,13,tfidf
mixed_split_minority_day_daily,mixed_split_minority_day,mixed,split_minority_day,2024-04-07,D,daily,0.8596395140700264,24,12,12,tfidf
mixed_split_minority_day_daily,mixed_split_minority_day,mixed,split_minority_day,2024-04-08,D,daily,0.8223301240972437,34,17,17,tfidf
mixed_split_minority_day_daily,mixed_split_minority_day,mixed,split_minority_day,2024-04-09,D,daily,0.72344781100232,34,17,17,tfidf
mixed_split_minority_day_daily,mixed_split_minority_day,mixed,split_minority_day,2024-04-10,D,daily,0.7303467858346607,40,20,20,tfidf
mixed_split_minority_day_daily,mixed_split_minority_day,mixed,split_minority_day,2024-04-12,D,daily,0.700797321488069,16,8,8,tfidf
mixed_split_minority_day_daily,mixed_split_minority_day,mixed,split_minority_day,2024-04-16,D,daily,0.6847525403096167,40,20,20,tfidf
mixed_split_minority_day_daily,mixed_split_minority_day,mixed,split_minority_day,2024-04-17,D,daily,0.8240304195120702,10,5,5,tfidf
mixed_split_minority_day_daily,mixed_split_minority_day,mixed,split_minority_day,2024-04-24,D,daily,0.7859270211325451,40,20,20,tfidf
mixed_split_minority_day_daily,mixed_split_minority_day,mixed,split_minority_day,2024-04-25,D,daily,0.658078937742552,40,20,20,tfidf
mixed_split_minority_day_daily,mixed_split_minority_day,mixed,split_minority_day,2024-04-26,D,daily,0.5450934942657429,30,15,15,tfidf
mixed_split_minority_day_daily,mixed_split_minority_day,mixed,split_minority_day,2024-04-27,D,daily,0.5558791778846984,36,18,18,tfidf
mixed_split_minority_day_daily,mixed_split_minority_day,mixed,split_minority_day,2024-04-29,D,daily,0.6415157255649317,64,32,32,tfidf
mixed_split_minority_day_daily,mixed_split_minority_day,mixed,split_minority_day,2024-04-30,D,daily,0.5418262006906599,72,36,36,tfidf
mixed_split_minority_day_daily,mixed_split_minority_day,mixed,split_minority_day,2024-05-01,D,daily,0.46383692281780053,58,29,29,tfidf
mixed_split_minority_day_daily,mixed_split_minority_day,mixed,split_minority_day,2024-05-02,D,daily,0.5748762280606169,40,20,20,tfidf
mixed_split_minority_day_daily,mixed_split_minority_day,mixed,split_minority_day,2024-05-03,D,daily,0.5691333953727203,22,11,11,tfidf
mixed_split_minority_day_daily,mixed_split_minority_day,mixed,split_minority_day,2024-05-05,D,daily,0.727118269301308,36,18,18,tfidf
mixed_split_minority_day_daily,mixed_split_minority_day,mixed,split_minority_day,2024-05-07,D,daily,0.6950754689803461,26,13,13,tfidf
mixed_split_minority_day_daily,mixed_split_minority_day,mixed,split_minority_day,2024-05-08,D,daily,0.7399609058803529,18,9,9,tfidf
mixed_split_minority_day_daily,mixed_split_minority_day,mixed,split_minority_day,2024-05-09,D,daily,0.7686208336148161,40,20,20,tfidf
mixed_split_minority_day_daily,mixed_split_minority_day,mixed,split_minority_day,2024-05-10,D,daily,0.7680277004132989,18,9,9,tfidf
mixed_split_minority_day_daily,mixed_split_minority_day,mixed,split_minority_day,2024-05-12,D,daily,0.7053013497119225,40,20,20,tfidf
mixed_split_minority_day_daily,mixed_split_minority_day,mixed,split_minority_day,2024-05-13,D,daily,0.7542760415825964,20,10,10,tfidf
mixed_split_minority_day_daily,mixed_split_minority_day,mixed,split_minority_day,2024-05-14,D,daily,0.7667807973320973,26,13,13,tfidf
mixed_split_minority_day_daily,mixed_split_minority_day,mixed,split_minority_day,2024-05-15,D,daily,0.7699017016758618,32,16,16,tfidf
mixed_split_minority_day_daily,mixed_split_minority_day,mixed,split_minority_day,2024-05-16,D,daily,0.5402834840101561,32,16,16,tfidf
mixed_split_minority_day_daily,mixed_split_minority_day,mixed,split_minority_day,2024-05-19,D,daily,0.7039931235465514,36,18,18,tfidf
mixed_split_minority_day_daily,mixed_split_minority_day,mixed,split_minority_day,2024-05-20,D,daily,0.7544040336387723,40,20,20,tfidf
mixed_split_minority_day_daily,mixed_split_minority_day,mixed,split_minority_day,2024-05-21,D,daily,0.691854897879674,6,3,3,tfidf
mixed_split_minority_day_daily,mixed_split_minority_day,mixed,split_minority_day,2024-05-22,D,daily,0.7584989638042042,36,18,18,tfidf
mixed_split_minority_day_daily,mixed_split_minority_day,mixed,split_minority_day,2024-05-26,D,daily,0.8211114338030796,34,17,17,tfidf
mixed_split_minority_day_daily,mixed_split_minority_day,mixed,split_minority_day,2024-05-28,D,daily,0.8319068202426294,36,18,18,tfidf
mixed_split_minority_day_daily,mixed_split_minority_day,mixed,split_minority_day,2024-05-29,D,daily,0.7393343559811297,24,12,12,tfidf
mixed_split_minority_day_daily,mixed_split_minority_day,mixed,split_minority_day,2024-05-30,D,daily,0.728908075734227,30,15,15,tfidf
mixed_split_minority_day_daily,mixed_split_minority_day,mixed,split_minority_day,2024-05-31,D,daily,0.6344120406400592,24,12,12,tfidf
mixed_split_minority_day_daily,mixed_split_minority_day,mixed,split_minority_day,2024-06-03,D,daily,0.7820545158410603,24,12,12,tfidf
mixed_split_minority_day_daily,mixed_split_minority_day,mixed,split_minority_day,2024-06-04,D,daily,0.7245676155939432,16,8,8,tfidf
mixed_split_minority_day_daily,mixed_split_minority_day,mixed,split_minority_day,2024-06-07,D,daily,0.7460785426363505,22,11,11,tfidf
mixed_split_minority_day_daily,mixed_split_minority_day,mixed,split_minority_day,2024-06-09,D,daily,0.7779422367202486,32,16,16,tfidf
mixed_split_minority_day_daily,mixed_split_minority_day,mixed,split_minority_day,2024-06-10,D,daily,0.7165987889434636,12,6,6,tfidf
mixed_split_minority_day_daily,mixed_split_minority_day,mixed,split_minority_day,2024-06-11,D,daily,0.7316781186215523,40,20,20,tfidf
mixed_split_minority_day_daily,mixed_split_minority_day,mixed,split_minority_day,2024-06-12,D,daily,0.5575721999532312,32,16,16,tfidf
mixed_split_minority_day_daily,mixed_split_minority_day,mixed,split_minority_day,2024-06-13,D,daily,0.6280210257780308,32,16,16,tfidf
mixed_split_minority_day_daily,mixed_split_minority_day,mixed,split_minority_day,2024-06-14,D,daily,0.746486662810912,18,9,9,tfidf
mixed_split_minority_day_daily,mixed_split_minority_day,mixed,split_minority_day,2024-06-15,D,daily,0.850273112656567,10,5,5,tfidf
mixed_split_minority_day_daily,mixed_split_minority_day,mixed,split_minority_day,2024-06-16,D,daily,0.8646795645906791,40,20,20,tfidf
mixed_split_minority_day_daily,mixed_split_minority_day,mixed,split_minority_day,2024-06-18,D,daily,0.7290761198719262,38,19,19,tfidf
mixed_split_minority_day_daily,mixed_split_minority_day,mixed,split_minority_day,2024-06-20,D,daily,0.6623846471954556,34,17,17,tfidf
mixed_split_minority_day_daily,mixed_split_minority_day,mixed,split_minority_day,2024-06-21,D,daily,0.6086056580743704,22,11,11,tfidf
mixed_split_minority_day_daily,mixed_split_minority_day,mixed,split_minority_day,2024-06-22,D,daily,0.7355174438083993,14,7,7,tfidf
mixed_split_minority_day_daily,mixed_split_minority_day,mixed,split_minority_day,2024-06-23,D,daily,0.8570851826349877,22,11,11,tfidf
mixed_split_minority_day_daily,mixed_split_minority_day,mixed,split_minority_day,2024-06-24,D,daily,0.7992384776412962,42,21,21,tfidf
mixed_split_minority_day_daily,mixed_split_minority_day,mixed,split_minority_day,2024-06-25,D,daily,0.698591828359985,22,11,11,tfidf
mixed_split_minority_day_daily,mixed_split_minority_day,mixed,split_minority_day,2024-06-26,D,daily,0.6293917133237776,40,20,20,tfidf
mixed_split_minority_day_daily,mixed_split_minority_day,mixed,split_minority_day,2024-06-27,D,daily,0.6654740671508497,26,13,13,tfidf
mixed_split_minority_day_daily,mixed_split_minority_day,mixed,split_minority_day,2024-06-28,D,daily,0.6653653106703187,42,21,21,tfidf
mixed_split_minority_day_daily,mixed_split_minority_day,mixed,split_minority_day,2024-06-29,D,daily,0.6002222858893275,28,14,14,tfidf
mixed_split_minority_day_daily,mixed_split_minority_day,mixed,split_minority_day,2024-07-01,D,daily,0.5814723550986516,84,42,42,tfidf
mixed_split_minority_day_daily,mixed_split_minority_day,mixed,split_minority_day,2024-07-02,D,daily,0.645967767552897,50,25,25,tfidf
mixed_split_minority_day_daily,mixed_split_minority_day,mixed,split_minority_day,2024-07-03,D,daily,0.7270726976234153,28,14,14,tfidf
mixed_split_minority_day_daily,mixed_split_minority_day,mixed,split_minority_day,2024-07-05,D,daily,0.8188984320079319,10,5,5,tfidf
mixed_split_minority_day_daily,mixed_split_minority_day,mixed,split_minority_day,2024-07-06,D,daily,0.8377636363102968,10,5,5,tfidf
mixed_split_minority_day_daily,mixed_split_minority_day,mixed,split_minority_day,2024-07-07,D,daily,0.7855309707142848,20,10,10,tfidf
mixed_split_minority_day_daily,mixed_split_minority_day,mixed,split_minority_day,2024-07-08,D,daily,0.636272780974569,28,14,14,tfidf
mixed_split_minority_day_daily,mixed_split_minority_day,mixed,split_minority_day,2024-07-09,D,daily,0.6933024855284742,18,9,9,tfidf
mixed_split_minority_day_daily,mixed_split_minority_day,mixed,split_minority_day,2024-07-10,D,daily,0.6348960939378487,42,21,21,tfidf
mixed_split_minority_day_daily,mixed_split_minority_day,mixed,split_minority_day,2024-07-11,D,daily,0.5434773603802809,40,20,20,tfidf
mixed_split_minority_day_daily,mixed_split_minority_day,mixed,split_minority_day,2024-07-13,D,daily,0.7189053496753178,14,7,7,tfidf
mixed_split_minority_day_daily,mixed_split_minority_day,mixed,split_minority_day,2024-07-14,D,daily,0.8261046778829777,62,31,31,tfidf
mixed_split_minority_day_daily,mixed_split_minority_day,mixed,split_minority_day,2024-07-17,D,daily,0.5742536476208644,40,20,20,tfidf
mixed_split_minority_day_daily,mixed_split_minority_day,mixed,split_minority_day,2024-07-18,D,daily,0.4454943465876747,40,20,20,tfidf
mixed_split_minority_day_daily,mixed_split_minority_day,mixed,split_minority_day,2024-07-19,D,daily,0.5493948064756323,40,20,20,tfidf
mixed_split_minority_day_daily,mixed_split_minority_day,mixed,split_minority_day,2024-07-20,D,daily,0.4645849331528453,26,13,13,tfidf
mixed_split_minority_day_daily,mixed_split_minority_day,mixed,split_minority_day,2024-07-21,D,daily,0.4964740034563693,26,13,13,tfidf
mixed_split_minority_day_daily,mixed_split_minority_day,mixed,split_minority_day,2024-07-23,D,daily,0.502849593640989,40,20,20,tfidf
mixed_split_minority_day_daily,mixed_split_minority_day,mixed,split_minority_day,2024-07-25,D,daily,0.8942375677463779,22,11,11,tfidf
mixed_split_minority_day_daily,mixed_split_minority_day,mixed,split_minority_day,2024-07-26,D,daily,0.8796559253072075,42,21,21,tfidf
mixed_split_minority_day_daily,mixed_split_minority_day,mixed,split_minority_day,2024-07-27,D,daily,0.7557580129689871,16,8,8,tfidf
mixed_split_minority_day_daily,mixed_split_minority_day,mixed,split_minority_day,2024-07-30,D,daily,0.7826173034305182,40,20,20,tfidf
mixed_split_minority_day_daily,mixed_split_minority_day,mixed,split_minority_day,2024-08-01,D,daily,0.5170626306572405,136,68,68,tfidf
mixed_split_minority_day_daily,mixed_split_minority_day,mixed,split_minority_day,2024-08-02,D,daily,0.5110493514885883,30,15,15,tfidf
mixed_split_minority_day_daily,mixed_split_minority_day,mixed,split_minority_day,2024-08-03,D,daily,0.5669040824379855,42,21,21,tfidf
mixed_split_minority_day_daily,mixed_split_minority_day,mixed,split_minority_day,2024-08-04,D,daily,0.4941162036787976,30,15,15,tfidf
mixed_split_minority_day_daily,mixed_split_minority_day,mixed,split_minority_day,2024-08-05,D,daily,0.7513178327046892,8,4,4,tfidf
mixed_split_minority_day_daily,mixed_split_minority_day,mixed,split_minority_day,2024-08-06,D,daily,0.8109889177733899,34,17,17,tfidf
mixed_split_minority_day_daily,mixed_split_minority_day,mixed,split_minority_day,2024-08-07,D,daily,0.6710910671802472,18,9,9,tfidf
mixed_split_minority_day_daily,mixed_split_minority_day,mixed,split_minority_day,2024-08-08,D,daily,0.6397998062120204,28,14,14,tfidf
mixed_split_minority_day_daily,mixed_split_minority_day,mixed,split_minority_day,2024-08-09,D,daily,0.5126487119962225,16,8,8,tfidf
mixed_split_minority_day_daily,mixed_split_minority_day,mixed,split_minority_day,2024-08-13,D,daily,0.528839361250139,46,23,23,tfidf
mixed_split_minority_day_daily,mixed_split_minority_day,mixed,split_minority_day,2024-08-14,D,daily,0.5392410658330689,34,17,17,tfidf
mixed_split_minority_day_daily,mixed_split_minority_day,mixed,split_minority_day,2024-08-15,D,daily,0.5846741276975352,44,22,22,tfidf
mixed_split_minority_day_daily,mixed_split_minority_day,mixed,split_minority_day,2024-08-16,D,daily,0.6458688710212463,10,5,5,tfidf
mixed_split_minority_day_daily,mixed_split_minority_day,mixed,split_minority_day,2024-08-17,D,daily,0.7634567373767925,14,7,7,tfidf
mixed_split_minority_day_daily,mixed_split_minority_day,mixed,split_minority_day,2024-08-20,D,daily,0.7261152375355845,28,14,14,tfidf
mixed_split_minority_day_daily,mixed_split_minority_day,mixed,split_minority_day,2024-08-21,D,daily,0.5241749612370599,38,19,19,tfidf
mixed_split_minority_day_daily,mixed_split_minority_day,mixed,split_minority_day,2024-08-22,D,daily,0.44150392615630873,38,19,19,tfidf
mixed_split_minority_day_daily,mixed_split_minority_day,mixed,split_minority_day,2024-08-23,D,daily,0.5600651082480523,30,15,15,tfidf
mixed_split_minority_day_daily,mixed_split_minority_day,mixed,split_minority_day,2024-08-24,D,daily,0.6087278594120245,24,12,12,tfidf
mixed_split_minority_day_daily,mixed_split_minority_day,mixed,split_minority_day,2024-08-26,D,daily,0.6049211910778978,26,13,13,tfidf
mixed_split_minority_day_daily,mixed_split_minority_day,mixed,split_minority_day,2024-08-27,D,daily,0.6912036517315345,30,15,15,tfidf
mixed_split_minority_day_daily,mixed_split_minority_day,mixed,split_minority_day,2024-08-28,D,daily,0.6559958821376282,38,19,19,tfidf
mixed_split_minority_day_daily,mixed_split_minority_day,mixed,split_minority_day,2024-08-31,D,daily,0.6738317323952646,32,16,16,tfidf
mixed_split_minority_day_daily,mixed_split_minority_day,mixed,split_minority_day,2024-09-02,D,daily,0.7099050094031263,30,15,15,tfidf
mixed_split_minority_day_daily,mixed_split_minority_day,mixed,split_minority_day,2024-09-03,D,daily,0.7571992703878175,12,6,6,tfidf
mixed_split_minority_day_daily,mixed_split_minority_day,mixed,split_minority_day,2024-09-04,D,daily,0.5726698349804893,34,17,17,tfidf
mixed_split_minority_day_daily,mixed_split_minority_day,mixed,split_minority_day,2024-09-05,D,daily,0.5274515504827724,30,15,15,tfidf
mixed_split_minority_day_daily,mixed_split_minority_day,mixed,split_minority_day,2024-09-06,D,daily,0.5453454313818384,34,17,17,tfidf
mixed_split_minority_day_daily,mixed_split_minority_day,mixed,split_minority_day,2024-09-09,D,daily,0.5942623343807569,40,20,20,tfidf
mixed_split_minority_day_daily,mixed_split_minority_day,mixed,split_minority_day,2024-09-10,D,daily,0.6000009066564236,26,13,13,tfidf
mixed_split_minority_day_daily,mixed_split_minority_day,mixed,split_minority_day,2024-09-11,D,daily,0.6144792060432271,40,20,20,tfidf
mixed_split_minority_day_daily,mixed_split_minority_day,mixed,split_minority_day,2024-09-12,D,daily,0.5335929313089456,18,9,9,tfidf
mixed_split_minority_day_daily,mixed_split_minority_day,mixed,split_minority_day,2024-09-13,D,daily,0.5543671369493824,40,20,20,tfidf
mixed_split_minority_day_daily,mixed_split_minority_day,mixed,split_minority_day,2024-09-14,D,daily,0.6363455739355145,6,3,3,tfidf
mixed_split_minority_day_daily,mixed_split_minority_day,mixed,split_minority_day,2024-09-16,D,daily,0.732103821766279,22,11,11,tfidf
mixed_split_minority_day_daily,mixed_split_minority_day,mixed,split_minority_day,2024-09-17,D,daily,0.49149925340050893,40,20,20,tfidf
mixed_split_minority_day_daily,mixed_split_minority_day,mixed,split_minority_day,2024-09-18,D,daily,0.47782662852487645,28,14,14,tfidf
mixed_split_minority_day_daily,mixed_split_minority_day,mixed,split_minority_day,2024-09-19,D,daily,0.6142808837590163,26,13,13,tfidf
mixed_split_minority_day_daily,mixed_split_minority_day,mixed,split_minority_day,2024-09-20,D,daily,0.5213562787183019,40,20,20,tfidf
mixed_split_minority_day_daily,mixed_split_minority_day,mixed,split_minority_day,2024-09-23,D,daily,0.3549361870580059,40,20,20,tfidf
mixed_split_minority_day_daily,mixed_split_minority_day,mixed,split_minority_day,2024-09-24,D,daily,0.5183957811496441,32,16,16,tfidf
mixed_split_minority_day_daily,mixed_split_minority_day,mixed,split_minority_day,2024-09-25,D,daily,0.6390448038828223,42,21,21,tfidf
mixed_split_minority_day_daily,mixed_split_minority_day,mixed,split_minority_day,2024-09-27,D,daily,0.550326300800169,32,16,16,tfidf
mixed_split_minority_day_daily,mixed_split_minority_day,mixed,split_minority_day,2024-09-30,D,daily,0.5282354993096862,48,24,24,tfidf
mixed_split_minority_day_daily,mixed_split_minority_day,mixed,split_minority_day,2024-10-01,D,daily,0.4541536835333735,128,64,64,tfidf
mixed_split_minority_day_daily,mixed_split_minority_day,mixed,split_minority_day,2024-10-02,D,daily,0.6381189711518765,20,10,10,tfidf
mixed_split_minority_day_daily,mixed_split_minority_day,mixed,split_minority_day,2024-10-03,D,daily,0.7007509472092138,34,17,17,tfidf
mixed_split_minority_day_daily,mixed_split_minority_day,mixed,split_minority_day,2024-10-04,D,daily,0.6212060403856718,24,12,12,tfidf
mixed_split_minority_day_daily,mixed_split_minority_day,mixed,split_minority_day,2024-10-05,D,daily,0.6323117489133293,20,10,10,tfidf
mixed_split_minority_day_daily,mixed_split_minority_day,mixed,split_minority_day,2024-10-07,D,daily,0.5768877759027773,22,11,11,tfidf
mixed_split_minority_day_daily,mixed_split_minority_day,mixed,split_minority_day,2024-10-09,D,daily,0.5032846083235682,24,12,12,tfidf
mixed_split_minority_day_daily,mixed_split_minority_day,mixed,split_minority_day,2024-10-10,D,daily,0.6640842509718226,24,12,12,tfidf
mixed_split_minority_day_daily,mixed_split_minority_day,mixed,split_minority_day,2024-10-11,D,daily,0.6645053230204834,50,25,25,tfidf
mixed_split_minority_day_daily,mixed_split_minority_day,mixed,split_minority_day,2024-10-12,D,daily,0.489343759324012,22,11,11,tfidf
mixed_split_minority_day_daily,mixed_split_minority_day,mixed,split_minority_day,2024-10-13,D,daily,0.550796883139921,44,22,22,tfidf
mixed_split_minority_day_daily,mixed_split_minority_day,mixed,split_minority_day,2024-10-14,D,daily,0.6164476771112243,26,13,13,tfidf
mixed_split_minority_day_daily,mixed_split_minority_day,mixed,split_minority_day,2024-10-15,D,daily,0.8950581065014908,8,4,4,tfidf
mixed_split_minority_day_daily,mixed_split_minority_day,mixed,split_minority_day,2024-10-16,D,daily,0.8603294757450706,50,25,25,tfidf
mixed_split_minority_day_daily,mixed_split_minority_day,mixed,split_minority_day,2024-10-17,D,daily,0.5171160410017064,34,17,17,tfidf
mixed_split_minority_day_daily,mixed_split_minority_day,mixed,split_minority_day,2024-10-18,D,daily,0.5814634325778989,28,14,14,tfidf
mixed_split_minority_day_daily,mixed_split_minority_day,mixed,split_minority_day,2024-10-19,D,daily,0.6446839431432837,14,7,7,tfidf
mixed_split_minority_day_daily,mixed_split_minority_day,mixed,split_minority_day,2024-10-20,D,daily,0.7943169468604931,32,16,16,tfidf
mixed_split_minority_day_daily,mixed_split_minority_day,mixed,split_minority_day,2024-10-21,D,daily,0.7387874231100284,20,10,10,tfidf
mixed_split_minority_day_daily,mixed_split_minority_day,mixed,split_minority_day,2024-10-23,D,daily,0.6842610984959936,40,20,20,tfidf
mixed_split_minority_day_daily,mixed_split_minority_day,mixed,split_minority_day,2024-10-24,D,daily,0.5218015465321055,34,17,17,tfidf
mixed_split_minority_day_daily,mixed_split_minority_day,mixed,split_minority_day,2024-10-25,D,daily,0.5305929195847447,46,23,23,tfidf
mixed_split_minority_day_daily,mixed_split_minority_day,mixed,split_minority_day,2024-10-26,D,daily,0.7496562453824942,10,5,5,tfidf
mixed_split_minority_day_daily,mixed_split_minority_day,mixed,split_minority_day,2024-10-27,D,daily,0.6966826396184478,42,21,21,tfidf
mixed_split_minority_day_daily,mixed_split_minority_day,mixed,split_minority_day,2024-10-28,D,daily,0.5748613835693015,38,19,19,tfidf
mixed_split_minority_day_daily,mixed_split_minority_day,mixed,split_minority_day,2024-10-31,D,daily,0.43580440657651576,76,38,38,tfidf
mixed_split_minority_day_daily,mixed_split_minority_day,mixed,split_minority_day,2024-11-01,D,daily,0.39074523012497253,106,53,53,tfidf
mixed_split_minority_day_daily,mixed_split_minority_day,mixed,split_minority_day,2024-11-03,D,daily,0.5406223358643356,24,12,12,tfidf
mixed_split_minority_day_daily,mixed_split_minority_day,mixed,split_minority_day,2024-11-04,D,daily,0.630020680994221,54,27,27,tfidf
mixed_split_minority_day_daily,mixed_split_minority_day,mixed,split_minority_day,2024-11-05,D,daily,0.5079494357065667,40,20,20,tfidf
mixed_split_minority_day_daily,mixed_split_minority_day,mixed,split_minority_day,2024-11-06,D,daily,0.456567720438697,40,20,20,tfidf
mixed_split_minority_day_daily,mixed_split_minority_day,mixed,split_minority_day,2024-11-08,D,daily,0.42136644397945644,40,20,20,tfidf
mixed_split_minority_day_daily,mixed_split_minority_day,mixed,split_minority_day,2024-11-09,D,daily,0.5917558175338001,10,5,5,tfidf
mixed_split_minority_day_daily,mixed_split_minority_day,mixed,split_minority_day,2024-11-13,D,daily,0.6948520540495813,30,15,15,tfidf
mixed_split_minority_day_daily,mixed_split_minority_day,mixed,split_minority_day,2024-11-14,D,daily,0.7291773521843281,8,4,4,tfidf
mixed_split_minority_day_daily,mixed_split_minority_day,mixed,split_minority_day,2024-11-15,D,daily,0.6172672156084396,36,18,18,tfidf
mixed_split_minority_day_daily,mixed_split_minority_day,mixed,split_minority_day,2024-11-17,D,daily,0.7069185101246495,16,8,8,tfidf
mixed_split_minority_day_daily,mixed_split_minority_day,mixed,split_minority_day,2024-11-18,D,daily,0.7803739917827797,18,9,9,tfidf
mixed_split_minority_day_daily,mixed_split_minority_day,mixed,split_minority_day,2024-11-20,D,daily,0.6849532057538467,46,23,23,tfidf
mixed_split_minority_day_daily,mixed_split_minority_day,mixed,split_minority_day,2024-11-21,D,daily,0.6405506409810442,30,15,15,tfidf
mixed_split_minority_day_daily,mixed_split_minority_day,mixed,split_minority_day,2024-11-22,D,daily,0.609577539014758,14,7,7,tfidf
mixed_split_minority_day_daily,mixed_split_minority_day,mixed,split_minority_day,2024-11-23,D,daily,0.6279571364346995,38,19,19,tfidf
mixed_split_minority_day_daily,mixed_split_minority_day,mixed,split_minority_day,2024-11-24,D,daily,0.7368605054663055,28,14,14,tfidf
mixed_split_minority_day_daily,mixed_split_minority_day,mixed,split_minority_day,2024-11-25,D,daily,0.7697031768218388,14,7,7,tfidf
mixed_split_minority_day_daily,mixed_split_minority_day,mixed,split_minority_day,2024-11-26,D,daily,0.8132778073885303,20,10,10,tfidf
mixed_split_minority_day_daily,mixed_split_minority_day,mixed,split_minority_day,2024-11-27,D,daily,0.7519415934319936,24,12,12,tfidf
mixed_split_minority_day_daily,mixed_split_minority_day,mixed,split_minority_day,2024-11-28,D,daily,0.6994963677136001,26,13,13,tfidf
mixed_split_minority_day_daily,mixed_split_minority_day,mixed,split_minority_day,2024-11-29,D,daily,0.6313774291038907,50,25,25,tfidf
mixed_split_minority_day_daily,mixed_split_minority_day,mixed,split_minority_day,2024-12-01,D,daily,0.6219081834510897,66,33,33,tfidf
mixed_split_minority_day_daily,mixed_split_minority_day,mixed,split_minority_day,2024-12-03,D,daily,0.6854390859424312,40,20,20,tfidf
mixed_split_minority_day_daily,mixed_split_minority_day,mixed,split_minority_day,2024-12-04,D,daily,0.72772053096987,38,19,19,tfidf
mixed_split_minority_day_daily,mixed_split_minority_day,mixed,split_minority_day,2024-12-06,D,daily,0.7299531590465949,22,11,11,tfidf
mixed_split_minority_day_daily,mixed_split_minority_day,mixed,split_minority_day,2024-12-08,D,daily,0.7272286168907989,38,19,19,tfidf
mixed_split_minority_day_daily,mixed_split_minority_day,mixed,split_minority_day,2024-12-09,D,daily,0.6745187207514362,10,5,5,tfidf
mixed_split_minority_day_daily,mixed_split_minority_day,mixed,split_minority_day,2024-12-11,D,daily,0.7331421728402048,22,11,11,tfidf
mixed_split_minority_day_daily,mixed_split_minority_day,mixed,split_minority_day,2024-12-12,D,daily,0.8822344775727939,8,4,4,tfidf
mixed_split_minority_day_daily,mixed_split_minority_day,mixed,split_minority_day,2024-12-13,D,daily,0.8749743926755621,26,13,13,tfidf
mixed_split_minority_day_daily,mixed_split_minority_day,mixed,split_minority_day,2024-12-15,D,daily,0.7917380555811119,34,17,17,tfidf
mixed_split_minority_day_daily,mixed_split_minority_day,mixed,split_minority_day,2024-12-16,D,daily,0.6550520118366492,26,13,13,tfidf
mixed_split_minority_day_daily,mixed_split_minority_day,mixed,split_minority_day,2024-12-17,D,daily,0.6354241573879492,36,18,18,tfidf
mixed_split_minority_day_daily,mixed_split_minority_day,mixed,split_minority_day,2024-12-18,D,daily,0.6263710293131765,40,20,20,tfidf
mixed_split_minority_day_daily,mixed_split_minority_day,mixed,split_minority_day,2024-12-19,D,daily,0.6039643198218259,32,16,16,tfidf
mixed_split_minority_day_daily,mixed_split_minority_day,mixed,split_minority_day,2024-12-20,D,daily,0.6103593986803478,26,13,13,tfidf
mixed_split_minority_day_daily,mixed_split_minority_day,mixed,split_minority_day,2024-12-21,D,daily,0.7251778952792947,20,10,10,tfidf
mixed_split_minority_day_daily,mixed_split_minority_day,mixed,split_minority_day,2024-12-23,D,daily,0.8516958005664461,16,8,8,tfidf
mixed_split_minority_day_daily,mixed_split_minority_day,mixed,split_minority_day,2024-12-24,D,daily,0.8477683335619525,16,8,8,tfidf
mixed_split_minority_day_daily,mixed_split_minority_day,mixed,split_minority_day,2024-12-27,D,daily,0.8985876918519844,26,13,13,tfidf
mixed_split_minority_day_daily,mixed_split_minority_day,mixed,split_minority_day,2024-12-30,D,daily,0.9230796862223907,28,14,14,tfidf
mixed_split_minority_day_daily,mixed_split_minority_day,mixed,split_minority_day,2025-01-01,D,daily,0.8414666782013552,32,16,16,tfidf
mixed_split_minority_day_daily,mixed_split_minority_day,mixed,split_minority_day,2025-01-03,D,daily,0.6664372610783593,30,15,15,tfidf
mixed_split_minority_day_daily,mixed_split_minority_day,mixed,split_minority_day,2025-01-04,D,daily,0.7069941759721167,10,5,5,tfidf
mixed_split_minority_day_daily,mixed_split_minority_day,mixed,split_minority_day,2025-01-05,D,daily,0.8020637205801353,36,18,18,tfidf
mixed_split_minority_day_daily,mixed_split_minority_day,mixed,split_minority_day,2025-01-06,D,daily,0.6938205426832516,32,16,16,tfidf
mixed_split_minority_day_daily,mixed_split_minority_day,mixed,split_minority_day,2025-01-07,D,daily,0.5157291273629093,16,8,8,tfidf
mixed_split_minority_day_daily,mixed_split_minority_day,mixed,split_minority_day,2025-01-08,D,daily,0.6760217943796262,40,20,20,tfidf
mixed_split_minority_day_daily,mixed_split_minority_day,mixed,split_minority_day,2025-01-09,D,daily,0.6077389410761135,28,14,14,tfidf
mixed_split_minority_day_daily,mixed_split_minority_day,mixed,split_minority_day,2025-01-10,D,daily,0.720369942056653,6,3,3,tfidf
mixed_split_minority_day_daily,mixed_split_minority_day,mixed,split_minority_day,2025-01-11,D,daily,0.6958366404264941,34,17,17,tfidf
mixed_split_minority_day_daily,mixed_split_minority_day,mixed,split_minority_day,2025-01-12,D,daily,0.716172081647285,10,5,5,tfidf
mixed_split_minority_day_daily,mixed_split_minority_day,mixed,split_minority_day,2025-01-13,D,daily,0.8089925902368373,10,5,5,tfidf
mixed_split_minority_day_daily,mixed_split_minority_day,mixed,split_minority_day,2025-01-14,D,daily,0.7464927759358515,34,17,17,tfidf
mixed_split_minority_day_daily,mixed_split_minority_day,mixed,split_minority_day,2025-01-15,D,daily,0.6556195215831291,42,21,21,tfidf
mixed_split_minority_day_daily,mixed_split_minority_day,mixed,split_minority_day,2025-01-16,D,daily,0.6096016343569413,22,11,11,tfidf
mixed_split_minority_day_daily,mixed_split_minority_day,mixed,split_minority_day,2025-01-17,D,daily,0.5817280930059427,38,19,19,tfidf
mixed_split_minority_day_daily,mixed_split_minority_day,mixed,split_minority_day,2025-01-19,D,daily,0.7067088815222725,26,13,13,tfidf
mixed_split_minority_day_daily,mixed_split_minority_day,mixed,split_minority_day,2025-01-20,D,daily,0.7189882582119497,40,20,20,tfidf
mixed_split_minority_day_daily,mixed_split_minority_day,mixed,split_minority_day,2025-01-21,D,daily,0.5067192821387396,36,18,18,tfidf
mixed_split_minority_day_daily,mixed_split_minority_day,mixed,split_minority_day,2025-01-22,D,daily,0.5462602083267818,38,19,19,tfidf
mixed_split_minority_day_daily,mixed_split_minority_day,mixed,split_minority_day,2025-01-23,D,daily,0.5241491879806097,38,19,19,tfidf
mixed_split_minority_day_daily,mixed_split_minority_day,mixed,split_minority_day,2025-01-24,D,daily,0.6403401427264174,30,15,15,tfidf
mixed_split_minority_day_daily,mixed_split_minority_day,mixed,split_minority_day,2025-01-25,D,daily,0.6535989971261011,22,11,11,tfidf
mixed_split_minority_day_daily,mixed_split_minority_day,mixed,split_minority_day,2025-01-26,D,daily,0.7645770162613168,30,15,15,tfidf
mixed_split_minority_day_daily,mixed_split_minority_day,mixed,split_minority_day,2025-01-27,D,daily,0.7970796780520901,16,8,8,tfidf
mixed_split_minority_day_daily,mixed_split_minority_day,mixed,split_minority_day,2025-01-28,D,daily,0.8219337866667601,34,17,17,tfidf
mixed_split_minority_day_daily,mixed_split_minority_day,mixed,split_minority_day,2025-01-29,D,daily,0.7394487337701164,40,20,20,tfidf
mixed_split_minority_day_daily,mixed_split_minority_day,mixed,split_minority_day,2025-01-30,D,daily,0.5267164069827028,42,21,21,tfidf
mixed_split_minority_day_daily,mixed_split_minority_day,mixed,split_minority_day,2025-01-31,D,daily,0.585585602879126,58,29,29,tfidf
mixed_split_minority_day_daily,mixed_split_minority_day,mixed,split_minority_day,2025-02-03,D,daily,0.7142755684849714,40,20,20,tfidf
mixed_split_minority_day_daily,mixed_split_minority_day,mixed,split_minority_day,2025-02-04,D,daily,0.69482260739134,42,21,21,tfidf
mixed_split_minority_day_daily,mixed_split_minority_day,mixed,split_minority_day,2025-02-05,D,daily,0.5701633228346434,40,20,20,tfidf
mixed_split_minority_day_daily,mixed_split_minority_day,mixed,split_minority_day,2025-02-06,D,daily,0.5145646549414209,40,20,20,tfidf
mixed_split_minority_day_daily,mixed_split_minority_day,mixed,split_minority_day,2025-02-07,D,daily,0.48099001028170485,30,15,15,tfidf
mixed_split_minority_day_daily,mixed_split_minority_day,mixed,split_minority_day,2025-02-09,D,daily,0.7380261829862422,30,15,15,tfidf
mixed_split_minority_day_daily,mixed_split_minority_day,mixed,split_minority_day,2025-02-10,D,daily,0.7452819047800254,20,10,10,tfidf
mixed_split_minority_day_daily,mixed_split_minority_day,mixed,split_minority_day,2025-02-12,D,daily,0.5898354720766888,34,17,17,tfidf
mixed_split_minority_day_daily,mixed_split_minority_day,mixed,split_minority_day,2025-02-13,D,daily,0.6396594803175648,20,10,10,tfidf
mixed_split_minority_day_daily,mixed_split_minority_day,mixed,split_minority_day,2025-02-14,D,daily,0.6725899495546857,34,17,17,tfidf
mixed_split_minority_day_daily,mixed_split_minority_day,mixed,split_minority_day,2025-02-17,D,daily,0.5953958986778238,16,8,8,tfidf
mixed_split_minority_day_daily,mixed_split_minority_day,mixed,split_minority_day,2025-02-19,D,daily,0.547873671926449,48,24,24,tfidf
right_none_daily,right_none,right,none,2024-02-06,D,daily,0.6717438227061625,16,0,16,tfidf
right_none_daily,right_none,right,none,2024-02-08,D,daily,0.7391474850462345,18,0,18,tfidf
right_none_daily,right_none,right,none,2024-02-10,D,daily,0.6296041932009513,13,0,13,tfidf
right_none_daily,right_none,right,none,2024-02-11,D,daily,0.5786041770161439,19,0,19,tfidf
right_none_daily,right_none,right,none,2024-02-12,D,daily,0.6057782208921368,19,0,19,tfidf
right_none_daily,right_none,right,none,2024-02-15,D,daily,0.6604527410163034,20,0,20,tfidf
right_none_daily,right_none,right,none,2024-02-16,D,daily,0.41684398213268126,20,0,20,tfidf
right_none_daily,right_none,right,none,2024-02-17,D,daily,0.48360640651420694,15,0,15,tfidf
right_none_daily,right_none,right,none,2024-02-18,D,daily,0.767330384998093,21,0,21,tfidf
right_none_daily,right_none,right,none,2024-02-19,D,daily,0.7903764272070462,9,0,9,tfidf
right_none_daily,right_none,right,none,2024-02-20,D,daily,0.6732731448039244,19,0,19,tfidf
right_none_daily,right_none,right,none,2024-02-22,D,daily,0.6552404808536432,17,0,17,tfidf
right_none_daily,right_none,right,none,2024-02-23,D,daily,0.6910489695246326,16,0,16,tfidf
right_none_daily,right_none,right,none,2024-02-25,D,daily,0.7166170202478866,23,0,23,tfidf
right_none_daily,right_none,right,none,2024-02-26,D,daily,0.6249260825076527,13,0,13,tfidf
right_none_daily,right_none,right,none,2024-02-27,D,daily,0.7874055813581208,6,0,6,tfidf
right_none_daily,right_none,right,none,2024-02-28,D,daily,0.6882905522478383,22,0,22,tfidf
right_none_daily,right_none,right,none,2024-02-29,D,daily,0.6361953843003331,19,0,19,tfidf
right_none_daily,right_none,right,none,2024-03-01,D,daily,0.6559595810818669,64,0,64,tfidf
right_none_daily,right_none,right,none,2024-03-02,D,daily,0.6598770528779121,16,0,16,tfidf
right_none_daily,right_none,right,none,2024-03-03,D,daily,0.7176987111739724,15,0,15,tfidf
right_none_daily,right_none,right,none,2024-03-04,D,daily,0.7718694161629793,20,0,20,tfidf
right_none_daily,right_none,right,none,2024-03-06,D,daily,0.6089548338136849,11,0,11,tfidf
right_none_daily,right_none,right,none,2024-03-07,D,daily,0.6738250047959511,15,0,15,tfidf
right_none_daily,right_none,right,none,2024-03-09,D,daily,0.6385717687847949,9,0,9,tfidf
right_none_daily,right_none,right,none,2024-03-10,D,daily,0.7261727203644827,20,0,20,tfidf
right_none_daily,right_none,right,none,2024-03-11,D,daily,0.7435457897415769,16,0,16,tfidf
right_none_daily,right_none,right,none,2024-03-12,D,daily,0.6534710989583729,13,0,13,tfidf
right_none_daily,right_none,right,none,2024-03-13,D,daily,0.6532024742714677,20,0,20,tfidf
right_none_daily,right_none,right,none,2024-03-14,D,daily,0.5493863951933311,14,0,14,tfidf
right_none_daily,right_none,right,none,2024-03-16,D,daily,0.7609766876487676,9,0,9,tfidf
right_none_daily,right_none,right,none,2024-03-17,D,daily,0.8580443110134108,21,0,21,tfidf
right_none_daily,right_none,right,none,2024-03-18,D,daily,0.7442054230925141,12,0,12,tfidf
right_none_daily,right_none,right,none,2024-03-20,D,daily,0.6881832061755015,19,0,19,tfidf
right_none_daily,right_none,right,none,2024-03-21,D,daily,0.6938870694254317,9,0,9,tfidf
right_none_daily,right_none,right,none,2024-03-22,D,daily,0.6870195901162676,12,0,12,tfidf
right_none_daily,right_none,right,none,2024-03-23,D,daily,0.7390217470255467,6,0,6,tfidf
right_none_daily,right_none,right,none,2024-03-24,D,daily,0.8561653101611298,15,0,15,tfidf
right_none_daily,right_none,right,none,2024-03-25,D,daily,0.8583745665627642,12,0,12,tfidf
right_none_daily,right_none,right,none,2024-03-26,D,daily,0.6089425031986315,20,0,20,tfidf
right_none_daily,right_none,right,none,2024-03-27,D,daily,0.7295968079300135,11,0,11,tfidf
right_none_daily,right_none,right,none,2024-03-28,D,daily,0.7551760322434206,18,0,18,tfidf
right_none_daily,right_none,right,none,2024-03-29,D,daily,0.5987171253543396,30,0,30,tfidf
right_none_daily,right_none,right,none,2024-03-30,D,daily,0.7189076026617185,28,0,28,tfidf
right_none_daily,right_none,right,none,2024-03-31,D,daily,0.3654968771248943,7,0,7,tfidf
right_none_daily,right_none,right,none,2024-04-01,D,daily,0.4096183414152086,30,0,30,tfidf
right_none_daily,right_none,right,none,2024-04-02,D,daily,0.6257891970812111,18,0,18,tfidf
right_none_daily,right_none,right,none,2024-04-03,D,daily,0.6438865264385667,19,0,19,tfidf
right_none_daily,right_none,right,none,2024-04-04,D,daily,0.6255397135995803,20,0,20,tfidf
right_none_daily,right_none,right,none,2024-04-05,D,daily,0.6386925264971169,20,0,20,tfidf
right_none_daily,right_none,right,none,2024-04-06,D,daily,0.7946810948860179,13,0,13,tfidf
right_none_daily,right_none,right,none,2024-04-07,D,daily,0.8013104690698797,12,0,12,tfidf
right_none_daily,right_none,right,none,2024-04-08,D,daily,0.7658344293251024,17,0,17,tfidf
right_none_daily,right_none,right,none,2024-04-09,D,daily,0.6717274904608241,17,0,17,tfidf
right_none_daily,right_none,right,none,2024-04-10,D,daily,0.6998224613696048,20,0,20,tfidf
right_none_daily,right_none,right,none,2024-04-12,D,daily,0.731366557170654,8,0,8,tfidf
right_none_daily,right_none,right,none,2024-04-13,D,daily,0.8205847962045041,6,0,6,tfidf
right_none_daily,right_none,right,none,2024-04-14,D,daily,0.9106158220121314,14,0,14,tfidf
right_none_daily,right_none,right,none,2024-04-16,D,daily,0.7318651407142145,20,0,20,tfidf
right_none_daily,right_none,right,none,2024-04-17,D,daily,0.7869314835653578,5,0,5,tfidf
right_none_daily,right_none,right,none,2024-04-20,D,daily,0.9128964687287981,5,0,5,tfidf
right_none_daily,right_none,right,none,2024-04-21,D,daily,0.7775205383595871,12,0,12,tfidf
right_none_daily,right_none,right,none,2024-04-23,D,daily,0.8455523063196366,16,0,16,tfidf
right_none_daily,right_none,right,none,2024-04-24,D,daily,0.637878828310008,20,0,20,tfidf
right_none_daily,right_none,right,none,2024-04-25,D,daily,0.6612359283040881,20,0,20,tfidf
right_none_daily,right_none,right,none,2024-04-26,D,daily,0.5374444590130036,15,0,15,tfidf
right_none_daily,right_none,right,none,2024-04-27,D,daily,0.5934505413373575,18,0,18,tfidf
right_none_daily,right_none,right,none,2024-04-28,D,daily,0.6705567343778306,10,0,10,tfidf
right_none_daily,right_none,right,none,2024-04-29,D,daily,0.7640446879380558,32,0,32,tfidf
right_none_daily,right_none,right,none,2024-04-30,D,daily,0.5463670609909541,36,0,36,tfidf
right_none_daily,right_none,right,none,2024-05-01,D,daily,0.5598054940072892,29,0,29,tfidf
right_none_daily,right_none,right,none,2024-05-02,D,daily,0.6175010516696144,20,0,20,tfidf
right_none_daily,right_none,right,none,2024-05-03,D,daily,0.5938379204395634,11,0,11,tfidf
right_none_daily,right_none,right,none,2024-05-04,D,daily,0.7553302812163714,8,0,8,tfidf
right_none_daily,right_none,right,none,2024-05-05,D,daily,0.7307325232713542,18,0,18,tfidf
right_none_daily,right_none,right,none,2024-05-06,D,daily,0.7738391361590355,10,0,10,tfidf
right_none_daily,right_none,right,none,2024-05-07,D,daily,0.6406803636425791,13,0,13,tfidf
right_none_daily,right_none,right,none,2024-05-08,D,daily,0.6366785747932622,9,0,9,tfidf
right_none_daily,right_none,right,none,2024-05-09,D,daily,0.6334656463648214,20,0,20,tfidf
right_none_daily,right_none,right,none,2024-05-10,D,daily,0.6738674828923825,9,0,9,tfidf
right_none_daily,right_none,right,none,2024-05-12,D,daily,0.6448756555303492,20,0,20,tfidf
right_none_daily,right_none,right,none,2024-05-13,D,daily,0.7786983228458644,10,0,10,tfidf
right_none_daily,right_none,right,none,2024-05-14,D,daily,0.7910845074454764,13,0,13,tfidf
right_none_daily,right_none,right,none,2024-05-15,D,daily,0.7805960764635944,16,0,16,tfidf
right_none_daily,right_none,right,none,2024-05-16,D,daily,0.5348710397125531,16,0,16,tfidf
right_none_daily,right_none,right,none,2024-05-17,D,daily,0.5525728040769029,15,0,15,tfidf
right_none_daily,right_none,right,none,2024-05-18,D,daily,0.821803203922908,5,0,5,tfidf
right_none_daily,right_none,right,none,2024-05-19,D,daily,0.8312516222909,18,0,18,tfidf
right_none_daily,right_none,right,none,2024-05-20,D,daily,0.7808425470341104,20,0,20,tfidf
right_none_daily,right_none,right,none,2024-05-22,D,daily,0.6201594217142128,18,0,18,tfidf
right_none_daily,right_none,right,none,2024-05-23,D,daily,0.8148726838682665,6,0,6,tfidf
right_none_daily,right_none,right,none,2024-05-25,D,daily,0.879321577460193,6,0,6,tfidf
right_none_daily,right_none,right,none,2024-05-26,D,daily,0.8498643066158809,17,0,17,tfidf
right_none_daily,right_none,right,none,2024-05-27,D,daily,0.8602786202302953,7,0,7,tfidf
right_none_daily,right_none,right,none,2024-05-28,D,daily,0.8074631494534018,18,0,18,tfidf
right_none_daily,right_none,right,none,2024-05-29,D,daily,0.6467460123879422,12,0,12,tfidf
right_none_daily,right_none,right,none,2024-05-30,D,daily,0.7321450132698205,15,0,15,tfidf
right_none_daily,right_none,right,none,2024-05-31,D,daily,0.5095727831773715,12,0,12,tfidf
right_none_daily,right_none,right,none,2024-06-01,D,daily,0.5309438378600547,51,0,51,tfidf
right_none_daily,right_none,right,none,2024-06-02,D,daily,0.5952983901229071,21,0,21,tfidf
right_none_daily,right_none,right,none,2024-06-03,D,daily,0.7330448411527027,12,0,12,tfidf
right_none_daily,right_none,right,none,2024-06-04,D,daily,0.7223454186781553,8,0,8,tfidf
right_none_daily,right_none,right,none,2024-06-05,D,daily,0.6657748185565872,20,0,20,tfidf
right_none_daily,right_none,right,none,2024-06-07,D,daily,0.7197304913576998,11,0,11,tfidf
right_none_daily,right_none,right,none,2024-06-09,D,daily,0.8136678977986156,16,0,16,tfidf
right_none_daily,right_none,right,none,2024-06-10,D,daily,0.7120848491068548,6,0,6,tfidf
right_none_daily,right_none,right,none,2024-06-11,D,daily,0.7240309211085731,20,0,20,tfidf
right_none_daily,right_none,right,none,2024-06-12,D,daily,0.558457786127698,16,0,16,tfidf
right_none_daily,right_none,right,none,2024-06-13,D,daily,0.681941761897048,16,0,16,tfidf
right_none_daily,right_none,right,none,2024-06-14,D,daily,0.7965461073331754,9,0,9,tfidf
right_none_daily,right_none,right,none,2024-06-15,D,daily,0.861649887485906,5,0,5,tfidf
right_none_daily,right_none,right,none,2024-06-16,D,daily,0.8679999677243617,20,0,20,tfidf
right_none_daily,right_none,right,none,2024-06-18,D,daily,0.746482719635789,19,0,19,tfidf
right_none_daily,right_none,right,none,2024-06-19,D,daily,0.6276367242916364,19,0,19,tfidf
right_none_daily,right_none,right,none,2024-06-20,D,daily,0.5509636227947474,17,0,17,tfidf
right_none_daily,right_none,right,none,2024-06-21,D,daily,0.5429082969286055,11,0,11,tfidf
right_none_daily,right_none,right,none,2024-06-22,D,daily,0.6801425582398493,7,0,7,tfidf
right_none_daily,right_none,right,none,2024-06-23,D,daily,0.8347014653298501,11,0,11,tfidf
right_none_daily,right_none,right,none,2024-06-24,D,daily,0.761129237774008,21,0,21,tfidf
right_none_daily,right_none,right,none,2024-06-25,D,daily,0.637325019831046,11,0,11,tfidf
right_none_daily,right_none,right,none,2024-06-26,D,daily,0.7004289647255494,20,0,20,tfidf
right_none_daily,right_none,right,none,2024-06-27,D,daily,0.657624242796573,13,0,13,tfidf
right_none_daily,right_none,right,none,2024-06-28,D,daily,0.6782728565805627,21,0,21,tfidf
right_none_daily,right_none,right,none,2024-06-29,D,daily,0.6184805788137162,14,0,14,tfidf
right_none_daily,right_none,right,none,2024-06-30,D,daily,0.6941470743792832,20,0,20,tfidf
right_none_daily,right_none,right,none,2024-07-01,D,daily,0.512940348444629,42,0,42,tfidf
right_none_daily,right_none,right,none,2024-07-02,D,daily,0.5722485775131976,25,0,25,tfidf
right_none_daily,right_none,right,none,2024-07-03,D,daily,0.5921681258682086,14,0,14,tfidf
right_none_daily,right_none,right,none,2024-07-04,D,daily,0.6389683179843234,12,0,12,tfidf
right_none_daily,right_none,right,none,2024-07-05,D,daily,0.7884586817638695,5,0,5,tfidf
right_none_daily,right_none,right,none,2024-07-06,D,daily,0.8702302328374967,5,0,5,tfidf
right_none_daily,right_none,right,none,2024-07-07,D,daily,0.8069233290996662,10,0,10,tfidf
right_none_daily,right_none,right,none,2024-07-08,D,daily,0.6670142644187462,14,0,14,tfidf
right_none_daily,right_none,right,none,2024-07-09,D,daily,0.6844765163525678,9,0,9,tfidf
right_none_daily,right_none,right,none,2024-07-10,D,daily,0.6242830840883036,21,0,21,tfidf
right_none_daily,right_none,right,none,2024-07-11,D,daily,0.5558779727619965,20,0,20,tfidf
right_none_daily,right_none,right,none,2024-07-13,D,daily,0.7169722336989227,7,0,7,tfidf
right_none_daily,right_none,right,none,2024-07-14,D,daily,0.8197035432147075,31,0,31,tfidf
right_none_daily,right_none,right,none,2024-07-15,D,daily,0.5323079546503373,20,0,20,tfidf
right_none_daily,right_none,right,none,2024-07-17,D,daily,0.465162372617278,20,0,20,tfidf
right_none_daily,right_none,right,none,2024-07-18,D,daily,0.4048881957719689,20,0,20,tfidf
right_none_daily,right_none,right,none,2024-07-19,D,daily,0.4732704167219173,20,0,20,tfidf
right_none_daily,right_none,right,none,2024-07-20,D,daily,0.48158345338548514,13,0,13,tfidf
right_none_daily,right_none,right,none,2024-07-21,D,daily,0.5219586253336661,13,0,13,tfidf
right_none_daily,right_none,right,none,2024-07-22,D,daily,0.428765491696407,20,0,20,tfidf
right_none_daily,right_none,right,none,2024-07-23,D,daily,0.44427356230371795,20,0,20,tfidf
right_none_daily,right_none,right,none,2024-07-24,D,daily,0.49199770660641673,19,0,19,tfidf
right_none_daily,right_none,right,none,2024-07-25,D,daily,0.49028206662673257,11,0,11,tfidf
right_none_daily,right_none,right,none,2024-07-26,D,daily,0.4561648156132879,21,0,21,tfidf
right_none_daily,right_none,right,none,2024-07-27,D,daily,0.7636283420566189,8,0,8,tfidf
right_none_daily,right_none,right,none,2024-07-29,D,daily,0.7952322682460624,12,0,12,tfidf
right_none_daily,right_none,right,none,2024-07-30,D,daily,0.5554807798939636,20,0,20,tfidf
right_none_daily,right_none,right,none,2024-07-31,D,daily,0.5772194001211002,16,0,16,tfidf
right_none_daily,right_none,right,none,2024-08-01,D,daily,0.5369929267511406,68,0,68,tfidf
right_none_daily,right_none,right,none,2024-08-02,D,daily,0.5982160247926552,15,0,15,tfidf
right_none_daily,right_none,right,none,2024-08-03,D,daily,0.5773765691917612,21,0,21,tfidf
right_none_daily,right_none,right,none,2024-08-04,D,daily,0.5199283925820333,15,0,15,tfidf
right_none_daily,right_none,right,none,2024-08-06,D,daily,0.6001378981808492,17,0,17,tfidf
right_none_daily,right_none,right,none,2024-08-07,D,daily,0.5274729577785188,9,0,9,tfidf
right_none_daily,right_none,right,none,2024-08-08,D,daily,0.5379573593486818,14,0,14,tfidf
right_none_daily,right_none,right,none,2024-08-09,D,daily,0.5201274685885282,8,0,8,tfidf
right_none_daily,right_none,right,none,2024-08-10,D,daily,0.5817096341199874,9,0,9,tfidf
right_none_daily,right_none,right,none,2024-08-11,D,daily,0.7026872021478805,8,0,8,tfidf
right_none_daily,right_none,right,none,2024-08-12,D,daily,0.7391293691719016,9,0,9,tfidf
right_none_daily,right_none,right,none,2024-08-13,D,daily,0.5031792171432139,23,0,23,tfidf
right_none_daily,right_none,right,none,2024-08-14,D,daily,0.42500111016368747,17,0,17,tfidf
right_none_daily,right_none,right,none,2024-08-15,D,daily,0.46545563288138636,22,0,22,tfidf
right_none_daily,right_none,right,none,2024-08-16,D,daily,0.6897650560738864,5,0,5,tfidf
right_none_daily,right_none,right,none,2024-08-17,D,daily,0.8060522142188609,7,0,7,tfidf
right_none_daily,right_none,right,none,2024-08-18,D,daily,0.6926169337192862,26,0,26,tfidf
right_none_daily,right_none,right,none,2024-08-19,D,daily,0.5318050358343065,15,0,15,tfidf
right_none_daily,right_none,right,none,2024-08-20,D,daily,0.4889631937977683,14,0,14,tfidf
right_none_daily,right_none,right,none,2024-08-21,D,daily,0.5087933720230924,19,0,19,tfidf
right_none_daily,right_none,right,none,2024-08-22,D,daily,0.42943046724311873,19,0,19,tfidf
right_none_daily,right_none,right,none,2024-08-23,D,daily,0.5670855251239665,15,0,15,tfidf
right_none_daily,right_none,right,none,2024-08-24,D,daily,0.6374889891801949,12,0,12,tfidf
right_none_daily,right_none,right,none,2024-08-25,D,daily,0.5543386469991565,24,0,24,tfidf
right_none_daily,right_none,right,none,2024-08-26,D,daily,0.639130989925881,13,0,13,tfidf
right_none_daily,right_none,right,none,2024-08-27,D,daily,0.5792432111146166,15,0,15,tfidf
right_none_daily,right_none,right,none,2024-08-28,D,daily,0.5538770306302454,19,0,19,tfidf
right_none_daily,right_none,right,none,2024-08-29,D,daily,0.5473151320991744,17,0,17,tfidf
right_none_daily,right_none,right,none,2024-08-30,D,daily,0.5356588566303522,42,0,42,tfidf
right_none_daily,right_none,right,none,2024-08-31,D,daily,0.4960865484628051,16,0,16,tfidf
right_none_daily,right_none,right,none,2024-09-01,D,daily,0.5291440111270806,31,0,31,tfidf
right_none_daily,right_none,right,none,2024-09-02,D,daily,0.5251303332056889,15,0,15,tfidf
right_none_daily,right_none,right,none,2024-09-03,D,daily,0.8232860611965654,6,0,6,tfidf
right_none_daily,right_none,right,none,2024-09-04,D,daily,0.7003792360331541,17,0,17,tfidf
right_none_daily,right_none,right,none,2024-09-05,D,daily,0.5363872445390394,15,0,15,tfidf
right_none_daily,right_none,right,none,2024-09-06,D,daily,0.5292490771158302,17,0,17,tfidf
right_none_daily,right_none,right,none,2024-09-07,D,daily,0.7267843338208253,7,0,7,tfidf
right_none_daily,right_none,right,none,2024-09-08,D,daily,0.7014971749456473,20,0,20,tfidf
right_none_daily,right_none,right,none,2024-09-09,D,daily,0.597282378320732,20,0,20,tfidf
right_none_daily,right_none,right,none,2024-09-10,D,daily,0.5163457449698812,13,0,13,tfidf
right_none_daily,right_none,right,none,2024-09-11,D,daily,0.6264793992443911,20,0,20,tfidf
right_none_daily,right_none,right,none,2024-09-12,D,daily,0.5014867254580905,9,0,9,tfidf
right_none_daily,right_none,right,none,2024-09-13,D,daily,0.5142867720755467,20,0,20,tfidf
right_none_daily,right_none,right,none,2024-09-15,D,daily,0.555516164883022,20,0,20,tfidf
right_none_daily,right_none,right,none,2024-09-16,D,daily,0.6558958068803544,11,0,11,tfidf
right_none_daily,right_none,right,none,2024-09-17,D,daily,0.5274784574940606,20,0,20,tfidf
right_none_daily,right_none,right,none,2024-09-18,D,daily,0.48484603679202876,14,0,14,tfidf
right_none_daily,right_none,right,none,2024-09-19,D,daily,0.5813870653844033,13,0,13,tfidf
right_none_daily,right_none,right,none,2024-09-20,D,daily,0.5056870163587363,20,0,20,tfidf
right_none_daily,right_none,right,none,2024-09-21,D,daily,0.5403816528206968,6,0,6,tfidf
right_none_daily,right_none,right,none,2024-09-22,D,daily,0.5918749423196714,21,0,21,tfidf
right_none_daily,right_none,right,none,2024-09-23,D,daily,0.5311712661042582,20,0,20,tfidf
right_none_daily,right_none,right,none,2024-09-24,D,daily,0.5175806466423652,16,0,16,tfidf
right_none_daily,right_none,right,none,2024-09-25,D,daily,0.5706798575283833,21,0,21,tfidf
right_none_daily,right_none,right,none,2024-09-26,D,daily,0.5637592806531248,16,0,16,tfidf
right_none_daily,right_none,right,none,2024-09-27,D,daily,0.5447717308918526,16,0,16,tfidf
right_none_daily,right_none,right,none,2024-09-29,D,daily,0.6338705039444475,18,0,18,tfidf
right_none_daily,right_none,right,none,2024-09-30,D,daily,0.5186617836980035,24,0,24,tfidf
right_none_daily,right_none,right,none,2024-10-01,D,daily,0.47592852300900157,64,0,64,tfidf
right_none_daily,right_none,right,none,2024-10-02,D,daily,0.6633890855878242,10,0,10,tfidf
right_none_daily,right_none,right,none,2024-10-03,D,daily,0.6889819975085834,17,0,17,tfidf
right_none_daily,right_none,right,none,2024-10-04,D,daily,0.5770010313400188,12,0,12,tfidf
right_none_daily,right_none,right,none,2024-10-05,D,daily,0.5565885629180545,10,0,10,tfidf
right_none_daily,right_none,right,none,2024-10-06,D,daily,0.8142061332438729,15,0,15,tfidf
right_none_daily,right_none,right,none,2024-10-07,D,daily,0.7535300753478877,11,0,11,tfidf
right_none_daily,right_none,right,none,2024-10-08,D,daily,0.5282568118169801,20,0,20,tfidf
right_none_daily,right_none,right,none,2024-10-09,D,daily,0.41432744150195877,12,0,12,tfidf
right_none_daily,right_none,right,none,2024-10-10,D,daily,0.48968117730338134,12,0,12,tfidf
right_none_daily,right_none,right,none,2024-10-11,D,daily,0.5830146991473832,25,0,25,tfidf
right_none_daily,right_none,right,none,2024-10-12,D,daily,0.45914062430153835,11,0,11,tfidf
right_none_daily,right_none,right,none,2024-10-13,D,daily,0.5528619733464214,22,0,22,tfidf
right_none_daily,right_none,right,none,2024-10-14,D,daily,0.5402710602918295,13,0,13,tfidf
right_none_daily,right_none,right,none,2024-10-16,D,daily,0.46983230745637083,25,0,25,tfidf
right_none_daily,right_none,right,none,2024-10-17,D,daily,0.519651324409711,17,0,17,tfidf
right_none_daily,right_none,right,none,2024-10-18,D,daily,0.5979766632289694,14,0,14,tfidf
right_none_daily,right_none,right,none,2024-10-19,D,daily,0.6471785251936548,7,0,7,tfidf
right_none_daily,right_none,right,none,2024-10-20,D,daily,0.7976787163853977,16,0,16,tfidf
right_none_daily,right_none,right,none,2024-10-23,D,daily,0.7200731433236329,20,0,20,tfidf
right_none_daily,right_none,right,none,2024-10-24,D,daily,0.5349883993850348,17,0,17,tfidf
right_none_daily,right_none,right,none,2024-10-25,D,daily,0.6175392237001274,23,0,23,tfidf
right_none_daily,right_none,right,none,2024-10-26,D,daily,0.806342961029343,5,0,5,tfidf
right_none_daily,right_none,right,none,2024-10-27,D,daily,0.6768570413490477,21,0,21,tfidf
right_none_daily,right_none,right,none,2024-10-28,D,daily,0.512017348958552,19,0,19,tfidf
right_none_daily,right_none,right,none,2024-10-29,D,daily,0.6355652501943769,9,0,9,tfidf
right_none_daily,right_none,right,none,2024-10-31,D,daily,0.6237698483966225,38,0,38,tfidf
right_none_daily,right_none,right,none,2024-11-01,D,daily,0.4175054759609612,53,0,53,tfidf
right_none_daily,right_none,right,none,2024-11-02,D,daily,0.5995209667732355,10,0,10,tfidf
right_none_daily,right_none,right,none,2024-11-03,D,daily,0.6709823318561876,12,0,12,tfidf
right_none_daily,right_none,right,none,2024-11-04,D,daily,0.5736049814135812,27,0,27,tfidf
right_none_daily,right_none,right,none,2024-11-05,D,daily,0.47566850972159624,20,0,20,tfidf
right_none_daily,right_none,right,none,2024-11-06,D,daily,0.47875457635228036,20,0,20,tfidf
right_none_daily,right_none,right,none,2024-11-08,D,daily,0.3698136999217174,20,0,20,tfidf
right_none_daily,right_none,right,none,2024-11-09,D,daily,0.5936922436093315,5,0,5,tfidf
right_none_daily,right_none,right,none,2024-11-10,D,daily,0.6717756747230184,23,0,23,tfidf
right_none_daily,right_none,right,none,2024-11-13,D,daily,0.6379355536692983,15,0,15,tfidf
right_none_daily,right_none,right,none,2024-11-15,D,daily,0.5477321739873902,18,0,18,tfidf
right_none_daily,right_none,right,none,2024-11-16,D,daily,0.8221480187047063,11,0,11,tfidf
right_none_daily,right_none,right,none,2024-11-17,D,daily,0.8509136060353716,8,0,8,tfidf
right_none_daily,right_none,right,none,2024-11-18,D,daily,0.8129942357252257,9,0,9,tfidf
right_none_daily,right_none,right,none,2024-11-19,D,daily,0.607950338101485,12,0,12,tfidf
right_none_daily,right_none,right,none,2024-11-20,D,daily,0.47586398284842835,23,0,23,tfidf
right_none_daily,right_none,right,none,2024-11-21,D,daily,0.5642990666262788,15,0,15,tfidf
right_none_daily,right_none,right,none,2024-11-22,D,daily,0.6524517123768038,7,0,7,tfidf
right_none_daily,right_none,right,none,2024-11-23,D,daily,0.634259873134266,19,0,19,tfidf
right_none_daily,right_none,right,none,2024-11-24,D,daily,0.7254895039161213,14,0,14,tfidf
right_none_daily,right_none,right,none,2024-11-25,D,daily,0.8789251396204234,7,0,7,tfidf
right_none_daily,right_none,right,none,2024-11-26,D,daily,0.7336447630548356,10,0,10,tfidf
right_none_daily,right_none,right,none,2024-11-27,D,daily,0.6469753837453357,12,0,12,tfidf
right_none_daily,right_none,right,none,2024-11-28,D,daily,0.6432590565283736,13,0,13,tfidf
right_none_daily,right_none,right,none,2024-11-29,D,daily,0.520892776295514,25,0,25,tfidf
right_none_daily,right_none,right,none,2024-11-30,D,daily,0.6480733733380677,18,0,18,tfidf
right_none_daily,right_none,right,none,2024-12-01,D,daily,0.6683462299753395,33,0,33,tfidf
right_none_daily,right_none,right,none,2024-12-03,D,daily,0.7380411088682931,20,0,20,tfidf
right_none_daily,right_none,right,none,2024-12-04,D,daily,0.5192253842996483,19,0,19,tfidf
right_none_daily,right_none,right,none,2024-12-05,D,daily,0.5408589599653293,17,0,17,tfidf
right_none_daily,right_none,right,none,2024-12-06,D,daily,0.6460064870598894,11,0,11,tfidf
right_none_daily,right_none,right,none,2024-12-08,D,daily,0.6960773496530368,19,0,19,tfidf
right_none_daily,right_none,right,none,2024-12-09,D,daily,0.5295843735924072,5,0,5,tfidf
right_none_daily,right_none,right,none,2024-12-10,D,daily,0.6867394503253754,16,0,16,tfidf
right_none_daily,right_none,right,none,2024-12-11,D,daily,0.6213735056623215,11,0,11,tfidf
right_none_daily,right_none,right,none,2024-12-13,D,daily,0.7134447245824673,13,0,13,tfidf
right_none_daily,right_none,right,none,2024-12-14,D,daily,0.723986086590453,9,0,9,tfidf
right_none_daily,right_none,right,none,2024-12-15,D,daily,0.7049879902719907,17,0,17,tfidf
right_none_daily,right_none,right,none,2024-12-16,D,daily,0.7007964443609498,13,0,13,tfidf
right_none_daily,right_none,right,none,2024-12-17,D,daily,0.6163622840088436,18,0,18,tfidf
right_none_daily,right_none,right,none,2024-12-18,D,daily,0.5936595194091299,20,0,20,tfidf
right_none_daily,right_none,right,none,2024-12-19,D,daily,0.5756518409650029,16,0,16,tfidf
right_none_daily,right_none,right,none,2024-12-20,D,daily,0.6101440991755327,13,0,13,tfidf
right_none_daily,right_none,right,none,2024-12-21,D,daily,0.807671015555082,10,0,10,tfidf
right_none_daily,right_none,right,none,2024-12-22,D,daily,0.7449993937799437,6,0,6,tfidf
right_none_daily,right_none,right,none,2024-12-23,D,daily,0.8851940969768677,8,0,8,tfidf
right_none_daily,right_none,right,none,2024-12-24,D,daily,0.7906769850333705,8,0,8,tfidf
right_none_daily,right_none,right,none,2024-12-25,D,daily,0.787090153652837,7,0,7,tfidf
right_none_daily,right_none,right,none,2024-12-26,D,daily,0.7328680936243028,14,0,14,tfidf
right_none_daily,right_none,right,none,2024-12-27,D,daily,0.5890536193550407,13,0,13,tfidf
right_none_daily,right_none,right,none,2024-12-28,D,daily,0.6456100655440429,10,0,10,tfidf
right_none_daily,right_none,right,none,2024-12-29,D,daily,0.8222686724244975,8,0,8,tfidf
right_none_daily,right_none,right,none,2024-12-30,D,daily,0.7069282034068141,14,0,14,tfidf
right_none_daily,right_none,right,none,2024-12-31,D,daily,0.5992581486646296,45,0,45,tfidf
right_none_daily,right_none,right,none,2025-01-01,D,daily,0.587855112421185,16,0,16,tfidf
right_none_daily,right_none,right,none,2025-01-02,D,daily,0.6760134528079458,13,0,13,tfidf
right_none_daily,right_none,right,none,2025-01-03,D,daily,0.6815795035750657,15,0,15,tfidf
right_none_daily,right_none,right,none,2025-01-04,D,daily,0.7774980605712024,5,0,5,tfidf
right_none_daily,right_none,right,none,2025-01-05,D,daily,0.8359068542274306,18,0,18,tfidf
right_none_daily,right_none,right,none,2025-01-06,D,daily,0.7385555194689402,16,0,16,tfidf
right_none_daily,right_none,right,none,2025-01-07,D,daily,0.4889799176783848,8,0,8,tfidf
right_none_daily,right_none,right,none,2025-01-08,D,daily,0.6976325720318028,20,0,20,tfidf
right_none_daily,right_none,right,none,2025-01-09,D,daily,0.551039071036658,14,0,14,tfidf
right_none_daily,right_none,right,none,2025-01-11,D,daily,0.5623948940020402,17,0,17,tfidf
right_none_daily,right_none,right,none,2025-01-12,D,daily,0.6724677417307339,5,0,5,tfidf
right_none_daily,right_none,right,none,2025-01-14,D,daily,0.7938699706678668,17,0,17,tfidf
right_none_daily,right_none,right,none,2025-01-15,D,daily,0.6372353528120929,21,0,21,tfidf
right_none_daily,right_none,right,none,2025-01-16,D,daily,0.5810224375671077,11,0,11,tfidf
right_none_daily,right_none,right,none,2025-01-17,D,daily,0.5545458859332891,19,0,19,tfidf
right_none_daily,right_none,right,none,2025-01-19,D,daily,0.7249283652477881,13,0,13,tfidf
right_none_daily,right_none,right,none,2025-01-20,D,daily,0.8068162205119735,20,0,20,tfidf
right_none_daily,right_none,right,none,2025-01-21,D,daily,0.4228385211665979,18,0,18,tfidf
right_none_daily,right_none,right,none,2025-01-22,D,daily,0.5404758283273021,19,0,19,tfidf
right_none_daily,right_none,right,none,2025-01-23,D,daily,0.4419126827095269,19,0,19,tfidf
right_none_daily,right_none,right,none,2025-01-24,D,daily,0.6083578792826807,15,0,15,tfidf
right_none_daily,right_none,right,none,2025-01-25,D,daily,0.6769334651414237,11,0,11,tfidf
right_none_daily,right_none,right,none,2025-01-26,D,daily,0.7950389894096203,15,0,15,tfidf
right_none_daily,right_none,right,none,2025-01-27,D,daily,0.7869463848774041,8,0,8,tfidf
right_none_daily,right_none,right,none,2025-01-28,D,daily,0.6634230266936914,17,0,17,tfidf
right_none_daily,right_none,right,none,2025-01-29,D,daily,0.5706171687840255,20,0,20,tfidf
right_none_daily,right_none,right,none,2025-01-30,D,daily,0.5261904622160021,21,0,21,tfidf
right_none_daily,right_none,right,none,2025-01-31,D,daily,0.6446968242177007,29,0,29,tfidf
right_none_daily,right_none,right,none,2025-02-01,D,daily,0.6366158545358234,30,0,30,tfidf
right_none_daily,right_none,right,none,2025-02-02,D,daily,0.5993848424438122,14,0,14,tfidf
right_none_daily,right_none,right,none,2025-02-03,D,daily,0.6119026749824767,20,0,20,tfidf
right_none_daily,right_none,right,none,2025-02-04,D,daily,0.565299611860297,21,0,21,tfidf
right_none_daily,right_none,right,none,2025-02-05,D,daily,0.5771720569923104,20,0,20,tfidf
right_none_daily,right_none,right,none,2025-02-06,D,daily,0.43288495093429535,20,0,20,tfidf
right_none_daily,right_none,right,none,2025-02-07,D,daily,0.4240965850265793,15,0,15,tfidf
right_none_daily,right_none,right,none,2025-02-08,D,daily,0.660087675210185,9,0,9,tfidf
right_none_daily,right_none,right,none,2025-02-09,D,daily,0.8500047100140206,15,0,15,tfidf
right_none_daily,right_none,right,none,2025-02-10,D,daily,0.7175560395959983,10,0,10,tfidf
right_none_daily,right_none,right,none,2025-02-12,D,daily,0.5309273185512442,17,0,17,tfidf
right_none_daily,right_none,right,none,2025-02-13,D,daily,0.5841211143124523,10,0,10,tfidf
right_none_daily,right_none,right,none,2025-02-14,D,daily,0.604724694143579,17,0,17,tfidf
right_none_daily,right_none,right,none,2025-02-16,D,daily,0.6071351827985768,20,0,20,tfidf
right_none_daily,right_none,right,none,2025-02-17,D,daily,0.6890454498783224,8,0,8,tfidf
right_none_daily,right_none,right,none,2025-02-18,D,daily,0.5823502451202232,20,0,20,tfidf
right_none_daily,right_none,right,none,2025-02-19,D,daily,0.4054259043510373,24,0,24,tfidf
left_none_daily,left_none,left,none,2024-02-08,D,daily,0.53894179118182,7,7,0,embedding
left_none_daily,left_none,left,none,2024-02-13,D,daily,0.6278776867470013,5,5,0,embedding
left_none_daily,left_none,left,none,2024-02-16,D,daily,0.5886334800532304,6,6,0,embedding
left_none_daily,left_none,left,none,2024-02-28,D,daily,0.6822492257722885,5,5,0,embedding
left_none_daily,left_none,left,none,2024-03-11,D,daily,0.6553979510018064,5,5,0,embedding
left_none_daily,left_none,left,none,2024-03-13,D,daily,0.5960125435847947,6,6,0,embedding
left_none_daily,left_none,left,none,2024-04-01,D,daily,0.8258332343446437,5,5,0,embedding
left_none_daily,left_none,left,none,2024-04-04,D,daily,0.7867301502153159,5,5,0,embedding
left_none_daily,left_none,left,none,2024-04-10,D,daily,0.6704836579821739,6,6,0,embedding
left_none_daily,left_none,left,none,2024-04-11,D,daily,0.44051359355443487,6,6,0,embedding
left_none_daily,left_none,left,none,2024-04-15,D,daily,0.4985434101699925,6,6,0,embedding
left_none_daily,left_none,left,none,2024-04-24,D,daily,0.8446192543458639,6,6,0,embedding
left_none_daily,left_none,left,none,2024-04-30,D,daily,0.8431814419214079,6,6,0,embedding
left_none_daily,left_none,left,none,2024-05-03,D,daily,0.4183803153805463,6,6,0,embedding
left_none_daily,left_none,left,none,2024-05-10,D,daily,0.6610507660382279,5,5,0,embedding
left_none_daily,left_none,left,none,2024-05-16,D,daily,0.6891645791986338,5,5,0,embedding
left_none_daily,left_none,left,none,2024-06-04,D,daily,0.5164209925023657,6,6,0,embedding
left_none_daily,left_none,left,none,2024-06-13,D,daily,0.5832505269534212,6,6,0,embedding
left_none_daily,left_none,left,none,2024-06-28,D,daily,0.4895459395311842,7,7,0,embedding
left_none_daily,left_none,left,none,2024-07-02,D,daily,0.6555987450413154,7,7,0,embedding
left_none_daily,left_none,left,none,2024-07-08,D,daily,0.650079755584021,5,5,0,embedding
left_none_daily,left_none,left,none,2024-07-16,D,daily,0.5751794513468562,6,6,0,embedding
left_none_daily,left_none,left,none,2024-07-17,D,daily,0.8491592547081099,5,5,0,embedding
left_none_daily,left_none,left,none,2024-07-18,D,daily,0.913401478195916,8,8,0,embedding
left_none_daily,left_none,left,none,2024-07-23,D,daily,0.76253083928491,5,5,0,embedding
left_none_daily,left_none,left,none,2024-08-01,D,daily,0.8745551169842625,6,6,0,embedding
left_none_daily,left_none,left,none,2024-08-02,D,daily,0.2608599726196269,7,7,0,embedding
left_none_daily,left_none,left,none,2024-08-07,D,daily,1.0112002230031258,5,5,0,embedding
left_none_daily,left_none,left,none,2024-08-14,D,daily,0.8783552981133976,5,5,0,embedding
left_none_daily,left_none,left,none,2024-08-21,D,daily,0.5754320582006967,9,9,0,embedding
left_none_daily,left_none,left,none,2024-08-22,D,daily,0.47144422756793647,7,7,0,embedding
left_none_daily,left_none,left,none,2024-08-27,D,daily,0.7054895192121067,9,9,0,embedding
left_none_daily,left_none,left,none,2024-09-04,D,daily,0.6768586450080403,6,6,0,embedding
left_none_daily,left_none,left,none,2024-09-06,D,daily,0.25489836724165327,5,5,0,embedding
left_none_daily,left_none,left,none,2024-09-10,D,daily,0.5616744517633722,5,5,0,embedding
left_none_daily,left_none,left,none,2024-09-13,D,daily,0.7389574092271468,5,5,0,embedding
left_none_daily,left_none,left,none,2024-09-20,D,daily,0.8671679301292348,5,5,0,embedding
left_none_daily,left_none,left,none,2024-09-23,D,daily,0.6468311366724064,5,5,0,embedding
left_none_daily,left_none,left,none,2024-09-25,D,daily,0.8065205376846605,11,11,0,embedding
left_none_daily,left_none,left,none,2024-09-27,D,daily,0.7655943094571611,7,7,0,embedding
left_none_daily,left_none,left,none,2024-10-07,D,daily,0.6418994814566465,5,5,0,embedding
left_none_daily,left_none,left,none,2024-10-10,D,daily,0.45242525218106233,5,5,0,embedding
left_none_daily,left_none,left,none,2024-10-21,D,daily,0.5355797051293133,10,10,0,embedding
left_none_daily,left_none,left,none,2024-10-24,D,daily,0.578399213424291,5,5,0,embedding
left_none_daily,left_none,left,none,2024-10-25,D,daily,0.6566244237583627,5,5,0,embedding
left_none_daily,left_none,left,none,2024-11-01,D,daily,0.605195057749673,8,8,0,embedding
left_none_daily,left_none,left,none,2024-11-05,D,daily,0.633372412210185,5,5,0,embedding
left_none_daily,left_none,left,none,2024-11-11,D,daily,0.6181066555235423,6,6,0,embedding
left_none_daily,left_none,left,none,2024-11-13,D,daily,0.6450923503423963,5,5,0,embedding
left_none_daily,left_none,left,none,2024-11-15,D,daily,0.21909328859109434,7,7,0,embedding
left_none_daily,left_none,left,none,2024-11-25,D,daily,0.49899310592013424,7,7,0,embedding
left_none_daily,left_none,left,none,2024-12-03,D,daily,0.8278549865559715,5,5,0,embedding
left_none_daily,left_none,left,none,2024-12-09,D,daily,0.8742419643408544,5,5,0,embedding
left_none_daily,left_none,left,none,2024-12-17,D,daily,0.749489586641964,6,6,0,embedding
left_none_daily,left_none,left,none,2024-12-18,D,daily,0.7107664932728165,8,8,0,embedding
left_none_daily,left_none,left,none,2025-01-06,D,daily,0.6527122081478058,5,5,0,embedding
left_none_daily,left_none,left,none,2025-01-09,D,daily,0.3202182309238484,6,6,0,embedding
left_none_daily,left_none,left,none,2025-01-13,D,daily,0.6142395567782085,5,5,0,embedding
left_none_daily,left_none,left,none,2025-01-16,D,daily,0.7515423218022725,5,5,0,embedding
left_none_daily,left_none,left,none,2025-01-20,D,daily,0.6443054532011254,7,7,0,embedding
left_none_daily,left_none,left,none,2025-01-23,D,daily,0.9266471120306419,7,7,0,embedding
left_none_daily,left_none,left,none,2025-01-24,D,daily,0.8718142649734189,5,5,0,embedding
left_none_daily,left_none,left,none,2025-01-30,D,daily,0.6038136914436496,5,5,0,embedding
left_none_daily,left_none,left,none,2025-02-03,D,daily,0.5238357925766104,6,6,0,embedding
left_none_daily,left_none,left,none,2025-02-04,D,daily,0.4928688834856262,5,5,0,embedding
left_none_daily,left_none,left,none,2025-02-06,D,daily,0.7043865843940653,7,7,0,embedding
left_none_daily,left_none,left,none,2025-02-07,D,daily,0.3850112800512422,5,5,0,embedding
left_none_daily,left_none,left,none,2025-02-13,D,daily,0.4808209373682806,5,5,0,embedding
left_none_daily,left_none,left,none,2025-02-19,D,daily,0.6733344860931875,5,5,0,embedding
mixed_global_undersampled_daily,mixed_global_undersampled,mixed,global_undersampled,2024-02-08,D,daily,0.5497613735806994,9,7,2,embedding
mixed_global_undersampled_daily,mixed_global_undersampled,mixed,global_undersampled,2024-02-11,D,daily,0.6449694970641948,6,1,5,embedding
mixed_global_undersampled_daily,mixed_global_undersampled,mixed,global_undersampled,2024-02-12,D,daily,0.4532820420527297,8,2,6,embedding
mixed_global_undersampled_daily,mixed_global_undersampled,mixed,global_undersampled,2024-02-13,D,daily,0.3424912272953764,5,5,0,embedding
mixed_global_undersampled_daily,mixed_global_undersampled,mixed,global_undersampled,2024-02-15,D,daily,0.43151233187860216,6,4,2,embedding
mixed_global_undersampled_daily,mixed_global_undersampled,mixed,global_undersampled,2024-02-16,D,daily,0.4721488424490412,9,6,3,embedding
mixed_global_undersampled_daily,mixed_global_undersampled,mixed,global_undersampled,2024-02-17,D,daily,0.457637071147605,6,3,3,embedding
mixed_global_undersampled_daily,mixed_global_undersampled,mixed,global_undersampled,2024-02-18,D,daily,0.4196770967530815,5,0,5,embedding
mixed_global_undersampled_daily,mixed_global_undersampled,mixed,global_undersampled,2024-02-20,D,daily,0.6287330045487751,6,3,3,embedding
mixed_global_undersampled_daily,mixed_global_undersampled,mixed,global_undersampled,2024-02-22,D,daily,0.7536647913025651,5,2,3,embedding
mixed_global_undersampled_daily,mixed_global_undersampled,mixed,global_undersampled,2024-02-23,D,daily,0.7134243222824199,7,3,4,embedding
mixed_global_undersampled_daily,mixed_global_undersampled,mixed,global_undersampled,2024-02-25,D,daily,0.4346051079260582,8,3,5,embedding
mixed_global_undersampled_daily,mixed_global_undersampled,mixed,global_undersampled,2024-02-27,D,daily,0.48884982493203644,5,4,1,embedding
mixed_global_undersampled_daily,mixed_global_undersampled,mixed,global_undersampled,2024-02-28,D,daily,0.6104829485054893,12,5,7,embedding
mixed_global_undersampled_daily,mixed_global_undersampled,mixed,global_undersampled,2024-02-29,D,daily,1.0483214168497004,7,3,4,embedding
mixed_global_undersampled_daily,mixed_global_undersampled,mixed,global_undersampled,2024-03-01,D,daily,0.9652459002250042,11,3,8,embedding
mixed_global_undersampled_daily,mixed_global_undersampled,mixed,global_undersampled,2024-03-03,D,daily,0.501717804154665,7,3,4,embedding
mixed_global_undersampled_daily,mixed_global_undersampled,mixed,global_undersampled,2024-03-04,D,daily,0.49441565199324,10,4,6,embedding
mixed_global_undersampled_daily,mixed_global_undersampled,mixed,global_undersampled,2024-03-06,D,daily,0.3839642382439965,7,4,3,embedding
mixed_global_undersampled_daily,mixed_global_undersampled,mixed,global_undersampled,2024-03-07,D,daily,0.35714942130337646,5,3,2,embedding
mixed_global_undersampled_daily,mixed_global_undersampled,mixed,global_undersampled,2024-03-10,D,daily,0.5087542302478337,5,1,4,embedding
mixed_global_undersampled_daily,mixed_global_undersampled,mixed,global_undersampled,2024-03-11,D,daily,0.5790469283634032,7,5,2,embedding
mixed_global_undersampled_daily,mixed_global_undersampled,mixed,global_undersampled,2024-03-13,D,daily,0.6031428647067628,10,6,4,embedding
mixed_global_undersampled_daily,mixed_global_undersampled,mixed,global_undersampled,2024-03-17,D,daily,0.4588790234977166,8,3,5,embedding
mixed_global_undersampled_daily,mixed_global_undersampled,mixed,global_undersampled,2024-03-20,D,daily,0.26969065874270504,7,3,4,embedding
mixed_global_undersampled_daily,mixed_global_undersampled,mixed,global_undersampled,2024-03-26,D,daily,0.3012925958301125,5,1,4,embedding
mixed_global_undersampled_daily,mixed_global_undersampled,mixed,global_undersampled,2024-03-27,D,daily,0.6979318731734391,5,2,3,embedding
mixed_global_undersampled_daily,mixed_global_undersampled,mixed,global_undersampled,2024-03-29,D,daily,0.6555117045398173,11,4,7,embedding
mixed_global_undersampled_daily,mixed_global_undersampled,mixed,global_undersampled,2024-03-30,D,daily,0.48131527173540634,5,0,5,embedding
mixed_global_undersampled_daily,mixed_global_undersampled,mixed,global_undersampled,2024-04-01,D,daily,0.7044297194704198,12,5,7,embedding
mixed_global_undersampled_daily,mixed_global_undersampled,mixed,global_undersampled,2024-04-02,D,daily,0.6145992748737007,5,3,2,embedding
mixed_global_undersampled_daily,mixed_global_undersampled,mixed,global_undersampled,2024-04-04,D,daily,0.48504454302931377,9,5,4,embedding
mixed_global_undersampled_daily,mixed_global_undersampled,mixed,global_undersampled,2024-04-05,D,daily,0.5952817107604037,8,4,4,embedding
mixed_global_undersampled_daily,mixed_global_undersampled,mixed,global_undersampled,2024-04-08,D,daily,0.7031611464967782,6,4,2,embedding
mixed_global_undersampled_daily,mixed_global_undersampled,mixed,global_undersampled,2024-04-10,D,daily,0.5462558375450219,9,6,3,embedding
mixed_global_undersampled_daily,mixed_global_undersampled,mixed,global_undersampled,2024-04-11,D,daily,0.44051359355443487,6,6,0,embedding
mixed_global_undersampled_daily,mixed_global_undersampled,mixed,global_undersampled,2024-04-15,D,daily,0.4985434101699925,6,6,0,embedding
mixed_global_undersampled_daily,mixed_global_undersampled,mixed,global_undersampled,2024-04-16,D,daily,0.7237394220586908,6,3,3,embedding
mixed_global_undersampled_daily,mixed_global_undersampled,mixed,global_undersampled,2024-04-17,D,daily,0.9181523617998413,5,3,2,embedding
mixed_global_undersampled_daily,mixed_global_undersampled,mixed,global_undersampled,2024-04-24,D,daily,0.8475507493696282,11,6,5,embedding
mixed_global_undersampled_daily,mixed_global_undersampled,mixed,global_undersampled,2024-04-25,D,daily,0.7485953547414687,9,3,6,embedding
mixed_global_undersampled_daily,mixed_global_undersampled,mixed,global_undersampled,2024-04-26,D,daily,0.5206891962469893,6,2,4,embedding
mixed_global_undersampled_daily,mixed_global_undersampled,mixed,global_undersampled,2024-04-29,D,daily,0.6991670728799004,10,1,9,embedding
mixed_global_undersampled_daily,mixed_global_undersampled,mixed,global_undersampled,2024-04-30,D,daily,0.6085958642299703,15,6,9,embedding
mixed_global_undersampled_daily,mixed_global_undersampled,mixed,global_undersampled,2024-05-01,D,daily,0.29363705297433795,8,3,5,embedding
mixed_global_undersampled_daily,mixed_global_undersampled,mixed,global_undersampled,2024-05-02,D,daily,0.44080968418696154,6,3,3,embedding
mixed_global_undersampled_daily,mixed_global_undersampled,mixed,global_undersampled,2024-05-03,D,daily,0.7402924459336553,7,6,1,embedding
mixed_global_undersampled_daily,mixed_global_undersampled,mixed,global_undersampled,2024-05-05,D,daily,0.6933115856566179,6,1,5,embedding
mixed_global_undersampled_daily,mixed_global_undersampled,mixed,global_undersampled,2024-05-07,D,daily,0.5612149417096964,8,4,4,embedding
mixed_global_undersampled_daily,mixed_global_undersampled,mixed,global_undersampled,2024-05-08,D,daily,0.6562378591039186,5,4,1,embedding
mixed_global_undersampled_daily,mixed_global_undersampled,mixed,global_undersampled,2024-05-09,D,daily,0.8177944908517061,5,1,4,embedding
mixed_global_undersampled_daily,mixed_global_undersampled,mixed,global_undersampled,2024-05-10,D,daily,0.7326161253832711,5,5,0,embedding
mixed_global_undersampled_daily,mixed_global_undersampled,mixed,global_undersampled,2024-05-15,D,daily,0.514872168103246,5,2,3,embedding
mixed_global_undersampled_daily,mixed_global_undersampled,mixed,global_undersampled,2024-05-16,D,daily,0.5924216048032727,9,5,4,embedding
mixed_global_undersampled_daily,mixed_global_undersampled,mixed,global_undersampled,2024-05-20,D,daily,0.6094060427054713,8,4,4,embedding
mixed_global_undersampled_daily,mixed_global_undersampled,mixed,global_undersampled,2024-05-22,D,daily,0.5055893055897821,7,1,6,embedding
mixed_global_undersampled_daily,mixed_global_undersampled,mixed,global_undersampled,2024-05-26,D,daily,0.3356893128878209,6,1,5,embedding
mixed_global_undersampled_daily,mixed_global_undersampled,mixed,global_undersampled,2024-05-28,D,daily,0.6876192428415333,9,3,6,embedding
mixed_global_undersampled_daily,mixed_global_undersampled,mixed,global_undersampled,2024-05-31,D,daily,0.7463896340180802,6,3,3,embedding
mixed_global_undersampled_daily,mixed_global_undersampled,mixed,global_undersampled,2024-06-01,D,daily,0.5764249582411805,11,0,11,embedding
mixed_global_undersampled_daily,mixed_global_undersampled,mixed,global_undersampled,2024-06-04,D,daily,0.5956370109469995,8,6,2,embedding
mixed_global_undersampled_daily,mixed_global_undersampled,mixed,global_undersampled,2024-06-07,D,daily,0.3033827209740212,6,4,2,embedding
mixed_global_undersampled_daily,mixed_global_undersampled,mixed,global_undersampled,2024-06-09,D,daily,0.30904996661927453,6,2,4,embedding
mixed_global_undersampled_daily,mixed_global_undersampled,mixed,global_undersampled,2024-06-11,D,daily,0.5741823048735316,10,4,6,embedding
mixed_global_undersampled_daily,mixed_global_undersampled,mixed,global_undersampled,2024-06-13,D,daily,0.6060526027071794,7,6,1,embedding
mixed_global_undersampled_daily,mixed_global_undersampled,mixed,global_undersampled,2024-06-14,D,daily,0.540677446021179,6,4,2,embedding
mixed_global_undersampled_daily,mixed_global_undersampled,mixed,global_undersampled,2024-06-16,D,daily,0.3826592777540688,6,1,5,embedding
mixed_global_undersampled_daily,mixed_global_undersampled,mixed,global_undersampled,2024-06-20,D,daily,0.45795291398673044,6,2,4,embedding
mixed_global_undersampled_daily,mixed_global_undersampled,mixed,global_undersampled,2024-06-24,D,daily,0.5932247969198277,5,2,3,embedding
mixed_global_undersampled_daily,mixed_global_undersampled,mixed,global_undersampled,2024-06-28,D,daily,0.8227633341037305,10,7,3,embedding
mixed_global_undersampled_daily,mixed_global_undersampled,mixed,global_undersampled,2024-07-01,D,daily,0.41750126337208837,6,1,5,embedding
mixed_global_undersampled_daily,mixed_global_undersampled,mixed,global_undersampled,2024-07-02,D,daily,0.34373203305976163,19,7,12,embedding
mixed_global_undersampled_daily,mixed_global_undersampled,mixed,global_undersampled,2024-07-08,D,daily,0.46771023646042353,6,5,1,embedding
mixed_global_undersampled_daily,mixed_global_undersampled,mixed,global_undersampled,2024-07-11,D,daily,0.6307385127732901,9,4,5,embedding
mixed_global_undersampled_daily,mixed_global_undersampled,mixed,global_undersampled,2024-07-14,D,daily,0.7346337338054673,6,2,4,embedding
mixed_global_undersampled_daily,mixed_global_undersampled,mixed,global_undersampled,2024-07-16,D,daily,0.5936425981113849,6,6,0,embedding
mixed_global_undersampled_daily,mixed_global_undersampled,mixed,global_undersampled,2024-07-17,D,daily,0.8491592547081099,6,5,1,embedding
mixed_global_undersampled_daily,mixed_global_undersampled,mixed,global_undersampled,2024-07-18,D,daily,0.913401478195916,11,8,3,embedding
mixed_global_undersampled_daily,mixed_global_undersampled,mixed,global_undersampled,2024-07-19,D,daily,0.41610000659580293,5,1,4,embedding
mixed_global_undersampled_daily,mixed_global_undersampled,mixed,global_undersampled,2024-07-23,D,daily,0.6683627394779025,7,5,2,embedding
mixed_global_undersampled_daily,mixed_global_undersampled,mixed,global_undersampled,2024-07-25,D,daily,0.7576289501657374,7,4,3,embedding
mixed_global_undersampled_daily,mixed_global_undersampled,mixed,global_undersampled,2024-07-30,D,daily,0.6061252452697757,5,1,4,embedding
mixed_global_undersampled_daily,mixed_global_undersampled,mixed,global_undersampled,2024-07-31,D,daily,0.5871553284253082,5,0,5,embedding
mixed_global_undersampled_daily,mixed_global_undersampled,mixed,global_undersampled,2024-08-01,D,daily,0.7041880246476118,15,6,9,embedding
mixed_global_undersampled_daily,mixed_global_undersampled,mixed,global_undersampled,2024-08-02,D,daily,0.34975142405185966,10,7,3,embedding
mixed_global_undersampled_daily,mixed_global_undersampled,mixed,global_undersampled,2024-08-03,D,daily,0.3386778718406167,6,1,5,embedding
mixed_global_undersampled_daily,mixed_global_undersampled,mixed,global_undersampled,2024-08-06,D,daily,0.5321731712244145,7,3,4,embedding
mixed_global_undersampled_daily,mixed_global_undersampled,mixed,global_undersampled,2024-08-07,D,daily,0.4947753839103366,7,5,2,embedding
mixed_global_undersampled_daily,mixed_global_undersampled,mixed,global_undersampled,2024-08-13,D,daily,0.5319875132014199,5,3,2,embedding
mixed_global_undersampled_daily,mixed_global_undersampled,mixed,global_undersampled,2024-08-14,D,daily,0.6153732594553483,8,5,3,embedding
mixed_global_undersampled_daily,mixed_global_undersampled,mixed,global_undersampled,2024-08-15,D,daily,0.49319326763479443,8,3,5,embedding
mixed_global_undersampled_daily,mixed_global_undersampled,mixed,global_undersampled,2024-08-16,D,daily,0.37876823013522176,5,4,1,embedding
mixed_global_undersampled_daily,mixed_global_undersampled,mixed,global_undersampled,2024-08-17,D,daily,0.40187944135661713,5,3,2,embedding
mixed_global_undersampled_daily,mixed_global_undersampled,mixed,global_undersampled,2024-08-18,D,daily,0.4186263908426122,5,0,5,embedding
mixed_global_undersampled_daily,mixed_global_undersampled,mixed,global_undersampled,2024-08-20,D,daily,0.43879197679330884,5,2,3,embedding
mixed_global_undersampled_daily,mixed_global_undersampled,mixed,global_undersampled,2024-08-21,D,daily,0.4336603078310276,12,9,3,embedding
mixed_global_undersampled_daily,mixed_global_undersampled,mixed,global_undersampled,2024-08-22,D,daily,0.4527039396933401,9,7,2,embedding
mixed_global_undersampled_daily,mixed_global_undersampled,mixed,global_undersampled,2024-08-24,D,daily,0.38133886876455003,7,4,3,embedding
mixed_global_undersampled_daily,mixed_global_undersampled,mixed,global_undersampled,2024-08-27,D,daily,0.2519176834026591,11,9,2,embedding
mixed_global_undersampled_daily,mixed_global_undersampled,mixed,global_undersampled,2024-08-28,D,daily,0.6740303409510012,6,4,2,embedding
mixed_global_undersampled_daily,mixed_global_undersampled,mixed,global_undersampled,2024-08-30,D,daily,0.7200187239659569,8,0,8,embedding
mixed_global_undersampled_daily,mixed_global_undersampled,mixed,global_undersampled,2024-09-02,D,daily,0.3768063467453563,7,4,3,embedding
mixed_global_undersampled_daily,mixed_global_undersampled,mixed,global_undersampled,2024-09-04,D,daily,0.26753009366334646,10,6,4,embedding
mixed_global_undersampled_daily,mixed_global_undersampled,mixed,global_undersampled,2024-09-05,D,daily,0.41426269530640025,5,3,2,embedding
mixed_global_undersampled_daily,mixed_global_undersampled,mixed,global_undersampled,2024-09-06,D,daily,0.44603114797618504,6,5,1,embedding
mixed_global_undersampled_daily,mixed_global_undersampled,mixed,global_undersampled,2024-09-09,D,daily,0.6443865645414958,6,2,4,embedding
mixed_global_undersampled_daily,mixed_global_undersampled,mixed,global_undersampled,2024-09-10,D,daily,0.6622391885801271,8,5,3,embedding
mixed_global_undersampled_daily,mixed_global_undersampled,mixed,global_undersampled,2024-09-12,D,daily,0.5601013345611392,6,4,2,embedding
mixed_global_undersampled_daily,mixed_global_undersampled,mixed,global_undersampled,2024-09-13,D,daily,0.7160640771885005,7,5,2,embedding
mixed_global_undersampled_daily,mixed_global_undersampled,mixed,global_undersampled,2024-09-16,D,daily,0.7022119904429691,6,3,3,embedding
mixed_global_undersampled_daily,mixed_global_undersampled,mixed,global_undersampled,2024-09-17,D,daily,0.530410556836111,8,2,6,embedding
mixed_global_undersampled_daily,mixed_global_undersampled,mixed,global_undersampled,2024-09-20,D,daily,0.7048700412915208,7,5,2,embedding
mixed_global_undersampled_daily,mixed_global_undersampled,mixed,global_undersampled,2024-09-23,D,daily,0.6468311366724064,7,5,2,embedding
mixed_global_undersampled_daily,mixed_global_undersampled,mixed,global_undersampled,2024-09-24,D,daily,0.31601731060747285,5,2,3,embedding
mixed_global_undersampled_daily,mixed_global_undersampled,mixed,global_undersampled,2024-09-25,D,daily,0.2522333862352022,14,11,3,embedding
mixed_global_undersampled_daily,mixed_global_undersampled,mixed,global_undersampled,2024-09-27,D,daily,0.5600664866126317,10,7,3,embedding
mixed_global_undersampled_daily,mixed_global_undersampled,mixed,global_undersampled,2024-09-30,D,daily,0.5135386346646627,6,2,4,embedding
mixed_global_undersampled_daily,mixed_global_undersampled,mixed,global_undersampled,2024-10-01,D,daily,0.3718852534262712,6,1,5,embedding
mixed_global_undersampled_daily,mixed_global_undersampled,mixed,global_undersampled,2024-10-03,D,daily,0.4592070166301818,7,2,5,embedding
mixed_global_undersampled_daily,mixed_global_undersampled,mixed,global_undersampled,2024-10-04,D,daily,0.46996742826855586,6,3,3,embedding
mixed_global_undersampled_daily,mixed_global_undersampled,mixed,global_undersampled,2024-10-07,D,daily,0.5906515580519165,7,5,2,embedding
mixed_global_undersampled_daily,mixed_global_undersampled,mixed,global_undersampled,2024-10-10,D,daily,0.5042151936246206,7,5,2,embedding
mixed_global_undersampled_daily,mixed_global_undersampled,mixed,global_undersampled,2024-10-11,D,daily,0.45814441693962293,8,4,4,embedding
mixed_global_undersampled_daily,mixed_global_undersampled,mixed,global_undersampled,2024-10-13,D,daily,0.46910642032732275,5,1,4,embedding
mixed_global_undersampled_daily,mixed_global_undersampled,mixed,global_undersampled,2024-10-14,D,daily,0.5408533416098023,5,2,3,embedding
mixed_global_undersampled_daily,mixed_global_undersampled,mixed,global_undersampled,2024-10-18,D,daily,0.6387837826030258,5,3,2,embedding
mixed_global_undersampled_daily,mixed_global_undersampled,mixed,global_undersampled,2024-10-20,D,daily,0.6990209275993451,5,2,3,embedding
mixed_global_undersampled_daily,mixed_global_undersampled,mixed,global_undersampled,2024-10-21,D,daily,0.9008678879291894,11,10,1,embedding
mixed_global_undersampled_daily,mixed_global_undersampled,mixed,global_undersampled,2024-10-24,D,daily,0.5284884572191236,10,5,5,embedding
mixed_global_undersampled_daily,mixed_global_undersampled,mixed,global_undersampled,2024-10-25,D,daily,0.3739353475882661,10,5,5,embedding
mixed_global_undersampled_daily,mixed_global_undersampled,mixed,global_undersampled,2024-10-27,D,daily,0.47642660389471814,11,3,8,embedding
mixed_global_undersampled_daily,mixed_global_undersampled,mixed,global_undersampled,2024-10-31,D,daily,0.48896086361863456,5,2,3,embedding
mixed_global_undersampled_daily,mixed_global_undersampled,mixed,global_undersampled,2024-11-01,D,daily,0.26119338445523155,17,8,9,embedding
mixed_global_undersampled_daily,mixed_global_undersampled,mixed,global_undersampled,2024-11-03,D,daily,0.6198003924128627,5,3,2,embedding
mixed_global_undersampled_daily,mixed_global_undersampled,mixed,global_undersampled,2024-11-05,D,daily,0.7212769502512357,9,5,4,embedding
mixed_global_undersampled_daily,mixed_global_undersampled,mixed,global_undersampled,2024-11-11,D,daily,0.41701143450448186,6,6,0,embedding
mixed_global_undersampled_daily,mixed_global_undersampled,mixed,global_undersampled,2024-11-13,D,daily,0.4745428278771515,5,5,0,embedding
mixed_global_undersampled_daily,mixed_global_undersampled,mixed,global_undersampled,2024-11-15,D,daily,0.44308277560801956,11,7,4,embedding
mixed_global_undersampled_daily,mixed_global_undersampled,mixed,global_undersampled,2024-11-20,D,daily,0.4120707589502266,8,3,5,embedding
mixed_global_undersampled_daily,mixed_global_undersampled,mixed,global_undersampled,2024-11-21,D,daily,0.3680293110050298,7,3,4,embedding
mixed_global_undersampled_daily,mixed_global_undersampled,mixed,global_undersampled,2024-11-23,D,daily,0.3862675531466476,6,4,2,embedding
mixed_global_undersampled_daily,mixed_global_undersampled,mixed,global_undersampled,2024-11-24,D,daily,0.8043333451849466,7,2,5,embedding
mixed_global_undersampled_daily,mixed_global_undersampled,mixed,global_undersampled,2024-11-25,D,daily,0.8735610635152848,10,7,3,embedding
mixed_global_undersampled_daily,mixed_global_undersampled,mixed,global_undersampled,2024-11-26,D,daily,0.4337797105216199,7,3,4,embedding
mixed_global_undersampled_daily,mixed_global_undersampled,mixed,global_undersampled,2024-11-27,D,daily,0.5264291809671766,5,4,1,embedding
mixed_global_undersampled_daily,mixed_global_undersampled,mixed,global_undersampled,2024-12-01,D,daily,0.6371278713795708,8,2,6,embedding
mixed_global_undersampled_daily,mixed_global_undersampled,mixed,global_undersampled,2024-12-03,D,daily,0.7190890197492151,11,5,6,embedding
mixed_global_undersampled_daily,mixed_global_undersampled,mixed,global_undersampled,2024-12-04,D,daily,0.8566166911939973,9,4,5,embedding
mixed_global_undersampled_daily,mixed_global_undersampled,mixed,global_undersampled,2024-12-09,D,daily,0.49197569337749014,5,5,0,embedding
mixed_global_undersampled_daily,mixed_global_undersampled,mixed,global_undersampled,2024-12-13,D,daily,0.5536880310572306,6,3,3,embedding
mixed_global_undersampled_daily,mixed_global_undersampled,mixed,global_undersampled,2024-12-16,D,daily,0.41333606396412104,5,3,2,embedding
mixed_global_undersampled_daily,mixed_global_undersampled,mixed,global_undersampled,2024-12-17,D,daily,0.6477921422216997,8,6,2,embedding
mixed_global_undersampled_daily,mixed_global_undersampled,mixed,global_undersampled,2024-12-18,D,daily,0.7107664932728165,12,8,4,embedding
mixed_global_undersampled_daily,mixed_global_undersampled,mixed,global_undersampled,2024-12-27,D,daily,0.7353010158412473,7,4,3,embedding
mixed_global_undersampled_daily,mixed_global_undersampled,mixed,global_undersampled,2024-12-31,D,daily,0.696617802953649,11,0,11,embedding
mixed_global_undersampled_daily,mixed_global_undersampled,mixed,global_undersampled,2025-01-03,D,daily,0.46704643670428414,5,1,4,embedding
mixed_global_undersampled_daily,mixed_global_undersampled,mixed,global_undersampled,2025-01-05,D,daily,0.36393650620546136,5,1,4,embedding
mixed_global_undersampled_daily,mixed_global_undersampled,mixed,global_undersampled,2025-01-06,D,daily,0.39305406796527675,9,5,4,embedding
mixed_global_undersampled_daily,mixed_global_undersampled,mixed,global_undersampled,2025-01-09,D,daily,0.4968246773719064,9,6,3,embedding
mixed_global_undersampled_daily,mixed_global_undersampled,mixed,global_undersampled,2025-01-13,D,daily,0.7015931093519769,5,5,0,embedding
mixed_global_undersampled_daily,mixed_global_undersampled,mixed,global_undersampled,2025-01-16,D,daily,0.7515423218022725,7,5,2,embedding
mixed_global_undersampled_daily,mixed_global_undersampled,mixed,global_undersampled,2025-01-17,D,daily,0.5963748867262169,5,2,3,embedding
mixed_global_undersampled_daily,mixed_global_undersampled,mixed,global_undersampled,2025-01-20,D,daily,0.5635715817005158,12,7,5,embedding
mixed_global_undersampled_daily,mixed_global_undersampled,mixed,global_undersampled,2025-01-21,D,daily,0.47387335807897313,5,2,3,embedding
mixed_global_undersampled_daily,mixed_global_undersampled,mixed,global_undersampled,2025-01-23,D,daily,0.4097353862595051,10,7,3,embedding
mixed_global_undersampled_daily,mixed_global_undersampled,mixed,global_undersampled,2025-01-24,D,daily,0.4205463907898258,8,5,3,embedding
mixed_global_undersampled_daily,mixed_global_undersampled,mixed,global_undersampled,2025-01-28,D,daily,0.3836800681228828,5,2,3,embedding
mixed_global_undersampled_daily,mixed_global_undersampled,mixed,global_undersampled,2025-01-29,D,daily,0.361865497294638,8,3,5,embedding
mixed_global_undersampled_daily,mixed_global_undersampled,mixed,global_undersampled,2025-01-30,D,daily,0.48896789236569216,9,5,4,embedding
mixed_global_undersampled_daily,mixed_global_undersampled,mixed,global_undersampled,2025-01-31,D,daily,0.5853275801519924,9,3,6,embedding
mixed_global_undersampled_daily,mixed_global_undersampled,mixed,global_undersampled,2025-02-03,D,daily,0.424962004910691,10,6,4,embedding
mixed_global_undersampled_daily,mixed_global_undersampled,mixed,global_undersampled,2025-02-04,D,daily,0.4344855880374513,10,5,5,embedding
mixed_global_undersampled_daily,mixed_global_undersampled,mixed,global_undersampled,2025-02-05,D,daily,0.47489714883100553,6,3,3,embedding
mixed_global_undersampled_daily,mixed_global_undersampled,mixed,global_undersampled,2025-02-06,D,daily,0.5909338069261239,11,7,4,embedding
mixed_global_undersampled_daily,mixed_global_undersampled,mixed,global_undersampled,2025-02-07,D,daily,0.4401509651759914,8,5,3,embedding
mixed_global_undersampled_daily,mixed_global_undersampled,mixed,global_undersampled,2025-02-09,D,daily,0.6637819649426449,5,1,4,embedding
mixed_global_undersampled_daily,mixed_global_undersampled,mixed,global_undersampled,2025-02-13,D,daily,0.6483312641079285,6,5,1,embedding
mixed_global_undersampled_daily,mixed_global_undersampled,mixed,global_undersampled,2025-02-14,D,daily,0.4591646342136054,7,4,3,embedding
mixed_global_undersampled_daily,mixed_global_undersampled,mixed,global_undersampled,2025-02-19,D,daily,0.34203058466970426,9,5,4,embedding
mixed_max3_per_class_day_daily,mixed_max3_per_class_day,mixed,max3_per_class_day,2024-02-07,D,daily,0.5057026321503268,5,2,3,embedding
mixed_max3_per_class_day_daily,mixed_max3_per_class_day,mixed,max3_per_class_day,2024-02-08,D,daily,0.46896030962027924,6,3,3,embedding
mixed_max3_per_class_day_daily,mixed_max3_per_class_day,mixed,max3_per_class_day,2024-02-12,D,daily,0.5056672283496684,5,2,3,embedding
mixed_max3_per_class_day_daily,mixed_max3_per_class_day,mixed,max3_per_class_day,2024-02-15,D,daily,0.513315454344717,6,3,3,embedding
mixed_max3_per_class_day_daily,mixed_max3_per_class_day,mixed,max3_per_class_day,2024-02-16,D,daily,0.44528331481291983,6,3,3,embedding
mixed_max3_per_class_day_daily,mixed_max3_per_class_day,mixed,max3_per_class_day,2024-02-17,D,daily,0.37018927370447385,6,3,3,embedding
mixed_max3_per_class_day_daily,mixed_max3_per_class_day,mixed,max3_per_class_day,2024-02-20,D,daily,0.705275935460468,6,3,3,embedding
mixed_max3_per_class_day_daily,mixed_max3_per_class_day,mixed,max3_per_class_day,2024-02-22,D,daily,0.720142691942127,5,2,3,embedding
mixed_max3_per_class_day_daily,mixed_max3_per_class_day,mixed,max3_per_class_day,2024-02-23,D,daily,0.5048161753041417,6,3,3,embedding
mixed_max3_per_class_day_daily,mixed_max3_per_class_day,mixed,max3_per_class_day,2024-02-25,D,daily,0.4856749863385518,6,3,3,embedding
mixed_max3_per_class_day_daily,mixed_max3_per_class_day,mixed,max3_per_class_day,2024-02-26,D,daily,0.6672414567342422,5,2,3,embedding
mixed_max3_per_class_day_daily,mixed_max3_per_class_day,mixed,max3_per_class_day,2024-02-27,D,daily,0.7540364509554789,6,3,3,embedding
mixed_max3_per_class_day_daily,mixed_max3_per_class_day,mixed,max3_per_class_day,2024-02-28,D,daily,0.7868554061019347,6,3,3,embedding
mixed_max3_per_class_day_daily,mixed_max3_per_class_day,mixed,max3_per_class_day,2024-02-29,D,daily,1.0303099440685615,6,3,3,embedding
mixed_max3_per_class_day_daily,mixed_max3_per_class_day,mixed,max3_per_class_day,2024-03-01,D,daily,0.9479311953133666,6,3,3,embedding
mixed_max3_per_class_day_daily,mixed_max3_per_class_day,mixed,max3_per_class_day,2024-03-03,D,daily,0.46541409761722163,6,3,3,embedding
mixed_max3_per_class_day_daily,mixed_max3_per_class_day,mixed,max3_per_class_day,2024-03-04,D,daily,0.2916182366887665,6,3,3,embedding
mixed_max3_per_class_day_daily,mixed_max3_per_class_day,mixed,max3_per_class_day,2024-03-06,D,daily,0.4327506917514885,6,3,3,embedding
mixed_max3_per_class_day_daily,mixed_max3_per_class_day,mixed,max3_per_class_day,2024-03-07,D,daily,0.43477037382159933,6,3,3,embedding
mixed_max3_per_class_day_daily,mixed_max3_per_class_day,mixed,max3_per_class_day,2024-03-08,D,daily,0.35571728211937637,6,3,3,embedding
mixed_max3_per_class_day_daily,mixed_max3_per_class_day,mixed,max3_per_class_day,2024-03-11,D,daily,0.4295627950544406,6,3,3,embedding
mixed_max3_per_class_day_daily,mixed_max3_per_class_day,mixed,max3_per_class_day,2024-03-12,D,daily,0.5802950357309693,6,3,3,embedding
mixed_max3_per_class_day_daily,mixed_max3_per_class_day,mixed,max3_per_class_day,2024-03-13,D,daily,0.6619814835817295,6,3,3,embedding
mixed_max3_per_class_day_daily,mixed_max3_per_class_day,mixed,max3_per_class_day,2024-03-16,D,daily,0.6421472796577337,5,2,3,embedding
mixed_max3_per_class_day_daily,mixed_max3_per_class_day,mixed,max3_per_class_day,2024-03-17,D,daily,0.4809418415222153,6,3,3,embedding
mixed_max3_per_class_day_daily,mixed_max3_per_class_day,mixed,max3_per_class_day,2024-03-20,D,daily,0.38143841559973657,6,3,3,embedding
mixed_max3_per_class_day_daily,mixed_max3_per_class_day,mixed,max3_per_class_day,2024-03-22,D,daily,0.3503838500249987,6,3,3,embedding
mixed_max3_per_class_day_daily,mixed_max3_per_class_day,mixed,max3_per_class_day,2024-03-27,D,daily,0.6709953542779772,5,2,3,embedding
mixed_max3_per_class_day_daily,mixed_max3_per_class_day,mixed,max3_per_class_day,2024-03-29,D,daily,0.5702257881086387,6,3,3,embedding
mixed_max3_per_class_day_daily,mixed_max3_per_class_day,mixed,max3_per_class_day,2024-03-31,D,daily,0.5111931256854954,5,2,3,embedding
mixed_max3_per_class_day_daily,mixed_max3_per_class_day,mixed,max3_per_class_day,2024-04-01,D,daily,0.5163256984449416,6,3,3,embedding
mixed_max3_per_class_day_daily,mixed_max3_per_class_day,mixed,max3_per_class_day,2024-04-02,D,daily,0.6183819196799344,6,3,3,embedding
mixed_max3_per_class_day_daily,mixed_max3_per_class_day,mixed,max3_per_class_day,2024-04-04,D,daily,0.45573549641656197,6,3,3,embedding
mixed_max3_per_class_day_daily,mixed_max3_per_class_day,mixed,max3_per_class_day,2024-04-05,D,daily,0.577186299025679,6,3,3,embedding
mixed_max3_per_class_day_daily,mixed_max3_per_class_day,mixed,max3_per_class_day,2024-04-07,D,daily,0.4612333476478335,6,3,3,embedding
mixed_max3_per_class_day_daily,mixed_max3_per_class_day,mixed,max3_per_class_day,2024-04-08,D,daily,0.564250075232284,6,3,3,embedding
mixed_max3_per_class_day_daily,mixed_max3_per_class_day,mixed,max3_per_class_day,2024-04-10,D,daily,0.5462558375450219,6,3,3,embedding
mixed_max3_per_class_day_daily,mixed_max3_per_class_day,mixed,max3_per_class_day,2024-04-12,D,daily,0.5527536273190355,5,2,3,embedding
mixed_max3_per_class_day_daily,mixed_max3_per_class_day,mixed,max3_per_class_day,2024-04-16,D,daily,0.6429010776575027,6,3,3,embedding
mixed_max3_per_class_day_daily,mixed_max3_per_class_day,mixed,max3_per_class_day,2024-04-17,D,daily,0.753940415031163,6,3,3,embedding
mixed_max3_per_class_day_daily,mixed_max3_per_class_day,mixed,max3_per_class_day,2024-04-24,D,daily,0.8601900604375092,6,3,3,embedding
mixed_max3_per_class_day_daily,mixed_max3_per_class_day,mixed,max3_per_class_day,2024-04-25,D,daily,0.5643532058801212,6,3,3,embedding
mixed_max3_per_class_day_daily,mixed_max3_per_class_day,mixed,max3_per_class_day,2024-04-26,D,daily,0.6796286654888035,5,2,3,embedding
mixed_max3_per_class_day_daily,mixed_max3_per_class_day,mixed,max3_per_class_day,2024-04-30,D,daily,0.4686690253582799,6,3,3,embedding
mixed_max3_per_class_day_daily,mixed_max3_per_class_day,mixed,max3_per_class_day,2024-05-01,D,daily,0.2445025480690406,6,3,3,embedding
mixed_max3_per_class_day_daily,mixed_max3_per_class_day,mixed,max3_per_class_day,2024-05-02,D,daily,0.32160895828967073,6,3,3,embedding
mixed_max3_per_class_day_daily,mixed_max3_per_class_day,mixed,max3_per_class_day,2024-05-03,D,daily,0.6183471656266556,6,3,3,embedding
mixed_max3_per_class_day_daily,mixed_max3_per_class_day,mixed,max3_per_class_day,2024-05-07,D,daily,0.41661484292142337,6,3,3,embedding
mixed_max3_per_class_day_daily,mixed_max3_per_class_day,mixed,max3_per_class_day,2024-05-08,D,daily,0.7021135440118487,6,3,3,embedding
mixed_max3_per_class_day_daily,mixed_max3_per_class_day,mixed,max3_per_class_day,2024-05-10,D,daily,0.5285768870115493,6,3,3,embedding
mixed_max3_per_class_day_daily,mixed_max3_per_class_day,mixed,max3_per_class_day,2024-05-14,D,daily,0.7530200326893,5,2,3,embedding
mixed_max3_per_class_day_daily,mixed_max3_per_class_day,mixed,max3_per_class_day,2024-05-15,D,daily,0.8218996335192399,5,2,3,embedding
mixed_max3_per_class_day_daily,mixed_max3_per_class_day,mixed,max3_per_class_day,2024-05-16,D,daily,0.49760688121421337,6,3,3,embedding
mixed_max3_per_class_day_daily,mixed_max3_per_class_day,mixed,max3_per_class_day,2024-05-20,D,daily,0.6106589150022974,6,3,3,embedding
mixed_max3_per_class_day_daily,mixed_max3_per_class_day,mixed,max3_per_class_day,2024-05-21,D,daily,0.37055610700301256,5,2,3,embedding
mixed_max3_per_class_day_daily,mixed_max3_per_class_day,mixed,max3_per_class_day,2024-05-28,D,daily,0.8289162316544331,6,3,3,embedding
mixed_max3_per_class_day_daily,mixed_max3_per_class_day,mixed,max3_per_class_day,2024-05-29,D,daily,0.7616601491415895,5,2,3,embedding
mixed_max3_per_class_day_daily,mixed_max3_per_class_day,mixed,max3_per_class_day,2024-05-30,D,daily,0.6593367828466346,5,2,3,embedding
mixed_max3_per_class_day_daily,mixed_max3_per_class_day,mixed,max3_per_class_day,2024-05-31,D,daily,0.6320401923357188,6,3,3,embedding
mixed_max3_per_class_day_daily,mixed_max3_per_class_day,mixed,max3_per_class_day,2024-06-03,D,daily,0.6209401279541149,6,3,3,embedding
mixed_max3_per_class_day_daily,mixed_max3_per_class_day,mixed,max3_per_class_day,2024-06-04,D,daily,0.5570240180292474,6,3,3,embedding
mixed_max3_per_class_day_daily,mixed_max3_per_class_day,mixed,max3_per_class_day,2024-06-07,D,daily,0.4956343473324276,6,3,3,embedding
mixed_max3_per_class_day_daily,mixed_max3_per_class_day,mixed,max3_per_class_day,2024-06-09,D,daily,0.5159263610701853,5,2,3,embedding
mixed_max3_per_class_day_daily,mixed_max3_per_class_day,mixed,max3_per_class_day,2024-06-11,D,daily,0.48193961005049,6,3,3,embedding
mixed_max3_per_class_day_daily,mixed_max3_per_class_day,mixed,max3_per_class_day,2024-06-12,D,daily,0.3689485522638327,5,2,3,embedding
mixed_max3_per_class_day_daily,mixed_max3_per_class_day,mixed,max3_per_class_day,2024-06-13,D,daily,0.3630147557055421,6,3,3,embedding
mixed_max3_per_class_day_daily,mixed_max3_per_class_day,mixed,max3_per_class_day,2024-06-14,D,daily,0.48151187476292556,6,3,3,embedding
mixed_max3_per_class_day_daily,mixed_max3_per_class_day,mixed,max3_per_class_day,2024-06-20,D,daily,0.4009832109293854,5,2,3,embedding
mixed_max3_per_class_day_daily,mixed_max3_per_class_day,mixed,max3_per_class_day,2024-06-21,D,daily,0.5060761908070832,6,3,3,embedding
mixed_max3_per_class_day_daily,mixed_max3_per_class_day,mixed,max3_per_class_day,2024-06-24,D,daily,0.6947128034879895,5,2,3,embedding
mixed_max3_per_class_day_daily,mixed_max3_per_class_day,mixed,max3_per_class_day,2024-06-26,D,daily,0.6740738767567682,5,2,3,embedding
mixed_max3_per_class_day_daily,mixed_max3_per_class_day,mixed,max3_per_class_day,2024-06-27,D,daily,0.452827156041664,5,2,3,embedding
mixed_max3_per_class_day_daily,mixed_max3_per_class_day,mixed,max3_per_class_day,2024-06-28,D,daily,0.40956696537343296,6,3,3,embedding
mixed_max3_per_class_day_daily,mixed_max3_per_class_day,mixed,max3_per_class_day,2024-07-02,D,daily,0.5911818583810504,6,3,3,embedding
mixed_max3_per_class_day_daily,mixed_max3_per_class_day,mixed,max3_per_class_day,2024-07-03,D,daily,0.7537641047442518,5,2,3,embedding
mixed_max3_per_class_day_daily,mixed_max3_per_class_day,mixed,max3_per_class_day,2024-07-05,D,daily,0.7576478035342961,5,2,3,embedding
mixed_max3_per_class_day_daily,mixed_max3_per_class_day,mixed,max3_per_class_day,2024-07-08,D,daily,0.5711077104586657,6,3,3,embedding
mixed_max3_per_class_day_daily,mixed_max3_per_class_day,mixed,max3_per_class_day,2024-07-11,D,daily,0.7004438499976741,6,3,3,embedding
mixed_max3_per_class_day_daily,mixed_max3_per_class_day,mixed,max3_per_class_day,2024-07-14,D,daily,0.63513008288361,5,2,3,embedding
mixed_max3_per_class_day_daily,mixed_max3_per_class_day,mixed,max3_per_class_day,2024-07-17,D,daily,0.49303818726002624,6,3,3,embedding
mixed_max3_per_class_day_daily,mixed_max3_per_class_day,mixed,max3_per_class_day,2024-07-18,D,daily,0.3024379223690521,6,3,3,embedding
mixed_max3_per_class_day_daily,mixed_max3_per_class_day,mixed,max3_per_class_day,2024-07-20,D,daily,0.3393327524335833,5,2,3,embedding
mixed_max3_per_class_day_daily,mixed_max3_per_class_day,mixed,max3_per_class_day,2024-07-21,D,daily,0.33239568867190494,5,2,3,embedding
mixed_max3_per_class_day_daily,mixed_max3_per_class_day,mixed,max3_per_class_day,2024-07-23,D,daily,0.8542464764883237,6,3,3,embedding
mixed_max3_per_class_day_daily,mixed_max3_per_class_day,mixed,max3_per_class_day,2024-07-25,D,daily,0.7790068948106491,6,3,3,embedding
mixed_max3_per_class_day_daily,mixed_max3_per_class_day,mixed,max3_per_class_day,2024-07-26,D,daily,0.9290568572518652,5,2,3,embedding
mixed_max3_per_class_day_daily,mixed_max3_per_class_day,mixed,max3_per_class_day,2024-07-27,D,daily,0.5334158824665507,6,3,3,embedding
mixed_max3_per_class_day_daily,mixed_max3_per_class_day,mixed,max3_per_class_day,2024-08-01,D,daily,0.3969412810271218,6,3,3,embedding
mixed_max3_per_class_day_daily,mixed_max3_per_class_day,mixed,max3_per_class_day,2024-08-02,D,daily,0.415675827031714,6,3,3,embedding
mixed_max3_per_class_day_daily,mixed_max3_per_class_day,mixed,max3_per_class_day,2024-08-05,D,daily,0.7960037928781664,6,3,3,embedding
mixed_max3_per_class_day_daily,mixed_max3_per_class_day,mixed,max3_per_class_day,2024-08-06,D,daily,0.6551244185173006,6,3,3,embedding
mixed_max3_per_class_day_daily,mixed_max3_per_class_day,mixed,max3_per_class_day,2024-08-07,D,daily,0.6505342076450251,6,3,3,embedding
mixed_max3_per_class_day_daily,mixed_max3_per_class_day,mixed,max3_per_class_day,2024-08-13,D,daily,0.48093617713194703,6,3,3,embedding
mixed_max3_per_class_day_daily,mixed_max3_per_class_day,mixed,max3_per_class_day,2024-08-14,D,daily,0.47795569074818745,6,3,3,embedding
mixed_max3_per_class_day_daily,mixed_max3_per_class_day,mixed,max3_per_class_day,2024-08-15,D,daily,0.607453617565944,6,3,3,embedding
mixed_max3_per_class_day_daily,mixed_max3_per_class_day,mixed,max3_per_class_day,2024-08-16,D,daily,0.5040110933224345,6,3,3,embedding
mixed_max3_per_class_day_daily,mixed_max3_per_class_day,mixed,max3_per_class_day,2024-08-17,D,daily,0.3017491216902287,6,3,3,embedding
mixed_max3_per_class_day_daily,mixed_max3_per_class_day,mixed,max3_per_class_day,2024-08-20,D,daily,0.4677800161644483,5,2,3,embedding
mixed_max3_per_class_day_daily,mixed_max3_per_class_day,mixed,max3_per_class_day,2024-08-21,D,daily,0.46206850200365845,6,3,3,embedding
mixed_max3_per_class_day_daily,mixed_max3_per_class_day,mixed,max3_per_class_day,2024-08-22,D,daily,0.7065032604503203,6,3,3,embedding
mixed_max3_per_class_day_daily,mixed_max3_per_class_day,mixed,max3_per_class_day,2024-08-24,D,daily,0.5596823924894065,6,3,3,embedding
mixed_max3_per_class_day_daily,mixed_max3_per_class_day,mixed,max3_per_class_day,2024-08-27,D,daily,0.28163283274548645,6,3,3,embedding
mixed_max3_per_class_day_daily,mixed_max3_per_class_day,mixed,max3_per_class_day,2024-08-28,D,daily,0.6316975204319695,6,3,3,embedding
mixed_max3_per_class_day_daily,mixed_max3_per_class_day,mixed,max3_per_class_day,2024-09-02,D,daily,0.5552191930162691,6,3,3,embedding
mixed_max3_per_class_day_daily,mixed_max3_per_class_day,mixed,max3_per_class_day,2024-09-03,D,daily,0.6143569761652514,6,3,3,embedding
mixed_max3_per_class_day_daily,mixed_max3_per_class_day,mixed,max3_per_class_day,2024-09-04,D,daily,0.5665779500504302,6,3,3,embedding
mixed_max3_per_class_day_daily,mixed_max3_per_class_day,mixed,max3_per_class_day,2024-09-05,D,daily,0.3435201364950654,6,3,3,embedding
mixed_max3_per_class_day_daily,mixed_max3_per_class_day,mixed,max3_per_class_day,2024-09-06,D,daily,0.30744878741932213,6,3,3,embedding
mixed_max3_per_class_day_daily,mixed_max3_per_class_day,mixed,max3_per_class_day,2024-09-09,D,daily,0.544921067805106,5,2,3,embedding
mixed_max3_per_class_day_daily,mixed_max3_per_class_day,mixed,max3_per_class_day,2024-09-10,D,daily,0.5730101930862136,6,3,3,embedding
mixed_max3_per_class_day_daily,mixed_max3_per_class_day,mixed,max3_per_class_day,2024-09-11,D,daily,0.4262992505847848,6,3,3,embedding
mixed_max3_per_class_day_daily,mixed_max3_per_class_day,mixed,max3_per_class_day,2024-09-12,D,daily,0.5144248266577283,6,3,3,embedding
mixed_max3_per_class_day_daily,mixed_max3_per_class_day,mixed,max3_per_class_day,2024-09-13,D,daily,0.5168720988717211,6,3,3,embedding
mixed_max3_per_class_day_daily,mixed_max3_per_class_day,mixed,max3_per_class_day,2024-09-14,D,daily,0.5974642688964824,5,2,3,embedding
mixed_max3_per_class_day_daily,mixed_max3_per_class_day,mixed,max3_per_class_day,2024-09-16,D,daily,0.3558917787165219,6,3,3,embedding
mixed_max3_per_class_day_daily,mixed_max3_per_class_day,mixed,max3_per_class_day,2024-09-17,D,daily,0.5421398667940989,5,2,3,embedding
mixed_max3_per_class_day_daily,mixed_max3_per_class_day,mixed,max3_per_class_day,2024-09-19,D,daily,0.5383999017701165,6,3,3,embedding
mixed_max3_per_class_day_daily,mixed_max3_per_class_day,mixed,max3_per_class_day,2024-09-20,D,daily,0.68824564726788,6,3,3,embedding
mixed_max3_per_class_day_daily,mixed_max3_per_class_day,mixed,max3_per_class_day,2024-09-23,D,daily,0.6468311366724064,6,3,3,embedding
mixed_max3_per_class_day_daily,mixed_max3_per_class_day,mixed,max3_per_class_day,2024-09-24,D,daily,0.332904384061288,5,2,3,embedding
mixed_max3_per_class_day_daily,mixed_max3_per_class_day,mixed,max3_per_class_day,2024-09-25,D,daily,0.3475240916532283,6,3,3,embedding
mixed_max3_per_class_day_daily,mixed_max3_per_class_day,mixed,max3_per_class_day,2024-09-27,D,daily,0.6744870239879828,6,3,3,embedding
mixed_max3_per_class_day_daily,mixed_max3_per_class_day,mixed,max3_per_class_day,2024-09-30,D,daily,0.538468837607863,5,2,3,embedding
mixed_max3_per_class_day_daily,mixed_max3_per_class_day,mixed,max3_per_class_day,2024-10-02,D,daily,0.40109703227841187,5,2,3,embedding
mixed_max3_per_class_day_daily,mixed_max3_per_class_day,mixed,max3_per_class_day,2024-10-03,D,daily,0.31150768068327317,5,2,3,embedding
mixed_max3_per_class_day_daily,mixed_max3_per_class_day,mixed,max3_per_class_day,2024-10-04,D,daily,0.5518644104684597,6,3,3,embedding
mixed_max3_per_class_day_daily,mixed_max3_per_class_day,mixed,max3_per_class_day,2024-10-05,D,daily,0.4994898975267491,5,2,3,embedding
mixed_max3_per_class_day_daily,mixed_max3_per_class_day,mixed,max3_per_class_day,2024-10-07,D,daily,0.37953104656048176,6,3,3,embedding
mixed_max3_per_class_day_daily,mixed_max3_per_class_day,mixed,max3_per_class_day,2024-10-09,D,daily,0.25873926975249106,5,2,3,embedding
mixed_max3_per_class_day_daily,mixed_max3_per_class_day,mixed,max3_per_class_day,2024-10-10,D,daily,0.4063969442586962,6,3,3,embedding
mixed_max3_per_class_day_daily,mixed_max3_per_class_day,mixed,max3_per_class_day,2024-10-11,D,daily,0.5052735205049449,6,3,3,embedding
mixed_max3_per_class_day_daily,mixed_max3_per_class_day,mixed,max3_per_class_day,2024-10-12,D,daily,0.5125873735217416,5,2,3,embedding
mixed_max3_per_class_day_daily,mixed_max3_per_class_day,mixed,max3_per_class_day,2024-10-14,D,daily,0.6449176915879243,5,2,3,embedding
mixed_max3_per_class_day_daily,mixed_max3_per_class_day,mixed,max3_per_class_day,2024-10-15,D,daily,0.6074438552680057,5,2,3,embedding
mixed_max3_per_class_day_daily,mixed_max3_per_class_day,mixed,max3_per_class_day,2024-10-18,D,daily,0.49672899474356336,6,3,3,embedding
mixed_max3_per_class_day_daily,mixed_max3_per_class_day,mixed,max3_per_class_day,2024-10-20,D,daily,0.7886294206098978,5,2,3,embedding
mixed_max3_per_class_day_daily,mixed_max3_per_class_day,mixed,max3_per_class_day,2024-10-21,D,daily,0.7184109055166967,6,3,3,embedding
mixed_max3_per_class_day_daily,mixed_max3_per_class_day,mixed,max3_per_class_day,2024-10-24,D,daily,0.6540698949714026,6,3,3,embedding
mixed_max3_per_class_day_daily,mixed_max3_per_class_day,mixed,max3_per_class_day,2024-10-25,D,daily,0.6499288559903809,6,3,3,embedding
mixed_max3_per_class_day_daily,mixed_max3_per_class_day,mixed,max3_per_class_day,2024-10-26,D,daily,0.29735693755840487,6,3,3,embedding
mixed_max3_per_class_day_daily,mixed_max3_per_class_day,mixed,max3_per_class_day,2024-10-27,D,daily,0.7053956619171087,6,3,3,embedding
mixed_max3_per_class_day_daily,mixed_max3_per_class_day,mixed,max3_per_class_day,2024-10-28,D,daily,0.7323734107258475,6,3,3,embedding
mixed_max3_per_class_day_daily,mixed_max3_per_class_day,mixed,max3_per_class_day,2024-10-31,D,daily,0.4154192685570325,5,2,3,embedding
mixed_max3_per_class_day_daily,mixed_max3_per_class_day,mixed,max3_per_class_day,2024-11-01,D,daily,0.466829636026427,6,3,3,embedding
mixed_max3_per_class_day_daily,mixed_max3_per_class_day,mixed,max3_per_class_day,2024-11-03,D,daily,0.647773316815515,6,3,3,embedding
mixed_max3_per_class_day_daily,mixed_max3_per_class_day,mixed,max3_per_class_day,2024-11-04,D,daily,0.6355516571660875,5,2,3,embedding
mixed_max3_per_class_day_daily,mixed_max3_per_class_day,mixed,max3_per_class_day,2024-11-05,D,daily,0.6613043848331182,6,3,3,embedding
mixed_max3_per_class_day_daily,mixed_max3_per_class_day,mixed,max3_per_class_day,2024-11-06,D,daily,0.31850603748120365,6,3,3,embedding
mixed_max3_per_class_day_daily,mixed_max3_per_class_day,mixed,max3_per_class_day,2024-11-08,D,daily,0.32760920026270646,6,3,3,embedding
mixed_max3_per_class_day_daily,mixed_max3_per_class_day,mixed,max3_per_class_day,2024-11-13,D,daily,0.40993587653358454,6,3,3,embedding
mixed_max3_per_class_day_daily,mixed_max3_per_class_day,mixed,max3_per_class_day,2024-11-15,D,daily,0.27184751416552777,6,3,3,embedding
mixed_max3_per_class_day_daily,mixed_max3_per_class_day,mixed,max3_per_class_day,2024-11-18,D,daily,0.48938692814037954,5,2,3,embedding
mixed_max3_per_class_day_daily,mixed_max3_per_class_day,mixed,max3_per_class_day,2024-11-20,D,daily,0.4961895961236613,6,3,3,embedding
mixed_max3_per_class_day_daily,mixed_max3_per_class_day,mixed,max3_per_class_day,2024-11-21,D,daily,0.30257371694881063,6,3,3,embedding
mixed_max3_per_class_day_daily,mixed_max3_per_class_day,mixed,max3_per_class_day,2024-11-23,D,daily,0.35558455286021007,6,3,3,embedding
mixed_max3_per_class_day_daily,mixed_max3_per_class_day,mixed,max3_per_class_day,2024-11-24,D,daily,0.7897861424223663,5,2,3,embedding
mixed_max3_per_class_day_daily,mixed_max3_per_class_day,mixed,max3_per_class_day,2024-11-25,D,daily,0.8317587847460713,6,3,3,embedding
mixed_max3_per_class_day_daily,mixed_max3_per_class_day,mixed,max3_per_class_day,2024-11-26,D,daily,0.5247310975918567,6,3,3,embedding
mixed_max3_per_class_day_daily,mixed_max3_per_class_day,mixed,max3_per_class_day,2024-11-27,D,daily,0.4830263257128691,6,3,3,embedding
mixed_max3_per_class_day_daily,mixed_max3_per_class_day,mixed,max3_per_class_day,2024-12-01,D,daily,0.5432198303907292,5,2,3,embedding
mixed_max3_per_class_day_daily,mixed_max3_per_class_day,mixed,max3_per_class_day,2024-12-03,D,daily,0.6358744025037036,6,3,3,embedding
mixed_max3_per_class_day_daily,mixed_max3_per_class_day,mixed,max3_per_class_day,2024-12-04,D,daily,0.7845583291722305,6,3,3,embedding
mixed_max3_per_class_day_daily,mixed_max3_per_class_day,mixed,max3_per_class_day,2024-12-09,D,daily,0.6608875504202623,6,3,3,embedding
mixed_max3_per_class_day_daily,mixed_max3_per_class_day,mixed,max3_per_class_day,2024-12-11,D,daily,0.530085019357152,6,3,3,embedding
mixed_max3_per_class_day_daily,mixed_max3_per_class_day,mixed,max3_per_class_day,2024-12-12,D,daily,0.5813893959776106,6,3,3,embedding
mixed_max3_per_class_day_daily,mixed_max3_per_class_day,mixed,max3_per_class_day,2024-12-13,D,daily,0.7057630784086346,6,3,3,embedding
mixed_max3_per_class_day_daily,mixed_max3_per_class_day,mixed,max3_per_class_day,2024-12-16,D,daily,0.6609323783978002,6,3,3,embedding
mixed_max3_per_class_day_daily,mixed_max3_per_class_day,mixed,max3_per_class_day,2024-12-17,D,daily,0.3611910599457636,6,3,3,embedding
mixed_max3_per_class_day_daily,mixed_max3_per_class_day,mixed,max3_per_class_day,2024-12-18,D,daily,0.7445518083973387,6,3,3,embedding
mixed_max3_per_class_day_daily,mixed_max3_per_class_day,mixed,max3_per_class_day,2024-12-19,D,daily,0.6685734447364539,5,2,3,embedding
mixed_max3_per_class_day_daily,mixed_max3_per_class_day,mixed,max3_per_class_day,2024-12-27,D,daily,0.449555694227063,6,3,3,embedding
mixed_max3_per_class_day_daily,mixed_max3_per_class_day,mixed,max3_per_class_day,2024-12-30,D,daily,0.5048602289110128,6,3,3,embedding
mixed_max3_per_class_day_daily,mixed_max3_per_class_day,mixed,max3_per_class_day,2025-01-01,D,daily,0.42658141151456874,5,2,3,embedding
mixed_max3_per_class_day_daily,mixed_max3_per_class_day,mixed,max3_per_class_day,2025-01-04,D,daily,0.32373557899927885,5,2,3,embedding
mixed_max3_per_class_day_daily,mixed_max3_per_class_day,mixed,max3_per_class_day,2025-01-06,D,daily,0.30055805047727535,6,3,3,embedding
mixed_max3_per_class_day_daily,mixed_max3_per_class_day,mixed,max3_per_class_day,2025-01-08,D,daily,0.29412740228569256,5,2,3,embedding
mixed_max3_per_class_day_daily,mixed_max3_per_class_day,mixed,max3_per_class_day,2025-01-09,D,daily,0.30280436242970366,6,3,3,embedding
mixed_max3_per_class_day_daily,mixed_max3_per_class_day,mixed,max3_per_class_day,2025-01-10,D,daily,0.2467621896229114,5,2,3,embedding
mixed_max3_per_class_day_daily,mixed_max3_per_class_day,mixed,max3_per_class_day,2025-01-13,D,daily,0.6770027562490701,6,3,3,embedding
mixed_max3_per_class_day_daily,mixed_max3_per_class_day,mixed,max3_per_class_day,2025-01-16,D,daily,0.7940087990989464,6,3,3,embedding
mixed_max3_per_class_day_daily,mixed_max3_per_class_day,mixed,max3_per_class_day,2025-01-17,D,daily,0.5704800052603736,5,2,3,embedding
mixed_max3_per_class_day_daily,mixed_max3_per_class_day,mixed,max3_per_class_day,2025-01-20,D,daily,0.5885606745612575,6,3,3,embedding
mixed_max3_per_class_day_daily,mixed_max3_per_class_day,mixed,max3_per_class_day,2025-01-21,D,daily,0.45400275486910924,5,2,3,embedding
mixed_max3_per_class_day_daily,mixed_max3_per_class_day,mixed,max3_per_class_day,2025-01-23,D,daily,0.4423633420180225,6,3,3,embedding
mixed_max3_per_class_day_daily,mixed_max3_per_class_day,mixed,max3_per_class_day,2025-01-24,D,daily,0.42774870231115003,6,3,3,embedding
mixed_max3_per_class_day_daily,mixed_max3_per_class_day,mixed,max3_per_class_day,2025-01-27,D,daily,0.485854538393908,5,2,3,embedding
mixed_max3_per_class_day_daily,mixed_max3_per_class_day,mixed,max3_per_class_day,2025-01-28,D,daily,0.6881800298679217,5,2,3,embedding
mixed_max3_per_class_day_daily,mixed_max3_per_class_day,mixed,max3_per_class_day,2025-01-29,D,daily,0.4822868835126122,6,3,3,embedding
mixed_max3_per_class_day_daily,mixed_max3_per_class_day,mixed,max3_per_class_day,2025-01-30,D,daily,0.3455505598690558,6,3,3,embedding
mixed_max3_per_class_day_daily,mixed_max3_per_class_day,mixed,max3_per_class_day,2025-01-31,D,daily,0.39032090779316353,6,3,3,embedding
mixed_max3_per_class_day_daily,mixed_max3_per_class_day,mixed,max3_per_class_day,2025-02-03,D,daily,0.30838484388637666,6,3,3,embedding
mixed_max3_per_class_day_daily,mixed_max3_per_class_day,mixed,max3_per_class_day,2025-02-04,D,daily,0.5620025051955329,6,3,3,embedding
mixed_max3_per_class_day_daily,mixed_max3_per_class_day,mixed,max3_per_class_day,2025-02-05,D,daily,0.6017303344881155,6,3,3,embedding
mixed_max3_per_class_day_daily,mixed_max3_per_class_day,mixed,max3_per_class_day,2025-02-06,D,daily,0.7158513194159274,6,3,3,embedding
mixed_max3_per_class_day_daily,mixed_max3_per_class_day,mixed,max3_per_class_day,2025-02-07,D,daily,0.42200259337714363,6,3,3,embedding
mixed_max3_per_class_day_daily,mixed_max3_per_class_day,mixed,max3_per_class_day,2025-02-12,D,daily,0.317273236393638,6,3,3,embedding
mixed_max3_per_class_day_daily,mixed_max3_per_class_day,mixed,max3_per_class_day,2025-02-13,D,daily,0.5383083234818071,6,3,3,embedding
mixed_max3_per_class_day_daily,mixed_max3_per_class_day,mixed,max3_per_class_day,2025-02-14,D,daily,0.5630817538792086,6,3,3,embedding
mixed_max3_per_class_day_daily,mixed_max3_per_class_day,mixed,max3_per_class_day,2025-02-17,D,daily,0.4311876527581693,5,2,3,embedding
mixed_max3_per_class_day_daily,mixed_max3_per_class_day,mixed,max3_per_class_day,2025-02-19,D,daily,0.46608497006183347,6,3,3,embedding
mixed_raw_daily,mixed_raw,mixed,raw,2024-02-06,D,daily,0.37896681924252884,22,6,16,embedding
mixed_raw_daily,mixed_raw,mixed,raw,2024-02-07,D,daily,0.2652442371128303,6,2,4,embedding
mixed_raw_daily,mixed_raw,mixed,raw,2024-02-08,D,daily,0.4182876679336017,25,7,18,embedding
mixed_raw_daily,mixed_raw,mixed,raw,2024-02-10,D,daily,0.4603962402833027,13,0,13,embedding
mixed_raw_daily,mixed_raw,mixed,raw,2024-02-11,D,daily,0.5218203709816605,20,1,19,embedding
mixed_raw_daily,mixed_raw,mixed,raw,2024-02-12,D,daily,0.4338191382378537,21,2,19,embedding
mixed_raw_daily,mixed_raw,mixed,raw,2024-02-13,D,daily,0.33438946669361025,5,5,0,embedding
mixed_raw_daily,mixed_raw,mixed,raw,2024-02-15,D,daily,0.6678281390232228,24,4,20,embedding
mixed_raw_daily,mixed_raw,mixed,raw,2024-02-16,D,daily,0.47299900091213787,26,6,20,embedding
mixed_raw_daily,mixed_raw,mixed,raw,2024-02-17,D,daily,0.36994245710771423,18,3,15,embedding
mixed_raw_daily,mixed_raw,mixed,raw,2024-02-18,D,daily,0.35043162906198155,21,0,21,embedding
mixed_raw_daily,mixed_raw,mixed,raw,2024-02-19,D,daily,0.5060864471232036,9,0,9,embedding
mixed_raw_daily,mixed_raw,mixed,raw,2024-02-20,D,daily,0.5612832185828418,22,3,19,embedding
mixed_raw_daily,mixed_raw,mixed,raw,2024-02-22,D,daily,0.6599588386579791,19,2,17,embedding
mixed_raw_daily,mixed_raw,mixed,raw,2024-02-23,D,daily,0.5551378978133854,19,3,16,embedding
mixed_raw_daily,mixed_raw,mixed,raw,2024-02-25,D,daily,0.4342881231462091,26,3,23,embedding
mixed_raw_daily,mixed_raw,mixed,raw,2024-02-26,D,daily,0.5545133165113556,15,2,13,embedding
mixed_raw_daily,mixed_raw,mixed,raw,2024-02-27,D,daily,0.634297465408322,10,4,6,embedding
mixed_raw_daily,mixed_raw,mixed,raw,2024-02-28,D,daily,0.4946229066374057,27,5,22,embedding
mixed_raw_daily,mixed_raw,mixed,raw,2024-02-29,D,daily,1.0049137191925894,22,3,19,embedding
mixed_raw_daily,mixed_raw,mixed,raw,2024-03-01,D,daily,0.9249975306644698,67,3,64,embedding
mixed_raw_daily,mixed_raw,mixed,raw,2024-03-02,D,daily,0.32658653114859404,16,0,16,embedding
mixed_raw_daily,mixed_raw,mixed,raw,2024-03-03,D,daily,0.2718984181728219,18,3,15,embedding
mixed_raw_daily,mixed_raw,mixed,raw,2024-03-04,D,daily,0.38133047822227883,24,4,20,embedding
mixed_raw_daily,mixed_raw,mixed,raw,2024-03-06,D,daily,0.47321745225196854,15,4,11,embedding
mixed_raw_daily,mixed_raw,mixed,raw,2024-03-07,D,daily,0.46708549787341014,18,3,15,embedding
mixed_raw_daily,mixed_raw,mixed,raw,2024-03-08,D,daily,0.43391390571238,6,3,3,embedding
mixed_raw_daily,mixed_raw,mixed,raw,2024-03-09,D,daily,0.3799024156934372,9,0,9,embedding
mixed_raw_daily,mixed_raw,mixed,raw,2024-03-10,D,daily,0.4492540721368845,21,1,20,embedding
mixed_raw_daily,mixed_raw,mixed,raw,2024-03-11,D,daily,0.45468178961883055,21,5,16,embedding
mixed_raw_daily,mixed_raw,mixed,raw,2024-03-12,D,daily,0.5352358661331025,17,4,13,embedding
mixed_raw_daily,mixed_raw,mixed,raw,2024-03-13,D,daily,0.23112024653708474,26,6,20,embedding
mixed_raw_daily,mixed_raw,mixed,raw,2024-03-14,D,daily,0.5362972667898394,15,1,14,embedding
mixed_raw_daily,mixed_raw,mixed,raw,2024-03-16,D,daily,0.5034024394347971,11,2,9,embedding
mixed_raw_daily,mixed_raw,mixed,raw,2024-03-17,D,daily,0.5310216591978082,24,3,21,embedding
mixed_raw_daily,mixed_raw,mixed,raw,2024-03-18,D,daily,0.49181139455871037,12,0,12,embedding
mixed_raw_daily,mixed_raw,mixed,raw,2024-03-19,D,daily,0.5657348809893439,5,1,4,embedding
mixed_raw_daily,mixed_raw,mixed,raw,2024-03-20,D,daily,0.5330715334403585,22,3,19,embedding
mixed_raw_daily,mixed_raw,mixed,raw,2024-03-21,D,daily,0.30168862279452957,10,1,9,embedding
mixed_raw_daily,mixed_raw,mixed,raw,2024-03-22,D,daily,0.3548516907917185,15,3,12,embedding
mixed_raw_daily,mixed_raw,mixed,raw,2024-03-23,D,daily,0.4388499885158309,6,0,6,embedding
mixed_raw_daily,mixed_raw,mixed,raw,2024-03-24,D,daily,0.37057688465177185,16,1,15,embedding
mixed_raw_daily,mixed_raw,mixed,raw,2024-03-25,D,daily,0.5112254605048449,13,1,12,embedding
mixed_raw_daily,mixed_raw,mixed,raw,2024-03-26,D,daily,0.5905428507022721,21,1,20,embedding
mixed_raw_daily,mixed_raw,mixed,raw,2024-03-27,D,daily,0.7604100616234505,13,2,11,embedding
mixed_raw_daily,mixed_raw,mixed,raw,2024-03-28,D,daily,0.7706535730173881,19,1,18,embedding
mixed_raw_daily,mixed_raw,mixed,raw,2024-03-29,D,daily,0.6193688895577979,34,4,30,embedding
mixed_raw_daily,mixed_raw,mixed,raw,2024-03-30,D,daily,0.674628634450032,28,0,28,embedding
mixed_raw_daily,mixed_raw,mixed,raw,2024-03-31,D,daily,0.46368999555722334,9,2,7,embedding
mixed_raw_daily,mixed_raw,mixed,raw,2024-04-01,D,daily,0.5163256984449416,35,5,30,embedding
mixed_raw_daily,mixed_raw,mixed,raw,2024-04-02,D,daily,0.6032351426935822,21,3,18,embedding
mixed_raw_daily,mixed_raw,mixed,raw,2024-04-03,D,daily,0.40619876764347096,19,0,19,embedding
mixed_raw_daily,mixed_raw,mixed,raw,2024-04-04,D,daily,0.37909830524270527,25,5,20,embedding
mixed_raw_daily,mixed_raw,mixed,raw,2024-04-05,D,daily,0.6299106143598884,24,4,20,embedding
mixed_raw_daily,mixed_raw,mixed,raw,2024-04-06,D,daily,0.5902408647994069,14,1,13,embedding
mixed_raw_daily,mixed_raw,mixed,raw,2024-04-07,D,daily,0.4159630080598137,15,3,12,embedding
mixed_raw_daily,mixed_raw,mixed,raw,2024-04-08,D,daily,0.5492201838704145,21,4,17,embedding
mixed_raw_daily,mixed_raw,mixed,raw,2024-04-09,D,daily,0.49987404978909566,18,1,17,embedding
mixed_raw_daily,mixed_raw,mixed,raw,2024-04-10,D,daily,0.6083420942811955,26,6,20,embedding
mixed_raw_daily,mixed_raw,mixed,raw,2024-04-11,D,daily,0.44051359355443487,6,6,0,embedding
mixed_raw_daily,mixed_raw,mixed,raw,2024-04-12,D,daily,0.6141936428079521,10,2,8,embedding
mixed_raw_daily,mixed_raw,mixed,raw,2024-04-13,D,daily,0.3459049805382082,6,0,6,embedding
mixed_raw_daily,mixed_raw,mixed,raw,2024-04-14,D,daily,0.2958720619515537,14,0,14,embedding
mixed_raw_daily,mixed_raw,mixed,raw,2024-04-15,D,daily,0.452347530786801,6,6,0,embedding
mixed_raw_daily,mixed_raw,mixed,raw,2024-04-16,D,daily,0.7237394220586908,23,3,20,embedding
mixed_raw_daily,mixed_raw,mixed,raw,2024-04-17,D,daily,0.7625869408533629,8,3,5,embedding
mixed_raw_daily,mixed_raw,mixed,raw,2024-04-20,D,daily,0.5737638125227411,5,0,5,embedding
mixed_raw_daily,mixed_raw,mixed,raw,2024-04-21,D,daily,0.36275369962587023,12,0,12,embedding
mixed_raw_daily,mixed_raw,mixed,raw,2024-04-23,D,daily,0.591219622104035,16,0,16,embedding
mixed_raw_daily,mixed_raw,mixed,raw,2024-04-24,D,daily,0.5727296127170379,26,6,20,embedding
mixed_raw_daily,mixed_raw,mixed,raw,2024-04-25,D,daily,0.5282708856375541,23,3,20,embedding
mixed_raw_daily,mixed_raw,mixed,raw,2024-04-26,D,daily,0.4929360677511869,17,2,15,embedding
mixed_raw_daily,mixed_raw,mixed,raw,2024-04-27,D,daily,0.6064037932741593,19,1,18,embedding
mixed_raw_daily,mixed_raw,mixed,raw,2024-04-28,D,daily,0.40646371949080307,10,0,10,embedding
mixed_raw_daily,mixed_raw,mixed,raw,2024-04-29,D,daily,0.5146495559134561,33,1,32,embedding
mixed_raw_daily,mixed_raw,mixed,raw,2024-04-30,D,daily,0.6200666583999048,42,6,36,embedding
mixed_raw_daily,mixed_raw,mixed,raw,2024-05-01,D,daily,0.30158873367664163,32,3,29,embedding
mixed_raw_daily,mixed_raw,mixed,raw,2024-05-02,D,daily,0.4307149842148916,23,3,20,embedding
mixed_raw_daily,mixed_raw,mixed,raw,2024-05-03,D,daily,0.6211396411091255,17,6,11,embedding
mixed_raw_daily,mixed_raw,mixed,raw,2024-05-04,D,daily,0.7876057032564344,8,0,8,embedding
mixed_raw_daily,mixed_raw,mixed,raw,2024-05-05,D,daily,0.457495916211738,19,1,18,embedding
mixed_raw_daily,mixed_raw,mixed,raw,2024-05-06,D,daily,0.3739768449328601,10,0,10,embedding
mixed_raw_daily,mixed_raw,mixed,raw,2024-05-07,D,daily,0.4398441938223605,17,4,13,embedding
mixed_raw_daily,mixed_raw,mixed,raw,2024-05-08,D,daily,0.5950070193665772,13,4,9,embedding
mixed_raw_daily,mixed_raw,mixed,raw,2024-05-09,D,daily,0.6903100260145365,21,1,20,embedding
mixed_raw_daily,mixed_raw,mixed,raw,2024-05-10,D,daily,0.7116864594963571,14,5,9,embedding
mixed_raw_daily,mixed_raw,mixed,raw,2024-05-12,D,daily,0.4903765554927605,21,1,20,embedding
mixed_raw_daily,mixed_raw,mixed,raw,2024-05-13,D,daily,0.3448597010188451,11,1,10,embedding
mixed_raw_daily,mixed_raw,mixed,raw,2024-05-14,D,daily,0.7033665483488138,15,2,13,embedding
mixed_raw_daily,mixed_raw,mixed,raw,2024-05-15,D,daily,0.7646180092381261,18,2,16,embedding
mixed_raw_daily,mixed_raw,mixed,raw,2024-05-16,D,daily,0.5912676116704221,21,5,16,embedding
mixed_raw_daily,mixed_raw,mixed,raw,2024-05-17,D,daily,0.5762600328503245,15,0,15,embedding
mixed_raw_daily,mixed_raw,mixed,raw,2024-05-18,D,daily,0.34905176496220014,5,0,5,embedding
mixed_raw_daily,mixed_raw,mixed,raw,2024-05-19,D,daily,0.5208955127492283,19,1,18,embedding
mixed_raw_daily,mixed_raw,mixed,raw,2024-05-20,D,daily,0.41882619278762423,24,4,20,embedding
mixed_raw_daily,mixed_raw,mixed,raw,2024-05-21,D,daily,0.46837627938056936,5,2,3,embedding
mixed_raw_daily,mixed_raw,mixed,raw,2024-05-22,D,daily,0.2873093480386748,19,1,18,embedding
mixed_raw_daily,mixed_raw,mixed,raw,2024-05-23,D,daily,0.32870727647913567,6,0,6,embedding
mixed_raw_daily,mixed_raw,mixed,raw,2024-05-25,D,daily,0.47056252835664014,6,0,6,embedding
mixed_raw_daily,mixed_raw,mixed,raw,2024-05-26,D,daily,0.5633470321974554,18,1,17,embedding
mixed_raw_daily,mixed_raw,mixed,raw,2024-05-27,D,daily,0.4377470523930367,7,0,7,embedding
mixed_raw_daily,mixed_raw,mixed,raw,2024-05-28,D,daily,0.5805025289649859,21,3,18,embedding
mixed_raw_daily,mixed_raw,mixed,raw,2024-05-29,D,daily,0.639685518538313,14,2,12,embedding
mixed_raw_daily,mixed_raw,mixed,raw,2024-05-30,D,daily,0.6426323693106499,17,2,15,embedding
mixed_raw_daily,mixed_raw,mixed,raw,2024-05-31,D,daily,0.3925990484379053,15,3,12,embedding
mixed_raw_daily,mixed_raw,mixed,raw,2024-06-01,D,daily,0.3688484723254084,51,0,51,embedding
mixed_raw_daily,mixed_raw,mixed,raw,2024-06-02,D,daily,0.47904431647379664,21,0,21,embedding
mixed_raw_daily,mixed_raw,mixed,raw,2024-06-03,D,daily,0.4393617215204113,15,3,12,embedding
mixed_raw_daily,mixed_raw,mixed,raw,2024-06-04,D,daily,0.47723095325824527,14,6,8,embedding
mixed_raw_daily,mixed_raw,mixed,raw,2024-06-05,D,daily,0.3742808339144106,20,0,20,embedding
mixed_raw_daily,mixed_raw,mixed,raw,2024-06-07,D,daily,0.4384891950753894,15,4,11,embedding
mixed_raw_daily,mixed_raw,mixed,raw,2024-06-09,D,daily,0.2790000268695437,18,2,16,embedding
mixed_raw_daily,mixed_raw,mixed,raw,2024-06-10,D,daily,0.35456403668306447,7,1,6,embedding
mixed_raw_daily,mixed_raw,mixed,raw,2024-06-11,D,daily,0.6864024021446797,24,4,20,embedding
mixed_raw_daily,mixed_raw,mixed,raw,2024-06-12,D,daily,0.5996879406479024,18,2,16,embedding
mixed_raw_daily,mixed_raw,mixed,raw,2024-06-13,D,daily,0.6142161011907926,22,6,16,embedding
mixed_raw_daily,mixed_raw,mixed,raw,2024-06-14,D,daily,0.5417347751507656,13,4,9,embedding
mixed_raw_daily,mixed_raw,mixed,raw,2024-06-15,D,daily,0.5850293505165822,6,1,5,embedding
mixed_raw_daily,mixed_raw,mixed,raw,2024-06-16,D,daily,0.7245260037466335,21,1,20,embedding
mixed_raw_daily,mixed_raw,mixed,raw,2024-06-18,D,daily,0.3826444461189298,20,1,19,embedding
mixed_raw_daily,mixed_raw,mixed,raw,2024-06-19,D,daily,0.4121054174361023,19,0,19,embedding
mixed_raw_daily,mixed_raw,mixed,raw,2024-06-20,D,daily,0.3841197215321286,19,2,17,embedding
mixed_raw_daily,mixed_raw,mixed,raw,2024-06-21,D,daily,0.4769113898860864,14,3,11,embedding
mixed_raw_daily,mixed_raw,mixed,raw,2024-06-22,D,daily,0.38199028010602787,8,1,7,embedding
mixed_raw_daily,mixed_raw,mixed,raw,2024-06-23,D,daily,0.572501147601377,12,1,11,embedding
mixed_raw_daily,mixed_raw,mixed,raw,2024-06-24,D,daily,0.6471363178412497,23,2,21,embedding
mixed_raw_daily,mixed_raw,mixed,raw,2024-06-25,D,daily,0.7653970945485762,12,1,11,embedding
mixed_raw_daily,mixed_raw,mixed,raw,2024-06-26,D,daily,0.5153868468855275,22,2,20,embedding
mixed_raw_daily,mixed_raw,mixed,raw,2024-06-27,D,daily,0.37793954272090147,15,2,13,embedding
mixed_raw_daily,mixed_raw,mixed,raw,2024-06-28,D,daily,0.4098130767817274,28,7,21,embedding
mixed_raw_daily,mixed_raw,mixed,raw,2024-06-29,D,daily,0.5484713515950804,15,1,14,embedding
mixed_raw_daily,mixed_raw,mixed,raw,2024-06-30,D,daily,0.5091528306008389,20,0,20,embedding
mixed_raw_daily,mixed_raw,mixed,raw,2024-07-01,D,daily,0.4809516027669889,43,1,42,embedding
mixed_raw_daily,mixed_raw,mixed,raw,2024-07-02,D,daily,0.4607287890304388,32,7,25,embedding
mixed_raw_daily,mixed_raw,mixed,raw,2024-07-03,D,daily,0.6361791812286067,16,2,14,embedding
mixed_raw_daily,mixed_raw,mixed,raw,2024-07-04,D,daily,0.696204175025876,12,0,12,embedding
mixed_raw_daily,mixed_raw,mixed,raw,2024-07-05,D,daily,0.5515253595430991,7,2,5,embedding
mixed_raw_daily,mixed_raw,mixed,raw,2024-07-06,D,daily,0.5987596176850025,6,1,5,embedding
mixed_raw_daily,mixed_raw,mixed,raw,2024-07-07,D,daily,0.3565368930668815,11,1,10,embedding
mixed_raw_daily,mixed_raw,mixed,raw,2024-07-08,D,daily,0.2906317009578415,19,5,14,embedding
mixed_raw_daily,mixed_raw,mixed,raw,2024-07-09,D,daily,0.2875564175599865,10,1,9,embedding
mixed_raw_daily,mixed_raw,mixed,raw,2024-07-10,D,daily,0.26770302380237143,22,1,21,embedding
mixed_raw_daily,mixed_raw,mixed,raw,2024-07-11,D,daily,0.2995016053577516,24,4,20,embedding
mixed_raw_daily,mixed_raw,mixed,raw,2024-07-13,D,daily,0.13728752106756148,8,1,7,embedding
mixed_raw_daily,mixed_raw,mixed,raw,2024-07-14,D,daily,0.48079008770285714,33,2,31,embedding
mixed_raw_daily,mixed_raw,mixed,raw,2024-07-15,D,daily,0.23391803285518198,20,0,20,embedding
mixed_raw_daily,mixed_raw,mixed,raw,2024-07-16,D,daily,0.39780901168924976,6,6,0,embedding
mixed_raw_daily,mixed_raw,mixed,raw,2024-07-17,D,daily,0.7475939086292297,25,5,20,embedding
mixed_raw_daily,mixed_raw,mixed,raw,2024-07-18,D,daily,0.6816970994999403,28,8,20,embedding
mixed_raw_daily,mixed_raw,mixed,raw,2024-07-19,D,daily,0.44190701224025375,21,1,20,embedding
mixed_raw_daily,mixed_raw,mixed,raw,2024-07-20,D,daily,0.28751630448508925,15,2,13,embedding
mixed_raw_daily,mixed_raw,mixed,raw,2024-07-21,D,daily,0.23439238421992736,15,2,13,embedding
mixed_raw_daily,mixed_raw,mixed,raw,2024-07-22,D,daily,0.3976132520674287,20,0,20,embedding
mixed_raw_daily,mixed_raw,mixed,raw,2024-07-23,D,daily,0.6559552017613951,25,5,20,embedding
mixed_raw_daily,mixed_raw,mixed,raw,2024-07-24,D,daily,0.6350025583710348,19,0,19,embedding
mixed_raw_daily,mixed_raw,mixed,raw,2024-07-25,D,daily,0.2635711949919828,15,4,11,embedding
mixed_raw_daily,mixed_raw,mixed,raw,2024-07-26,D,daily,0.14997500306910938,23,2,21,embedding
mixed_raw_daily,mixed_raw,mixed,raw,2024-07-27,D,daily,0.3550643228417314,11,3,8,embedding
mixed_raw_daily,mixed_raw,mixed,raw,2024-07-29,D,daily,0.5042871346298057,12,0,12,embedding
mixed_raw_daily,mixed_raw,mixed,raw,2024-07-30,D,daily,0.42263533462398317,21,1,20,embedding
mixed_raw_daily,mixed_raw,mixed,raw,2024-07-31,D,daily,0.31418937387023105,16,0,16,embedding
mixed_raw_daily,mixed_raw,mixed,raw,2024-08-01,D,daily,0.3432848280124734,74,6,68,embedding
mixed_raw_daily,mixed_raw,mixed,raw,2024-08-02,D,daily,0.23572254716202923,22,7,15,embedding
mixed_raw_daily,mixed_raw,mixed,raw,2024-08-03,D,daily,0.20025889073046055,22,1,21,embedding
mixed_raw_daily,mixed_raw,mixed,raw,2024-08-04,D,daily,0.44593076338242765,16,1,15,embedding
mixed_raw_daily,mixed_raw,mixed,raw,2024-08-05,D,daily,0.9067883647613629,7,4,3,embedding
mixed_raw_daily,mixed_raw,mixed,raw,2024-08-06,D,daily,0.7729588324692689,20,3,17,embedding
mixed_raw_daily,mixed_raw,mixed,raw,2024-08-07,D,daily,0.5118359758109489,14,5,9,embedding
mixed_raw_daily,mixed_raw,mixed,raw,2024-08-08,D,daily,0.42224636770510426,15,1,14,embedding
mixed_raw_daily,mixed_raw,mixed,raw,2024-08-09,D,daily,0.22833132040593607,9,1,8,embedding
mixed_raw_daily,mixed_raw,mixed,raw,2024-08-10,D,daily,0.14049905999517176,9,0,9,embedding
mixed_raw_daily,mixed_raw,mixed,raw,2024-08-11,D,daily,0.2355620172066899,8,0,8,embedding
mixed_raw_daily,mixed_raw,mixed,raw,2024-08-12,D,daily,0.2788114995414047,9,0,9,embedding
mixed_raw_daily,mixed_raw,mixed,raw,2024-08-13,D,daily,0.36118319280813804,26,3,23,embedding
mixed_raw_daily,mixed_raw,mixed,raw,2024-08-14,D,daily,0.34984811885431566,22,5,17,embedding
mixed_raw_daily,mixed_raw,mixed,raw,2024-08-15,D,daily,0.274762489911087,25,3,22,embedding
mixed_raw_daily,mixed_raw,mixed,raw,2024-08-16,D,daily,0.5354111170951262,9,4,5,embedding
mixed_raw_daily,mixed_raw,mixed,raw,2024-08-17,D,daily,0.5437564901640601,10,3,7,embedding
mixed_raw_daily,mixed_raw,mixed,raw,2024-08-18,D,daily,0.29335954359701233,26,0,26,embedding
mixed_raw_daily,mixed_raw,mixed,raw,2024-08-19,D,daily,0.5180549257973719,15,0,15,embedding
mixed_raw_daily,mixed_raw,mixed,raw,2024-08-20,D,daily,0.6040461495662438,16,2,14,embedding
mixed_raw_daily,mixed_raw,mixed,raw,2024-08-21,D,daily,0.21661934263971894,28,9,19,embedding
mixed_raw_daily,mixed_raw,mixed,raw,2024-08-22,D,daily,0.3332937237682674,26,7,19,embedding
mixed_raw_daily,mixed_raw,mixed,raw,2024-08-23,D,daily,0.4385306999376486,16,1,15,embedding
mixed_raw_daily,mixed_raw,mixed,raw,2024-08-24,D,daily,0.38630829477341977,16,4,12,embedding
mixed_raw_daily,mixed_raw,mixed,raw,2024-08-25,D,daily,0.40149985377746056,24,0,24,embedding
mixed_raw_daily,mixed_raw,mixed,raw,2024-08-26,D,daily,0.5984655254955281,14,1,13,embedding
mixed_raw_daily,mixed_raw,mixed,raw,2024-08-27,D,daily,0.4859999531504613,24,9,15,embedding
mixed_raw_daily,mixed_raw,mixed,raw,2024-08-28,D,daily,0.38289813919532456,23,4,19,embedding
mixed_raw_daily,mixed_raw,mixed,raw,2024-08-29,D,daily,0.5724383197806825,17,0,17,embedding
mixed_raw_daily,mixed_raw,mixed,raw,2024-08-30,D,daily,0.4713215705246574,42,0,42,embedding
mixed_raw_daily,mixed_raw,mixed,raw,2024-08-31,D,daily,0.19197587637224633,17,1,16,embedding
mixed_raw_daily,mixed_raw,mixed,raw,2024-09-01,D,daily,0.3087314128020495,31,0,31,embedding
mixed_raw_daily,mixed_raw,mixed,raw,2024-09-02,D,daily,0.48787346429755196,19,4,15,embedding
mixed_raw_daily,mixed_raw,mixed,raw,2024-09-03,D,daily,0.5843845726683176,10,4,6,embedding
mixed_raw_daily,mixed_raw,mixed,raw,2024-09-04,D,daily,0.4068917727857678,23,6,17,embedding
mixed_raw_daily,mixed_raw,mixed,raw,2024-09-05,D,daily,0.34363697876984034,18,3,15,embedding
mixed_raw_daily,mixed_raw,mixed,raw,2024-09-06,D,daily,0.42142304595044655,22,5,17,embedding
mixed_raw_daily,mixed_raw,mixed,raw,2024-09-07,D,daily,0.3012231679137374,7,0,7,embedding
mixed_raw_daily,mixed_raw,mixed,raw,2024-09-08,D,daily,0.25270902755831315,20,0,20,embedding
mixed_raw_daily,mixed_raw,mixed,raw,2024-09-09,D,daily,0.6460068897416018,22,2,20,embedding
mixed_raw_daily,mixed_raw,mixed,raw,2024-09-10,D,daily,0.6195806229445163,18,5,13,embedding
mixed_raw_daily,mixed_raw,mixed,raw,2024-09-11,D,daily,0.42412171580983116,23,3,20,embedding
mixed_raw_daily,mixed_raw,mixed,raw,2024-09-12,D,daily,0.3722066623972642,13,4,9,embedding
mixed_raw_daily,mixed_raw,mixed,raw,2024-09-13,D,daily,0.6489960652835463,25,5,20,embedding
mixed_raw_daily,mixed_raw,mixed,raw,2024-09-14,D,daily,0.5437983417828671,5,2,3,embedding
mixed_raw_daily,mixed_raw,mixed,raw,2024-09-15,D,daily,0.3172138828073058,20,0,20,embedding
mixed_raw_daily,mixed_raw,mixed,raw,2024-09-16,D,daily,0.2804100089925172,14,3,11,embedding
mixed_raw_daily,mixed_raw,mixed,raw,2024-09-17,D,daily,0.30527281587464383,22,2,20,embedding
mixed_raw_daily,mixed_raw,mixed,raw,2024-09-18,D,daily,0.3833870345660326,15,1,14,embedding
mixed_raw_daily,mixed_raw,mixed,raw,2024-09-19,D,daily,0.5593848874030284,16,3,13,embedding
mixed_raw_daily,mixed_raw,mixed,raw,2024-09-20,D,daily,0.6610679930253044,25,5,20,embedding
mixed_raw_daily,mixed_raw,mixed,raw,2024-09-21,D,daily,0.7162196142870371,6,0,6,embedding
mixed_raw_daily,mixed_raw,mixed,raw,2024-09-22,D,daily,0.5945783146558167,21,0,21,embedding
mixed_raw_daily,mixed_raw,mixed,raw,2024-09-23,D,daily,0.6080183760602028,25,5,20,embedding
mixed_raw_daily,mixed_raw,mixed,raw,2024-09-24,D,daily,0.47966934578677245,18,2,16,embedding
mixed_raw_daily,mixed_raw,mixed,raw,2024-09-25,D,daily,0.3873025991589971,32,11,21,embedding
mixed_raw_daily,mixed_raw,mixed,raw,2024-09-26,D,daily,0.32025980812573396,16,0,16,embedding
mixed_raw_daily,mixed_raw,mixed,raw,2024-09-27,D,daily,0.39263062325234865,23,7,16,embedding
mixed_raw_daily,mixed_raw,mixed,raw,2024-09-29,D,daily,0.403755726492645,18,0,18,embedding
mixed_raw_daily,mixed_raw,mixed,raw,2024-09-30,D,daily,0.40512122910684734,26,2,24,embedding
mixed_raw_daily,mixed_raw,mixed,raw,2024-10-01,D,daily,0.3893596413750462,65,1,64,embedding
mixed_raw_daily,mixed_raw,mixed,raw,2024-10-02,D,daily,0.45368615584270966,12,2,10,embedding
mixed_raw_daily,mixed_raw,mixed,raw,2024-10-03,D,daily,0.33608667628637834,19,2,17,embedding
mixed_raw_daily,mixed_raw,mixed,raw,2024-10-04,D,daily,0.28857801382207393,15,3,12,embedding
mixed_raw_daily,mixed_raw,mixed,raw,2024-10-05,D,daily,0.3072953314163278,12,2,10,embedding
mixed_raw_daily,mixed_raw,mixed,raw,2024-10-06,D,daily,0.5284846480046331,15,0,15,embedding
mixed_raw_daily,mixed_raw,mixed,raw,2024-10-07,D,daily,0.31920991790925735,16,5,11,embedding
mixed_raw_daily,mixed_raw,mixed,raw,2024-10-08,D,daily,0.5186716388590132,20,0,20,embedding
mixed_raw_daily,mixed_raw,mixed,raw,2024-10-09,D,daily,0.6304883008270648,14,2,12,embedding
mixed_raw_daily,mixed_raw,mixed,raw,2024-10-10,D,daily,0.3845087070908413,17,5,12,embedding
mixed_raw_daily,mixed_raw,mixed,raw,2024-10-11,D,daily,0.48940856060616333,29,4,25,embedding
mixed_raw_daily,mixed_raw,mixed,raw,2024-10-12,D,daily,0.5442549283545526,13,2,11,embedding
mixed_raw_daily,mixed_raw,mixed,raw,2024-10-13,D,daily,0.38542272252403176,23,1,22,embedding
mixed_raw_daily,mixed_raw,mixed,raw,2024-10-14,D,daily,0.6020702799681995,15,2,13,embedding
mixed_raw_daily,mixed_raw,mixed,raw,2024-10-15,D,daily,0.592495460699864,6,2,4,embedding
mixed_raw_daily,mixed_raw,mixed,raw,2024-10-16,D,daily,0.6711839905220142,26,1,25,embedding
mixed_raw_daily,mixed_raw,mixed,raw,2024-10-17,D,daily,0.48129017520182116,18,1,17,embedding
mixed_raw_daily,mixed_raw,mixed,raw,2024-10-18,D,daily,0.3012822712473786,17,3,14,embedding
mixed_raw_daily,mixed_raw,mixed,raw,2024-10-19,D,daily,0.3718494319814247,8,1,7,embedding
mixed_raw_daily,mixed_raw,mixed,raw,2024-10-20,D,daily,0.8527576304285547,18,2,16,embedding
mixed_raw_daily,mixed_raw,mixed,raw,2024-10-21,D,daily,0.7302272206783904,14,10,4,embedding
mixed_raw_daily,mixed_raw,mixed,raw,2024-10-23,D,daily,0.28774343749318154,21,1,20,embedding
mixed_raw_daily,mixed_raw,mixed,raw,2024-10-24,D,daily,0.5594529372355693,22,5,17,embedding
mixed_raw_daily,mixed_raw,mixed,raw,2024-10-25,D,daily,0.652264857545193,28,5,23,embedding
mixed_raw_daily,mixed_raw,mixed,raw,2024-10-26,D,daily,0.2622195618843266,8,3,5,embedding
mixed_raw_daily,mixed_raw,mixed,raw,2024-10-27,D,daily,0.3413247613375443,24,3,21,embedding
mixed_raw_daily,mixed_raw,mixed,raw,2024-10-28,D,daily,0.4188191846681937,23,4,19,embedding
mixed_raw_daily,mixed_raw,mixed,raw,2024-10-29,D,daily,0.4846974871932235,9,0,9,embedding
mixed_raw_daily,mixed_raw,mixed,raw,2024-10-31,D,daily,0.4357802286320741,40,2,38,embedding
mixed_raw_daily,mixed_raw,mixed,raw,2024-11-01,D,daily,0.2628083819020217,61,8,53,embedding
mixed_raw_daily,mixed_raw,mixed,raw,2024-11-02,D,daily,0.2802850278973651,10,0,10,embedding
mixed_raw_daily,mixed_raw,mixed,raw,2024-11-03,D,daily,0.5602482405805106,15,3,12,embedding
mixed_raw_daily,mixed_raw,mixed,raw,2024-11-04,D,daily,0.6095686304164667,29,2,27,embedding
mixed_raw_daily,mixed_raw,mixed,raw,2024-11-05,D,daily,0.46866795126187943,25,5,20,embedding
mixed_raw_daily,mixed_raw,mixed,raw,2024-11-06,D,daily,0.33229798944918065,23,3,20,embedding
mixed_raw_daily,mixed_raw,mixed,raw,2024-11-08,D,daily,0.40816951191808615,23,3,20,embedding
mixed_raw_daily,mixed_raw,mixed,raw,2024-11-09,D,daily,0.27022753084395656,6,1,5,embedding
mixed_raw_daily,mixed_raw,mixed,raw,2024-11-10,D,daily,0.3855571572871279,23,0,23,embedding
mixed_raw_daily,mixed_raw,mixed,raw,2024-11-11,D,daily,0.3333084903653134,6,6,0,embedding
mixed_raw_daily,mixed_raw,mixed,raw,2024-11-13,D,daily,0.2745453645679624,20,5,15,embedding
mixed_raw_daily,mixed_raw,mixed,raw,2024-11-14,D,daily,0.23284848299340988,5,1,4,embedding
mixed_raw_daily,mixed_raw,mixed,raw,2024-11-15,D,daily,0.43536800904836137,25,7,18,embedding
mixed_raw_daily,mixed_raw,mixed,raw,2024-11-16,D,daily,0.4894535620833538,11,0,11,embedding
mixed_raw_daily,mixed_raw,mixed,raw,2024-11-17,D,daily,0.608173413065223,9,1,8,embedding
mixed_raw_daily,mixed_raw,mixed,raw,2024-11-18,D,daily,0.6101719967474672,11,2,9,embedding
mixed_raw_daily,mixed_raw,mixed,raw,2024-11-19,D,daily,0.4938962879396467,12,0,12,embedding
mixed_raw_daily,mixed_raw,mixed,raw,2024-11-20,D,daily,0.3060649797471465,26,3,23,embedding
mixed_raw_daily,mixed_raw,mixed,raw,2024-11-21,D,daily,0.5200074278503486,18,3,15,embedding
mixed_raw_daily,mixed_raw,mixed,raw,2024-11-22,D,daily,0.5457923251728616,8,1,7,embedding
mixed_raw_daily,mixed_raw,mixed,raw,2024-11-23,D,daily,0.48079684521891175,23,4,19,embedding
mixed_raw_daily,mixed_raw,mixed,raw,2024-11-24,D,daily,0.7372052887413973,16,2,14,embedding
mixed_raw_daily,mixed_raw,mixed,raw,2024-11-25,D,daily,0.812812987405474,14,7,7,embedding
mixed_raw_daily,mixed_raw,mixed,raw,2024-11-26,D,daily,0.4940042093156647,13,3,10,embedding
mixed_raw_daily,mixed_raw,mixed,raw,2024-11-27,D,daily,0.39195628252671133,16,4,12,embedding
mixed_raw_daily,mixed_raw,mixed,raw,2024-11-28,D,daily,0.29395031112290226,14,1,13,embedding
mixed_raw_daily,mixed_raw,mixed,raw,2024-11-29,D,daily,0.6725316078479988,26,1,25,embedding
mixed_raw_daily,mixed_raw,mixed,raw,2024-11-30,D,daily,0.6027001633741206,18,0,18,embedding
mixed_raw_daily,mixed_raw,mixed,raw,2024-12-01,D,daily,0.42520902793108695,35,2,33,embedding
mixed_raw_daily,mixed_raw,mixed,raw,2024-12-03,D,daily,0.48402546900017185,25,5,20,embedding
mixed_raw_daily,mixed_raw,mixed,raw,2024-12-04,D,daily,0.317071958586431,23,4,19,embedding
mixed_raw_daily,mixed_raw,mixed,raw,2024-12-05,D,daily,0.35330279202748716,17,0,17,embedding
mixed_raw_daily,mixed_raw,mixed,raw,2024-12-06,D,daily,0.39973861578190173,12,1,11,embedding
mixed_raw_daily,mixed_raw,mixed,raw,2024-12-08,D,daily,0.5366971863951407,20,1,19,embedding
mixed_raw_daily,mixed_raw,mixed,raw,2024-12-09,D,daily,0.3510414214751816,10,5,5,embedding
mixed_raw_daily,mixed_raw,mixed,raw,2024-12-10,D,daily,0.34606094936379916,16,0,16,embedding
mixed_raw_daily,mixed_raw,mixed,raw,2024-12-11,D,daily,0.3097102919880247,14,3,11,embedding
mixed_raw_daily,mixed_raw,mixed,raw,2024-12-12,D,daily,0.5361698007842566,7,3,4,embedding
mixed_raw_daily,mixed_raw,mixed,raw,2024-12-13,D,daily,0.6130457475233235,16,3,13,embedding
mixed_raw_daily,mixed_raw,mixed,raw,2024-12-14,D,daily,0.538999397607121,9,0,9,embedding
mixed_raw_daily,mixed_raw,mixed,raw,2024-12-15,D,daily,0.364672432536552,18,1,17,embedding
mixed_raw_daily,mixed_raw,mixed,raw,2024-12-16,D,daily,0.4519944600778537,16,3,13,embedding
mixed_raw_daily,mixed_raw,mixed,raw,2024-12-17,D,daily,0.31531039019649676,24,6,18,embedding
mixed_raw_daily,mixed_raw,mixed,raw,2024-12-18,D,daily,0.6977559111736428,28,8,20,embedding
mixed_raw_daily,mixed_raw,mixed,raw,2024-12-19,D,daily,0.6016055223365673,18,2,16,embedding
mixed_raw_daily,mixed_raw,mixed,raw,2024-12-20,D,daily,0.3467013857352481,14,1,13,embedding
mixed_raw_daily,mixed_raw,mixed,raw,2024-12-21,D,daily,0.38733806611389165,11,1,10,embedding
mixed_raw_daily,mixed_raw,mixed,raw,2024-12-22,D,daily,0.6138733452121574,6,0,6,embedding
mixed_raw_daily,mixed_raw,mixed,raw,2024-12-23,D,daily,0.5353673007481621,9,1,8,embedding
mixed_raw_daily,mixed_raw,mixed,raw,2024-12-24,D,daily,0.2989184006339676,9,1,8,embedding
mixed_raw_daily,mixed_raw,mixed,raw,2024-12-25,D,daily,0.3674264368524712,7,0,7,embedding
mixed_raw_daily,mixed_raw,mixed,raw,2024-12-26,D,daily,0.3736600065045327,14,0,14,embedding
mixed_raw_daily,mixed_raw,mixed,raw,2024-12-27,D,daily,0.32470405855026363,17,4,13,embedding
mixed_raw_daily,mixed_raw,mixed,raw,2024-12-28,D,daily,0.3106660470316196,10,0,10,embedding
mixed_raw_daily,mixed_raw,mixed,raw,2024-12-29,D,daily,0.5748055938526693,8,0,8,embedding
mixed_raw_daily,mixed_raw,mixed,raw,2024-12-30,D,daily,0.6997017208326755,17,3,14,embedding
mixed_raw_daily,mixed_raw,mixed,raw,2024-12-31,D,daily,0.4688234855391299,45,0,45,embedding
mixed_raw_daily,mixed_raw,mixed,raw,2025-01-01,D,daily,0.32573966066452154,18,2,16,embedding
mixed_raw_daily,mixed_raw,mixed,raw,2025-01-02,D,daily,0.4032591828561034,13,0,13,embedding
mixed_raw_daily,mixed_raw,mixed,raw,2025-01-03,D,daily,0.5379793555472004,16,1,15,embedding
mixed_raw_daily,mixed_raw,mixed,raw,2025-01-04,D,daily,0.4988439377561813,7,2,5,embedding
mixed_raw_daily,mixed_raw,mixed,raw,2025-01-05,D,daily,0.32427193267801635,19,1,18,embedding
mixed_raw_daily,mixed_raw,mixed,raw,2025-01-06,D,daily,0.35410052422096516,21,5,16,embedding
mixed_raw_daily,mixed_raw,mixed,raw,2025-01-07,D,daily,0.41176591566176457,9,1,8,embedding
mixed_raw_daily,mixed_raw,mixed,raw,2025-01-08,D,daily,0.31668201063513335,22,2,20,embedding
mixed_raw_daily,mixed_raw,mixed,raw,2025-01-09,D,daily,0.30632879839471905,20,6,14,embedding
mixed_raw_daily,mixed_raw,mixed,raw,2025-01-10,D,daily,0.360542208961421,5,2,3,embedding
mixed_raw_daily,mixed_raw,mixed,raw,2025-01-11,D,daily,0.3512479842566629,18,1,17,embedding
mixed_raw_daily,mixed_raw,mixed,raw,2025-01-12,D,daily,0.30802413637826176,6,1,5,embedding
mixed_raw_daily,mixed_raw,mixed,raw,2025-01-13,D,daily,0.7137695137093452,8,5,3,embedding
mixed_raw_daily,mixed_raw,mixed,raw,2025-01-14,D,daily,0.6288227404667281,18,1,17,embedding
mixed_raw_daily,mixed_raw,mixed,raw,2025-01-15,D,daily,0.4806694342256681,22,1,21,embedding
mixed_raw_daily,mixed_raw,mixed,raw,2025-01-16,D,daily,0.7193370741448568,16,5,11,embedding
mixed_raw_daily,mixed_raw,mixed,raw,2025-01-17,D,daily,0.7120076268118558,21,2,19,embedding
mixed_raw_daily,mixed_raw,mixed,raw,2025-01-19,D,daily,0.6023632226038772,14,1,13,embedding
mixed_raw_daily,mixed_raw,mixed,raw,2025-01-20,D,daily,0.5149308263981056,27,7,20,embedding
mixed_raw_daily,mixed_raw,mixed,raw,2025-01-21,D,daily,0.46416248612347544,20,2,18,embedding
mixed_raw_daily,mixed_raw,mixed,raw,2025-01-22,D,daily,0.49314434439674504,20,1,19,embedding
mixed_raw_daily,mixed_raw,mixed,raw,2025-01-23,D,daily,0.48032215304426573,26,7,19,embedding
mixed_raw_daily,mixed_raw,mixed,raw,2025-01-24,D,daily,0.2877116317386901,20,5,15,embedding
mixed_raw_daily,mixed_raw,mixed,raw,2025-01-25,D,daily,0.392279402470903,12,1,11,embedding
mixed_raw_daily,mixed_raw,mixed,raw,2025-01-26,D,daily,0.6048336175667922,16,1,15,embedding
mixed_raw_daily,mixed_raw,mixed,raw,2025-01-27,D,daily,0.6836012828718229,10,2,8,embedding
mixed_raw_daily,mixed_raw,mixed,raw,2025-01-28,D,daily,0.4385805666172471,19,2,17,embedding
mixed_raw_daily,mixed_raw,mixed,raw,2025-01-29,D,daily,0.23699049057879862,23,3,20,embedding
mixed_raw_daily,mixed_raw,mixed,raw,2025-01-30,D,daily,0.4664189013559368,26,5,21,embedding
mixed_raw_daily,mixed_raw,mixed,raw,2025-01-31,D,daily,0.406011139529038,32,3,29,embedding
mixed_raw_daily,mixed_raw,mixed,raw,2025-02-01,D,daily,0.6623547187909226,30,0,30,embedding
mixed_raw_daily,mixed_raw,mixed,raw,2025-02-02,D,daily,0.5679672797723173,14,0,14,embedding
mixed_raw_daily,mixed_raw,mixed,raw,2025-02-03,D,daily,0.3991501070600967,26,6,20,embedding
mixed_raw_daily,mixed_raw,mixed,raw,2025-02-04,D,daily,0.3071605344576426,26,5,21,embedding
mixed_raw_daily,mixed_raw,mixed,raw,2025-02-05,D,daily,0.33042194416461323,23,3,20,embedding
mixed_raw_daily,mixed_raw,mixed,raw,2025-02-06,D,daily,0.42067232992205716,27,7,20,embedding
mixed_raw_daily,mixed_raw,mixed,raw,2025-02-07,D,daily,0.41843196184282583,20,5,15,embedding
mixed_raw_daily,mixed_raw,mixed,raw,2025-02-08,D,daily,0.32618160480310954,9,0,9,embedding
mixed_raw_daily,mixed_raw,mixed,raw,2025-02-09,D,daily,0.6590931242435081,16,1,15,embedding
mixed_raw_daily,mixed_raw,mixed,raw,2025-02-10,D,daily,0.603588624097112,11,1,10,embedding
mixed_raw_daily,mixed_raw,mixed,raw,2025-02-12,D,daily,0.5994546086617905,21,4,17,embedding
mixed_raw_daily,mixed_raw,mixed,raw,2025-02-13,D,daily,0.40023269588375576,15,5,10,embedding
mixed_raw_daily,mixed_raw,mixed,raw,2025-02-14,D,daily,0.3991171266935041,21,4,17,embedding
mixed_raw_daily,mixed_raw,mixed,raw,2025-02-16,D,daily,0.42256021640172725,20,0,20,embedding
mixed_raw_daily,mixed_raw,mixed,raw,2025-02-17,D,daily,0.42454378727477726,10,2,8,embedding
mixed_raw_daily,mixed_raw,mixed,raw,2025-02-18,D,daily,0.42315328293035037,20,0,20,embedding
mixed_raw_daily,mixed_raw,mixed,raw,2025-02-19,D,daily,0.3488321915208632,29,5,24,embedding
mixed_split_minority_day_daily,mixed_split_minority_day,mixed,split_minority_day,2024-02-07,D,daily,0.24892960417445764,8,4,4,embedding
mixed_split_minority_day_daily,mixed_split_minority_day,mixed,split_minority_day,2024-02-08,D,daily,0.4166129559658891,36,18,18,embedding
mixed_split_minority_day_daily,mixed_split_minority_day,mixed,split_minority_day,2024-02-11,D,daily,0.4072532349931095,38,19,19,embedding
mixed_split_minority_day_daily,mixed_split_minority_day,mixed,split_minority_day,2024-02-12,D,daily,0.4338191382378537,38,19,19,embedding
mixed_split_minority_day_daily,mixed_split_minority_day,mixed,split_minority_day,2024-02-15,D,daily,0.4628913500330013,40,20,20,embedding
mixed_split_minority_day_daily,mixed_split_minority_day,mixed,split_minority_day,2024-02-16,D,daily,0.429811214335291,40,20,20,embedding
mixed_split_minority_day_daily,mixed_split_minority_day,mixed,split_minority_day,2024-02-17,D,daily,0.36899822819157024,30,15,15,embedding
mixed_split_minority_day_daily,mixed_split_minority_day,mixed,split_minority_day,2024-02-20,D,daily,0.5286683173284417,38,19,19,embedding
mixed_split_minority_day_daily,mixed_split_minority_day,mixed,split_minority_day,2024-02-22,D,daily,0.5773803273051743,34,17,17,embedding
mixed_split_minority_day_daily,mixed_split_minority_day,mixed,split_minority_day,2024-02-23,D,daily,0.4143407950078475,32,16,16,embedding
mixed_split_minority_day_daily,mixed_split_minority_day,mixed,split_minority_day,2024-02-25,D,daily,0.43078686849086223,46,23,23,embedding
mixed_split_minority_day_daily,mixed_split_minority_day,mixed,split_minority_day,2024-02-26,D,daily,0.6543944040159922,26,13,13,embedding
mixed_split_minority_day_daily,mixed_split_minority_day,mixed,split_minority_day,2024-02-27,D,daily,0.6437935393703426,12,6,6,embedding
mixed_split_minority_day_daily,mixed_split_minority_day,mixed,split_minority_day,2024-02-28,D,daily,0.4452791095959192,44,22,22,embedding
mixed_split_minority_day_daily,mixed_split_minority_day,mixed,split_minority_day,2024-02-29,D,daily,0.9712966233249118,38,19,19,embedding
mixed_split_minority_day_daily,mixed_split_minority_day,mixed,split_minority_day,2024-03-01,D,daily,0.9828343942685572,128,64,64,embedding
mixed_split_minority_day_daily,mixed_split_minority_day,mixed,split_minority_day,2024-03-03,D,daily,0.30278495199986866,30,15,15,embedding
mixed_split_minority_day_daily,mixed_split_minority_day,mixed,split_minority_day,2024-03-04,D,daily,0.34129563166220667,40,20,20,embedding
mixed_split_minority_day_daily,mixed_split_minority_day,mixed,split_minority_day,2024-03-06,D,daily,0.4833293264833064,22,11,11,embedding
mixed_split_minority_day_daily,mixed_split_minority_day,mixed,split_minority_day,2024-03-07,D,daily,0.4973522008207336,30,15,15,embedding
mixed_split_minority_day_daily,mixed_split_minority_day,mixed,split_minority_day,2024-03-08,D,daily,0.45109967536069284,6,3,3,embedding
mixed_split_minority_day_daily,mixed_split_minority_day,mixed,split_minority_day,2024-03-10,D,daily,0.34237626029341395,40,20,20,embedding
mixed_split_minority_day_daily,mixed_split_minority_day,mixed,split_minority_day,2024-03-11,D,daily,0.40222592700849935,32,16,16,embedding
mixed_split_minority_day_daily,mixed_split_minority_day,mixed,split_minority_day,2024-03-12,D,daily,0.5153689272788795,26,13,13,embedding
mixed_split_minority_day_daily,mixed_split_minority_day,mixed,split_minority_day,2024-03-13,D,daily,0.20832593063071314,40,20,20,embedding
mixed_split_minority_day_daily,mixed_split_minority_day,mixed,split_minority_day,2024-03-14,D,daily,0.5179522620749929,28,14,14,embedding
mixed_split_minority_day_daily,mixed_split_minority_day,mixed,split_minority_day,2024-03-16,D,daily,0.4550023926563519,18,9,9,embedding
mixed_split_minority_day_daily,mixed_split_minority_day,mixed,split_minority_day,2024-03-17,D,daily,0.5592918130470448,42,21,21,embedding
mixed_split_minority_day_daily,mixed_split_minority_day,mixed,split_minority_day,2024-03-19,D,daily,0.4578730869446286,8,4,4,embedding
mixed_split_minority_day_daily,mixed_split_minority_day,mixed,split_minority_day,2024-03-20,D,daily,0.518431649935539,38,19,19,embedding
mixed_split_minority_day_daily,mixed_split_minority_day,mixed,split_minority_day,2024-03-21,D,daily,0.3158996725649692,18,9,9,embedding
mixed_split_minority_day_daily,mixed_split_minority_day,mixed,split_minority_day,2024-03-22,D,daily,0.3730131711261554,24,12,12,embedding
mixed_split_minority_day_daily,mixed_split_minority_day,mixed,split_minority_day,2024-03-24,D,daily,0.34899127894407334,30,15,15,embedding
mixed_split_minority_day_daily,mixed_split_minority_day,mixed,split_minority_day,2024-03-25,D,daily,0.411896786971626,24,12,12,embedding
mixed_split_minority_day_daily,mixed_split_minority_day,mixed,split_minority_day,2024-03-26,D,daily,0.5517215586357436,40,20,20,embedding
mixed_split_minority_day_daily,mixed_split_minority_day,mixed,split_minority_day,2024-03-27,D,daily,0.7340644892255246,22,11,11,embedding
mixed_split_minority_day_daily,mixed_split_minority_day,mixed,split_minority_day,2024-03-28,D,daily,0.7210914822794963,36,18,18,embedding
mixed_split_minority_day_daily,mixed_split_minority_day,mixed,split_minority_day,2024-03-29,D,daily,0.41044165166624724,60,30,30,embedding
mixed_split_minority_day_daily,mixed_split_minority_day,mixed,split_minority_day,2024-03-31,D,daily,0.6451004712882861,14,7,7,embedding
mixed_split_minority_day_daily,mixed_split_minority_day,mixed,split_minority_day,2024-04-01,D,daily,0.527270623837185,60,30,30,embedding
mixed_split_minority_day_daily,mixed_split_minority_day,mixed,split_minority_day,2024-04-02,D,daily,0.6059266332385637,36,18,18,embedding
mixed_split_minority_day_daily,mixed_split_minority_day,mixed,split_minority_day,2024-04-04,D,daily,0.5533835895056455,40,20,20,embedding
mixed_split_minority_day_daily,mixed_split_minority_day,mixed,split_minority_day,2024-04-05,D,daily,0.6811574424558063,40,20,20,embedding
mixed_split_minority_day_daily,mixed_split_minority_day,mixed,split_minority_day,2024-04-06,D,daily,0.5278196829857289,26,13,13,embedding
mixed_split_minority_day_daily,mixed_split_minority_day,mixed,split_minority_day,2024-04-07,D,daily,0.37504854090800255,24,12,12,embedding
mixed_split_minority_day_daily,mixed_split_minority_day,mixed,split_minority_day,2024-04-08,D,daily,0.491705581396524,34,17,17,embedding
mixed_split_minority_day_daily,mixed_split_minority_day,mixed,split_minority_day,2024-04-09,D,daily,0.48947125503965705,34,17,17,embedding
mixed_split_minority_day_daily,mixed_split_minority_day,mixed,split_minority_day,2024-04-10,D,daily,0.5583454551252911,40,20,20,embedding
mixed_split_minority_day_daily,mixed_split_minority_day,mixed,split_minority_day,2024-04-12,D,daily,0.5681836637659653,16,8,8,embedding
mixed_split_minority_day_daily,mixed_split_minority_day,mixed,split_minority_day,2024-04-16,D,daily,0.7202495326103083,40,20,20,embedding
mixed_split_minority_day_daily,mixed_split_minority_day,mixed,split_minority_day,2024-04-17,D,daily,0.7810510313421859,10,5,5,embedding
mixed_split_minority_day_daily,mixed_split_minority_day,mixed,split_minority_day,2024-04-24,D,daily,0.5133712446642222,40,20,20,embedding
mixed_split_minority_day_daily,mixed_split_minority_day,mixed,split_minority_day,2024-04-25,D,daily,0.5290807134214125,40,20,20,embedding
mixed_split_minority_day_daily,mixed_split_minority_day,mixed,split_minority_day,2024-04-26,D,daily,0.4148472367271312,30,15,15,embedding
mixed_split_minority_day_daily,mixed_split_minority_day,mixed,split_minority_day,2024-04-27,D,daily,0.5761485620541824,36,18,18,embedding
mixed_split_minority_day_daily,mixed_split_minority_day,mixed,split_minority_day,2024-04-29,D,daily,0.5058837413675776,64,32,32,embedding
mixed_split_minority_day_daily,mixed_split_minority_day,mixed,split_minority_day,2024-04-30,D,daily,0.4603334543524089,72,36,36,embedding
mixed_split_minority_day_daily,mixed_split_minority_day,mixed,split_minority_day,2024-05-01,D,daily,0.30158873367664163,58,29,29,embedding
mixed_split_minority_day_daily,mixed_split_minority_day,mixed,split_minority_day,2024-05-02,D,daily,0.4421737314159322,40,20,20,embedding
mixed_split_minority_day_daily,mixed_split_minority_day,mixed,split_minority_day,2024-05-03,D,daily,0.6249326357675816,22,11,11,embedding
mixed_split_minority_day_daily,mixed_split_minority_day,mixed,split_minority_day,2024-05-05,D,daily,0.6040374897244003,36,18,18,embedding
mixed_split_minority_day_daily,mixed_split_minority_day,mixed,split_minority_day,2024-05-07,D,daily,0.5042998029300674,26,13,13,embedding
mixed_split_minority_day_daily,mixed_split_minority_day,mixed,split_minority_day,2024-05-08,D,daily,0.5864462792318016,18,9,9,embedding
mixed_split_minority_day_daily,mixed_split_minority_day,mixed,split_minority_day,2024-05-09,D,daily,0.7407188206987068,40,20,20,embedding
mixed_split_minority_day_daily,mixed_split_minority_day,mixed,split_minority_day,2024-05-10,D,daily,0.7292285978215444,18,9,9,embedding
mixed_split_minority_day_daily,mixed_split_minority_day,mixed,split_minority_day,2024-05-12,D,daily,0.49577999850712484,40,20,20,embedding
mixed_split_minority_day_daily,mixed_split_minority_day,mixed,split_minority_day,2024-05-13,D,daily,0.36376877108674743,20,10,10,embedding
mixed_split_minority_day_daily,mixed_split_minority_day,mixed,split_minority_day,2024-05-14,D,daily,0.7063600968868899,26,13,13,embedding
mixed_split_minority_day_daily,mixed_split_minority_day,mixed,split_minority_day,2024-05-15,D,daily,0.7809968544224298,32,16,16,embedding
mixed_split_minority_day_daily,mixed_split_minority_day,mixed,split_minority_day,2024-05-16,D,daily,0.5404009674581198,32,16,16,embedding
mixed_split_minority_day_daily,mixed_split_minority_day,mixed,split_minority_day,2024-05-19,D,daily,0.5116819719558716,36,18,18,embedding
mixed_split_minority_day_daily,mixed_split_minority_day,mixed,split_minority_day,2024-05-20,D,daily,0.411381787909916,40,20,20,embedding
mixed_split_minority_day_daily,mixed_split_minority_day,mixed,split_minority_day,2024-05-21,D,daily,0.47001588862535915,6,3,3,embedding
mixed_split_minority_day_daily,mixed_split_minority_day,mixed,split_minority_day,2024-05-22,D,daily,0.30578492776392474,36,18,18,embedding
mixed_split_minority_day_daily,mixed_split_minority_day,mixed,split_minority_day,2024-05-26,D,daily,0.5259092308361388,34,17,17,embedding
mixed_split_minority_day_daily,mixed_split_minority_day,mixed,split_minority_day,2024-05-28,D,daily,0.6275424856276266,36,18,18,embedding
mixed_split_minority_day_daily,mixed_split_minority_day,mixed,split_minority_day,2024-05-29,D,daily,0.6087145935454319,24,12,12,embedding
mixed_split_minority_day_daily,mixed_split_minority_day,mixed,split_minority_day,2024-05-30,D,daily,0.649504048432628,30,15,15,embedding
mixed_split_minority_day_daily,mixed_split_minority_day,mixed,split_minority_day,2024-05-31,D,daily,0.3944854254728343,24,12,12,embedding
mixed_split_minority_day_daily,mixed_split_minority_day,mixed,split_minority_day,2024-06-03,D,daily,0.42247216294360657,24,12,12,embedding
mixed_split_minority_day_daily,mixed_split_minority_day,mixed,split_minority_day,2024-06-04,D,daily,0.44060910254108476,16,8,8,embedding
mixed_split_minority_day_daily,mixed_split_minority_day,mixed,split_minority_day,2024-06-07,D,daily,0.3971167209808112,22,11,11,embedding
mixed_split_minority_day_daily,mixed_split_minority_day,mixed,split_minority_day,2024-06-09,D,daily,0.2790000268695437,32,16,16,embedding
mixed_split_minority_day_daily,mixed_split_minority_day,mixed,split_minority_day,2024-06-10,D,daily,0.33217946687900457,12,6,6,embedding
mixed_split_minority_day_daily,mixed_split_minority_day,mixed,split_minority_day,2024-06-11,D,daily,0.6510095130809115,40,20,20,embedding
mixed_split_minority_day_daily,mixed_split_minority_day,mixed,split_minority_day,2024-06-12,D,daily,0.5874413569470491,32,16,16,embedding
mixed_split_minority_day_daily,mixed_split_minority_day,mixed,split_minority_day,2024-06-13,D,daily,0.7452093330661725,32,16,16,embedding
mixed_split_minority_day_daily,mixed_split_minority_day,mixed,split_minority_day,2024-06-14,D,daily,0.7081293080665789,18,9,9,embedding
mixed_split_minority_day_daily,mixed_split_minority_day,mixed,split_minority_day,2024-06-15,D,daily,0.5649412611848537,10,5,5,embedding
mixed_split_minority_day_daily,mixed_split_minority_day,mixed,split_minority_day,2024-06-16,D,daily,0.634068862343382,40,20,20,embedding
mixed_split_minority_day_daily,mixed_split_minority_day,mixed,split_minority_day,2024-06-18,D,daily,0.4332056291677615,38,19,19,embedding
mixed_split_minority_day_daily,mixed_split_minority_day,mixed,split_minority_day,2024-06-20,D,daily,0.4720266309666814,34,17,17,embedding
mixed_split_minority_day_daily,mixed_split_minority_day,mixed,split_minority_day,2024-06-21,D,daily,0.42775515431270095,22,11,11,embedding
mixed_split_minority_day_daily,mixed_split_minority_day,mixed,split_minority_day,2024-06-22,D,daily,0.38225086253382656,14,7,7,embedding
mixed_split_minority_day_daily,mixed_split_minority_day,mixed,split_minority_day,2024-06-23,D,daily,0.5866623620312115,22,11,11,embedding
mixed_split_minority_day_daily,mixed_split_minority_day,mixed,split_minority_day,2024-06-24,D,daily,0.563569706502346,42,21,21,embedding
mixed_split_minority_day_daily,mixed_split_minority_day,mixed,split_minority_day,2024-06-25,D,daily,0.702636586076911,22,11,11,embedding
mixed_split_minority_day_daily,mixed_split_minority_day,mixed,split_minority_day,2024-06-26,D,daily,0.5564053429760367,40,20,20,embedding
mixed_split_minority_day_daily,mixed_split_minority_day,mixed,split_minority_day,2024-06-27,D,daily,0.42211355926413796,26,13,13,embedding
mixed_split_minority_day_daily,mixed_split_minority_day,mixed,split_minority_day,2024-06-28,D,daily,0.41931173295756485,42,21,21,embedding
mixed_split_minority_day_daily,mixed_split_minority_day,mixed,split_minority_day,2024-06-29,D,daily,0.521118412664836,28,14,14,embedding
mixed_split_minority_day_daily,mixed_split_minority_day,mixed,split_minority_day,2024-07-01,D,daily,0.5065193433608793,84,42,42,embedding
mixed_split_minority_day_daily,mixed_split_minority_day,mixed,split_minority_day,2024-07-02,D,daily,0.3200261828449126,50,25,25,embedding
mixed_split_minority_day_daily,mixed_split_minority_day,mixed,split_minority_day,2024-07-03,D,daily,0.5398842698477836,28,14,14,embedding
mixed_split_minority_day_daily,mixed_split_minority_day,mixed,split_minority_day,2024-07-05,D,daily,0.6535311548286704,10,5,5,embedding
mixed_split_minority_day_daily,mixed_split_minority_day,mixed,split_minority_day,2024-07-06,D,daily,0.6036150382702723,10,5,5,embedding
mixed_split_minority_day_daily,mixed_split_minority_day,mixed,split_minority_day,2024-07-07,D,daily,0.46731015820998545,20,10,10,embedding
mixed_split_minority_day_daily,mixed_split_minority_day,mixed,split_minority_day,2024-07-08,D,daily,0.49471676365997475,28,14,14,embedding
mixed_split_minority_day_daily,mixed_split_minority_day,mixed,split_minority_day,2024-07-09,D,daily,0.39978919053114537,18,9,9,embedding
mixed_split_minority_day_daily,mixed_split_minority_day,mixed,split_minority_day,2024-07-10,D,daily,0.26770302380237143,42,21,21,embedding
mixed_split_minority_day_daily,mixed_split_minority_day,mixed,split_minority_day,2024-07-11,D,daily,0.2995016053577516,40,20,20,embedding
mixed_split_minority_day_daily,mixed_split_minority_day,mixed,split_minority_day,2024-07-13,D,daily,0.13108623762351979,14,7,7,embedding
mixed_split_minority_day_daily,mixed_split_minority_day,mixed,split_minority_day,2024-07-14,D,daily,0.49245015365332145,62,31,31,embedding
mixed_split_minority_day_daily,mixed_split_minority_day,mixed,split_minority_day,2024-07-17,D,daily,0.7625079393066696,40,20,20,embedding
mixed_split_minority_day_daily,mixed_split_minority_day,mixed,split_minority_day,2024-07-18,D,daily,0.6750839091081065,40,20,20,embedding
mixed_split_minority_day_daily,mixed_split_minority_day,mixed,split_minority_day,2024-07-19,D,daily,0.3922603997872196,40,20,20,embedding
mixed_split_minority_day_daily,mixed_split_minority_day,mixed,split_minority_day,2024-07-20,D,daily,0.2672459215472518,26,13,13,embedding
mixed_split_minority_day_daily,mixed_split_minority_day,mixed,split_minority_day,2024-07-21,D,daily,0.23490376193405937,26,13,13,embedding
mixed_split_minority_day_daily,mixed_split_minority_day,mixed,split_minority_day,2024-07-23,D,daily,0.6359194544170145,40,20,20,embedding
mixed_split_minority_day_daily,mixed_split_minority_day,mixed,split_minority_day,2024-07-25,D,daily,0.6885757948621858,22,11,11,embedding
mixed_split_minority_day_daily,mixed_split_minority_day,mixed,split_minority_day,2024-07-26,D,daily,0.14527871771260248,42,21,21,embedding
mixed_split_minority_day_daily,mixed_split_minority_day,mixed,split_minority_day,2024-07-27,D,daily,0.21038141367998098,16,8,8,embedding
mixed_split_minority_day_daily,mixed_split_minority_day,mixed,split_minority_day,2024-07-30,D,daily,0.47260918133428154,40,20,20,embedding
mixed_split_minority_day_daily,mixed_split_minority_day,mixed,split_minority_day,2024-08-01,D,daily,0.48075767918261414,136,68,68,embedding
mixed_split_minority_day_daily,mixed_split_minority_day,mixed,split_minority_day,2024-08-02,D,daily,0.2735218382370366,30,15,15,embedding
mixed_split_minority_day_daily,mixed_split_minority_day,mixed,split_minority_day,2024-08-03,D,daily,0.19729845169881544,42,21,21,embedding
mixed_split_minority_day_daily,mixed_split_minority_day,mixed,split_minority_day,2024-08-04,D,daily,0.42971426769775634,30,15,15,embedding
mixed_split_minority_day_daily,mixed_split_minority_day,mixed,split_minority_day,2024-08-05,D,daily,0.9041393324839004,8,4,4,embedding
mixed_split_minority_day_daily,mixed_split_minority_day,mixed,split_minority_day,2024-08-06,D,daily,0.7750642466764419,34,17,17,embedding
mixed_split_minority_day_daily,mixed_split_minority_day,mixed,split_minority_day,2024-08-07,D,daily,0.5299161361228024,18,9,9,embedding
mixed_split_minority_day_daily,mixed_split_minority_day,mixed,split_minority_day,2024-08-08,D,daily,0.40183969269724706,28,14,14,embedding
mixed_split_minority_day_daily,mixed_split_minority_day,mixed,split_minority_day,2024-08-09,D,daily,0.19225814720568613,16,8,8,embedding
mixed_split_minority_day_daily,mixed_split_minority_day,mixed,split_minority_day,2024-08-13,D,daily,0.30629186283115795,46,23,23,embedding
mixed_split_minority_day_daily,mixed_split_minority_day,mixed,split_minority_day,2024-08-14,D,daily,0.3246640182594672,34,17,17,embedding
mixed_split_minority_day_daily,mixed_split_minority_day,mixed,split_minority_day,2024-08-15,D,daily,0.23422703742600626,44,22,22,embedding
mixed_split_minority_day_daily,mixed_split_minority_day,mixed,split_minority_day,2024-08-16,D,daily,0.5444383280548948,10,5,5,embedding
mixed_split_minority_day_daily,mixed_split_minority_day,mixed,split_minority_day,2024-08-17,D,daily,0.5453206267402699,14,7,7,embedding
mixed_split_minority_day_daily,mixed_split_minority_day,mixed,split_minority_day,2024-08-20,D,daily,0.24074418950703125,28,14,14,embedding
mixed_split_minority_day_daily,mixed_split_minority_day,mixed,split_minority_day,2024-08-21,D,daily,0.23233653257117926,38,19,19,embedding
mixed_split_minority_day_daily,mixed_split_minority_day,mixed,split_minority_day,2024-08-22,D,daily,0.3355265247516581,38,19,19,embedding
mixed_split_minority_day_daily,mixed_split_minority_day,mixed,split_minority_day,2024-08-23,D,daily,0.3533433982455232,30,15,15,embedding
mixed_split_minority_day_daily,mixed_split_minority_day,mixed,split_minority_day,2024-08-24,D,daily,0.3341950548103406,24,12,12,embedding
mixed_split_minority_day_daily,mixed_split_minority_day,mixed,split_minority_day,2024-08-26,D,daily,0.4393780822498584,26,13,13,embedding
mixed_split_minority_day_daily,mixed_split_minority_day,mixed,split_minority_day,2024-08-27,D,daily,0.4859999531504613,30,15,15,embedding
mixed_split_minority_day_daily,mixed_split_minority_day,mixed,split_minority_day,2024-08-28,D,daily,0.38649963743675964,38,19,19,embedding
mixed_split_minority_day_daily,mixed_split_minority_day,mixed,split_minority_day,2024-08-31,D,daily,0.45230755028569225,32,16,16,embedding
mixed_split_minority_day_daily,mixed_split_minority_day,mixed,split_minority_day,2024-09-02,D,daily,0.35798895349329696,30,15,15,embedding
mixed_split_minority_day_daily,mixed_split_minority_day,mixed,split_minority_day,2024-09-03,D,daily,0.5577953715621435,12,6,6,embedding
mixed_split_minority_day_daily,mixed_split_minority_day,mixed,split_minority_day,2024-09-04,D,daily,0.24764313998805654,34,17,17,embedding
mixed_split_minority_day_daily,mixed_split_minority_day,mixed,split_minority_day,2024-09-05,D,daily,0.34363697876984034,30,15,15,embedding
mixed_split_minority_day_daily,mixed_split_minority_day,mixed,split_minority_day,2024-09-06,D,daily,0.42651669486586663,34,17,17,embedding
mixed_split_minority_day_daily,mixed_split_minority_day,mixed,split_minority_day,2024-09-09,D,daily,0.5439228493169309,40,20,20,embedding
mixed_split_minority_day_daily,mixed_split_minority_day,mixed,split_minority_day,2024-09-10,D,daily,0.7292375698136053,26,13,13,embedding
mixed_split_minority_day_daily,mixed_split_minority_day,mixed,split_minority_day,2024-09-11,D,daily,0.4590993396960549,40,20,20,embedding
mixed_split_minority_day_daily,mixed_split_minority_day,mixed,split_minority_day,2024-09-12,D,daily,0.33599066901495067,18,9,9,embedding
mixed_split_minority_day_daily,mixed_split_minority_day,mixed,split_minority_day,2024-09-13,D,daily,0.7261894786203774,40,20,20,embedding
mixed_split_minority_day_daily,mixed_split_minority_day,mixed,split_minority_day,2024-09-14,D,daily,0.6812769753979312,6,3,3,embedding
mixed_split_minority_day_daily,mixed_split_minority_day,mixed,split_minority_day,2024-09-16,D,daily,0.3392350938485843,22,11,11,embedding
mixed_split_minority_day_daily,mixed_split_minority_day,mixed,split_minority_day,2024-09-17,D,daily,0.4021652345387827,40,20,20,embedding
mixed_split_minority_day_daily,mixed_split_minority_day,mixed,split_minority_day,2024-09-18,D,daily,0.2543643782925856,28,14,14,embedding
mixed_split_minority_day_daily,mixed_split_minority_day,mixed,split_minority_day,2024-09-19,D,daily,0.5523168071928226,26,13,13,embedding
mixed_split_minority_day_daily,mixed_split_minority_day,mixed,split_minority_day,2024-09-20,D,daily,0.6472132540708135,40,20,20,embedding
mixed_split_minority_day_daily,mixed_split_minority_day,mixed,split_minority_day,2024-09-23,D,daily,0.6208165988587707,40,20,20,embedding
mixed_split_minority_day_daily,mixed_split_minority_day,mixed,split_minority_day,2024-09-24,D,daily,0.36324932560534173,32,16,16,embedding
mixed_split_minority_day_daily,mixed_split_minority_day,mixed,split_minority_day,2024-09-25,D,daily,0.38759223761128436,42,21,21,embedding
mixed_split_minority_day_daily,mixed_split_minority_day,mixed,split_minority_day,2024-09-27,D,daily,0.3806698603558659,32,16,16,embedding
mixed_split_minority_day_daily,mixed_split_minority_day,mixed,split_minority_day,2024-09-30,D,daily,0.34040187679793865,48,24,24,embedding
mixed_split_minority_day_daily,mixed_split_minority_day,mixed,split_minority_day,2024-10-01,D,daily,0.562238067432734,128,64,64,embedding
mixed_split_minority_day_daily,mixed_split_minority_day,mixed,split_minority_day,2024-10-02,D,daily,0.5376589036298696,20,10,10,embedding
mixed_split_minority_day_daily,mixed_split_minority_day,mixed,split_minority_day,2024-10-03,D,daily,0.46836301905655087,34,17,17,embedding
mixed_split_minority_day_daily,mixed_split_minority_day,mixed,split_minority_day,2024-10-04,D,daily,0.4446572563407485,24,12,12,embedding
mixed_split_minority_day_daily,mixed_split_minority_day,mixed,split_minority_day,2024-10-05,D,daily,0.31015619203218403,20,10,10,embedding
mixed_split_minority_day_daily,mixed_split_minority_day,mixed,split_minority_day,2024-10-07,D,daily,0.3199227325489905,22,11,11,embedding
mixed_split_minority_day_daily,mixed_split_minority_day,mixed,split_minority_day,2024-10-09,D,daily,0.28121419563520733,24,12,12,embedding
mixed_split_minority_day_daily,mixed_split_minority_day,mixed,split_minority_day,2024-10-10,D,daily,0.3687093315705843,24,12,12,embedding
mixed_split_minority_day_daily,mixed_split_minority_day,mixed,split_minority_day,2024-10-11,D,daily,0.37349954027070265,50,25,25,embedding
mixed_split_minority_day_daily,mixed_split_minority_day,mixed,split_minority_day,2024-10-12,D,daily,0.24855856276077493,22,11,11,embedding
mixed_split_minority_day_daily,mixed_split_minority_day,mixed,split_minority_day,2024-10-13,D,daily,0.38896269164811026,44,22,22,embedding
mixed_split_minority_day_daily,mixed_split_minority_day,mixed,split_minority_day,2024-10-14,D,daily,0.42615669358679265,26,13,13,embedding
mixed_split_minority_day_daily,mixed_split_minority_day,mixed,split_minority_day,2024-10-15,D,daily,0.644313042090592,8,4,4,embedding
mixed_split_minority_day_daily,mixed_split_minority_day,mixed,split_minority_day,2024-10-16,D,daily,0.6370716472277604,50,25,25,embedding
mixed_split_minority_day_daily,mixed_split_minority_day,mixed,split_minority_day,2024-10-17,D,daily,0.4164509991939609,34,17,17,embedding
mixed_split_minority_day_daily,mixed_split_minority_day,mixed,split_minority_day,2024-10-18,D,daily,0.28080741148740085,28,14,14,embedding
mixed_split_minority_day_daily,mixed_split_minority_day,mixed,split_minority_day,2024-10-19,D,daily,0.36072547405229693,14,7,7,embedding
mixed_split_minority_day_daily,mixed_split_minority_day,mixed,split_minority_day,2024-10-20,D,daily,0.8631151981106888,32,16,16,embedding
mixed_split_minority_day_daily,mixed_split_minority_day,mixed,split_minority_day,2024-10-21,D,daily,0.7330001612542878,20,10,10,embedding
mixed_split_minority_day_daily,mixed_split_minority_day,mixed,split_minority_day,2024-10-23,D,daily,0.2616198742963357,40,20,20,embedding
mixed_split_minority_day_daily,mixed_split_minority_day,mixed,split_minority_day,2024-10-24,D,daily,0.5594529372355693,34,17,17,embedding
mixed_split_minority_day_daily,mixed_split_minority_day,mixed,split_minority_day,2024-10-25,D,daily,0.6707164927071873,46,23,23,embedding
mixed_split_minority_day_daily,mixed_split_minority_day,mixed,split_minority_day,2024-10-26,D,daily,0.25663932332487327,10,5,5,embedding
mixed_split_minority_day_daily,mixed_split_minority_day,mixed,split_minority_day,2024-10-27,D,daily,0.3377028790669001,42,21,21,embedding
mixed_split_minority_day_daily,mixed_split_minority_day,mixed,split_minority_day,2024-10-28,D,daily,0.4370132860950463,38,19,19,embedding
mixed_split_minority_day_daily,mixed_split_minority_day,mixed,split_minority_day,2024-10-31,D,daily,0.42682942180521943,76,38,38,embedding
mixed_split_minority_day_daily,mixed_split_minority_day,mixed,split_minority_day,2024-11-01,D,daily,0.2628083819020217,106,53,53,embedding
mixed_split_minority_day_daily,mixed_split_minority_day,mixed,split_minority_day,2024-11-03,D,daily,0.3794947655686798,24,12,12,embedding
mixed_split_minority_day_daily,mixed_split_minority_day,mixed,split_minority_day,2024-11-04,D,daily,0.502026932138649,54,27,27,embedding
mixed_split_minority_day_daily,mixed_split_minority_day,mixed,split_minority_day,2024-11-05,D,daily,0.4335673615652931,40,20,20,embedding
mixed_split_minority_day_daily,mixed_split_minority_day,mixed,split_minority_day,2024-11-06,D,daily,0.3226253727332353,40,20,20,embedding
mixed_split_minority_day_daily,mixed_split_minority_day,mixed,split_minority_day,2024-11-08,D,daily,0.4144929424952486,40,20,20,embedding
mixed_split_minority_day_daily,mixed_split_minority_day,mixed,split_minority_day,2024-11-09,D,daily,0.3048817199349365,10,5,5,embedding
mixed_split_minority_day_daily,mixed_split_minority_day,mixed,split_minority_day,2024-11-13,D,daily,0.5347558980575796,30,15,15,embedding
mixed_split_minority_day_daily,mixed_split_minority_day,mixed,split_minority_day,2024-11-14,D,daily,0.28612369779137925,8,4,4,embedding
mixed_split_minority_day_daily,mixed_split_minority_day,mixed,split_minority_day,2024-11-15,D,daily,0.45065006476587166,36,18,18,embedding
mixed_split_minority_day_daily,mixed_split_minority_day,mixed,split_minority_day,2024-11-17,D,daily,0.4804519870298366,16,8,8,embedding
mixed_split_minority_day_daily,mixed_split_minority_day,mixed,split_minority_day,2024-11-18,D,daily,0.5997960256137516,18,9,9,embedding
mixed_split_minority_day_daily,mixed_split_minority_day,mixed,split_minority_day,2024-11-20,D,daily,0.40558453758229973,46,23,23,embedding
mixed_split_minority_day_daily,mixed_split_minority_day,mixed,split_minority_day,2024-11-21,D,daily,0.27783179747970954,30,15,15,embedding
mixed_split_minority_day_daily,mixed_split_minority_day,mixed,split_minority_day,2024-11-22,D,daily,0.2793415444626183,14,7,7,embedding
mixed_split_minority_day_daily,mixed_split_minority_day,mixed,split_minority_day,2024-11-23,D,daily,0.2247461682271853,38,19,19,embedding
mixed_split_minority_day_daily,mixed_split_minority_day,mixed,split_minority_day,2024-11-24,D,daily,0.6805196415639967,28,14,14,embedding
mixed_split_minority_day_daily,mixed_split_minority_day,mixed,split_minority_day,2024-11-25,D,daily,0.639781534715024,14,7,7,embedding
mixed_split_minority_day_daily,mixed_split_minority_day,mixed,split_minority_day,2024-11-26,D,daily,0.496461780993795,20,10,10,embedding
mixed_split_minority_day_daily,mixed_split_minority_day,mixed,split_minority_day,2024-11-27,D,daily,0.3248396761157454,24,12,12,embedding
mixed_split_minority_day_daily,mixed_split_minority_day,mixed,split_minority_day,2024-11-28,D,daily,0.2868671071961577,26,13,13,embedding
mixed_split_minority_day_daily,mixed_split_minority_day,mixed,split_minority_day,2024-11-29,D,daily,0.5439069200226267,50,25,25,embedding
mixed_split_minority_day_daily,mixed_split_minority_day,mixed,split_minority_day,2024-12-01,D,daily,0.6302374631262462,66,33,33,embedding
mixed_split_minority_day_daily,mixed_split_minority_day,mixed,split_minority_day,2024-12-03,D,daily,0.42985200275055413,40,20,20,embedding
mixed_split_minority_day_daily,mixed_split_minority_day,mixed,split_minority_day,2024-12-04,D,daily,0.34239166577381397,38,19,19,embedding
mixed_split_minority_day_daily,mixed_split_minority_day,mixed,split_minority_day,2024-12-06,D,daily,0.4340334398325988,22,11,11,embedding
mixed_split_minority_day_daily,mixed_split_minority_day,mixed,split_minority_day,2024-12-08,D,daily,0.5530949594988486,38,19,19,embedding
mixed_split_minority_day_daily,mixed_split_minority_day,mixed,split_minority_day,2024-12-09,D,daily,0.35611867980308265,10,5,5,embedding
mixed_split_minority_day_daily,mixed_split_minority_day,mixed,split_minority_day,2024-12-11,D,daily,0.46361752210662033,22,11,11,embedding
mixed_split_minority_day_daily,mixed_split_minority_day,mixed,split_minority_day,2024-12-12,D,daily,0.5097459599651858,8,4,4,embedding
mixed_split_minority_day_daily,mixed_split_minority_day,mixed,split_minority_day,2024-12-13,D,daily,0.7023391379227917,26,13,13,embedding
mixed_split_minority_day_daily,mixed_split_minority_day,mixed,split_minority_day,2024-12-15,D,daily,0.6141881154063703,34,17,17,embedding
mixed_split_minority_day_daily,mixed_split_minority_day,mixed,split_minority_day,2024-12-16,D,daily,0.43633986130299485,26,13,13,embedding
mixed_split_minority_day_daily,mixed_split_minority_day,mixed,split_minority_day,2024-12-17,D,daily,0.30188808737058803,36,18,18,embedding
mixed_split_minority_day_daily,mixed_split_minority_day,mixed,split_minority_day,2024-12-18,D,daily,0.6856925658581734,40,20,20,embedding
mixed_split_minority_day_daily,mixed_split_minority_day,mixed,split_minority_day,2024-12-19,D,daily,0.6471133575781653,32,16,16,embedding
mixed_split_minority_day_daily,mixed_split_minority_day,mixed,split_minority_day,2024-12-20,D,daily,0.34754149394260847,26,13,13,embedding
mixed_split_minority_day_daily,mixed_split_minority_day,mixed,split_minority_day,2024-12-21,D,daily,0.3630641759458344,20,10,10,embedding
mixed_split_minority_day_daily,mixed_split_minority_day,mixed,split_minority_day,2024-12-23,D,daily,0.340277539619125,16,8,8,embedding
mixed_split_minority_day_daily,mixed_split_minority_day,mixed,split_minority_day,2024-12-24,D,daily,0.29912197759039505,16,8,8,embedding
mixed_split_minority_day_daily,mixed_split_minority_day,mixed,split_minority_day,2024-12-27,D,daily,0.3523943123956411,26,13,13,embedding
mixed_split_minority_day_daily,mixed_split_minority_day,mixed,split_minority_day,2024-12-30,D,daily,0.47070487463177835,28,14,14,embedding
mixed_split_minority_day_daily,mixed_split_minority_day,mixed,split_minority_day,2025-01-01,D,daily,0.4432588164960296,32,16,16,embedding
mixed_split_minority_day_daily,mixed_split_minority_day,mixed,split_minority_day,2025-01-03,D,daily,0.43816858273201786,30,15,15,embedding
mixed_split_minority_day_daily,mixed_split_minority_day,mixed,split_minority_day,2025-01-04,D,daily,0.4916034461843448,10,5,5,embedding
mixed_split_minority_day_daily,mixed_split_minority_day,mixed,split_minority_day,2025-01-05,D,daily,0.3810382994983921,36,18,18,embedding
mixed_split_minority_day_daily,mixed_split_minority_day,mixed,split_minority_day,2025-01-06,D,daily,0.3496572660329422,32,16,16,embedding
mixed_split_minority_day_daily,mixed_split_minority_day,mixed,split_minority_day,2025-01-07,D,daily,0.3772223033084714,16,8,8,embedding
mixed_split_minority_day_daily,mixed_split_minority_day,mixed,split_minority_day,2025-01-08,D,daily,0.29673734833591536,40,20,20,embedding
mixed_split_minority_day_daily,mixed_split_minority_day,mixed,split_minority_day,2025-01-09,D,daily,0.29216728124458013,28,14,14,embedding
mixed_split_minority_day_daily,mixed_split_minority_day,mixed,split_minority_day,2025-01-10,D,daily,0.3353984438036689,6,3,3,embedding
mixed_split_minority_day_daily,mixed_split_minority_day,mixed,split_minority_day,2025-01-11,D,daily,0.32025010169438006,34,17,17,embedding
mixed_split_minority_day_daily,mixed_split_minority_day,mixed,split_minority_day,2025-01-12,D,daily,0.31154308004092135,10,5,5,embedding
mixed_split_minority_day_daily,mixed_split_minority_day,mixed,split_minority_day,2025-01-13,D,daily,0.714896369296002,10,5,5,embedding
mixed_split_minority_day_daily,mixed_split_minority_day,mixed,split_minority_day,2025-01-14,D,daily,0.6200044188764475,34,17,17,embedding
mixed_split_minority_day_daily,mixed_split_minority_day,mixed,split_minority_day,2025-01-15,D,daily,0.4605424335528534,42,21,21,embedding
mixed_split_minority_day_daily,mixed_split_minority_day,mixed,split_minority_day,2025-01-16,D,daily,0.7065475694792107,22,11,11,embedding
mixed_split_minority_day_daily,mixed_split_minority_day,mixed,split_minority_day,2025-01-17,D,daily,0.5971869711681311,38,19,19,embedding
mixed_split_minority_day_daily,mixed_split_minority_day,mixed,split_minority_day,2025-01-19,D,daily,0.5035606394473411,26,13,13,embedding
mixed_split_minority_day_daily,mixed_split_minority_day,mixed,split_minority_day,2025-01-20,D,daily,0.47872997373500636,40,20,20,embedding
mixed_split_minority_day_daily,mixed_split_minority_day,mixed,split_minority_day,2025-01-21,D,daily,0.443948572567855,36,18,18,embedding
mixed_split_minority_day_daily,mixed_split_minority_day,mixed,split_minority_day,2025-01-22,D,daily,0.4875852705196798,38,19,19,embedding
mixed_split_minority_day_daily,mixed_split_minority_day,mixed,split_minority_day,2025-01-23,D,daily,0.48032215304426573,38,19,19,embedding
mixed_split_minority_day_daily,mixed_split_minority_day,mixed,split_minority_day,2025-01-24,D,daily,0.26869081617190704,30,15,15,embedding
mixed_split_minority_day_daily,mixed_split_minority_day,mixed,split_minority_day,2025-01-25,D,daily,0.35098873376800743,22,11,11,embedding
mixed_split_minority_day_daily,mixed_split_minority_day,mixed,split_minority_day,2025-01-26,D,daily,0.5873918561367916,30,15,15,embedding
mixed_split_minority_day_daily,mixed_split_minority_day,mixed,split_minority_day,2025-01-27,D,daily,0.640434312429054,16,8,8,embedding
mixed_split_minority_day_daily,mixed_split_minority_day,mixed,split_minority_day,2025-01-28,D,daily,0.4385805666172471,34,17,17,embedding
mixed_split_minority_day_daily,mixed_split_minority_day,mixed,split_minority_day,2025-01-29,D,daily,0.23699049057879862,40,20,20,embedding
mixed_split_minority_day_daily,mixed_split_minority_day,mixed,split_minority_day,2025-01-30,D,daily,0.4664189013559368,42,21,21,embedding
mixed_split_minority_day_daily,mixed_split_minority_day,mixed,split_minority_day,2025-01-31,D,daily,0.4097839618643584,58,29,29,embedding
mixed_split_minority_day_daily,mixed_split_minority_day,mixed,split_minority_day,2025-02-03,D,daily,0.3864222479118786,40,20,20,embedding
mixed_split_minority_day_daily,mixed_split_minority_day,mixed,split_minority_day,2025-02-04,D,daily,0.3071605344576426,42,21,21,embedding
mixed_split_minority_day_daily,mixed_split_minority_day,mixed,split_minority_day,2025-02-05,D,daily,0.33042194416461323,40,20,20,embedding
mixed_split_minority_day_daily,mixed_split_minority_day,mixed,split_minority_day,2025-02-06,D,daily,0.3792583426420697,40,20,20,embedding
mixed_split_minority_day_daily,mixed_split_minority_day,mixed,split_minority_day,2025-02-07,D,daily,0.37839206608459974,30,15,15,embedding
mixed_split_minority_day_daily,mixed_split_minority_day,mixed,split_minority_day,2025-02-09,D,daily,0.6126904640196352,30,15,15,embedding
mixed_split_minority_day_daily,mixed_split_minority_day,mixed,split_minority_day,2025-02-10,D,daily,0.605207292941524,20,10,10,embedding
mixed_split_minority_day_daily,mixed_split_minority_day,mixed,split_minority_day,2025-02-12,D,daily,0.5976409136925063,34,17,17,embedding
mixed_split_minority_day_daily,mixed_split_minority_day,mixed,split_minority_day,2025-02-13,D,daily,0.41819142029398193,20,10,10,embedding
mixed_split_minority_day_daily,mixed_split_minority_day,mixed,split_minority_day,2025-02-14,D,daily,0.4215430475672767,34,17,17,embedding
mixed_split_minority_day_daily,mixed_split_minority_day,mixed,split_minority_day,2025-02-17,D,daily,0.39388648834188944,16,8,8,embedding
mixed_split_minority_day_daily,mixed_split_minority_day,mixed,split_minority_day,2025-02-19,D,daily,0.4082311652001197,48,24,24,embedding
right_none_daily,right_none,right,none,2024-02-06,D,daily,0.26930545014168605,16,0,16,embedding
right_none_daily,right_none,right,none,2024-02-08,D,daily,0.31149775257194146,18,0,18,embedding
right_none_daily,right_none,right,none,2024-02-10,D,daily,0.39606208884676364,13,0,13,embedding
right_none_daily,right_none,right,none,2024-02-11,D,daily,0.5094205908715342,19,0,19,embedding
right_none_daily,right_none,right,none,2024-02-12,D,daily,0.4338191382378537,19,0,19,embedding
right_none_daily,right_none,right,none,2024-02-15,D,daily,0.4744144974779927,20,0,20,embedding
right_none_daily,right_none,right,none,2024-02-16,D,daily,0.2850729966574247,20,0,20,embedding
right_none_daily,right_none,right,none,2024-02-17,D,daily,0.33773971382063683,15,0,15,embedding
right_none_daily,right_none,right,none,2024-02-18,D,daily,0.3879824972072917,21,0,21,embedding
right_none_daily,right_none,right,none,2024-02-19,D,daily,0.5448541504956871,9,0,9,embedding
right_none_daily,right_none,right,none,2024-02-20,D,daily,0.5635208145499466,19,0,19,embedding
right_none_daily,right_none,right,none,2024-02-22,D,daily,0.46364074670764976,17,0,17,embedding
right_none_daily,right_none,right,none,2024-02-23,D,daily,0.38920757521647553,16,0,16,embedding
right_none_daily,right_none,right,none,2024-02-25,D,daily,0.4561829867585344,23,0,23,embedding
right_none_daily,right_none,right,none,2024-02-26,D,daily,0.6379612369643249,13,0,13,embedding
right_none_daily,right_none,right,none,2024-02-27,D,daily,0.6409896942746804,6,0,6,embedding
right_none_daily,right_none,right,none,2024-02-28,D,daily,0.39228131808959366,22,0,22,embedding
right_none_daily,right_none,right,none,2024-02-29,D,daily,0.4597663006512378,19,0,19,embedding
right_none_daily,right_none,right,none,2024-03-01,D,daily,0.416097580435944,64,0,64,embedding
right_none_daily,right_none,right,none,2024-03-02,D,daily,0.42496658217105265,16,0,16,embedding
right_none_daily,right_none,right,none,2024-03-03,D,daily,0.3978042961580962,15,0,15,embedding
right_none_daily,right_none,right,none,2024-03-04,D,daily,0.3596816492024898,20,0,20,embedding
right_none_daily,right_none,right,none,2024-03-06,D,daily,0.3426487215847629,11,0,11,embedding
right_none_daily,right_none,right,none,2024-03-07,D,daily,0.43749222750662575,15,0,15,embedding
right_none_daily,right_none,right,none,2024-03-09,D,daily,0.42043563137644324,9,0,9,embedding
right_none_daily,right_none,right,none,2024-03-10,D,daily,0.47338886635508404,20,0,20,embedding
right_none_daily,right_none,right,none,2024-03-11,D,daily,0.505164426367106,16,0,16,embedding
right_none_daily,right_none,right,none,2024-03-12,D,daily,0.42527316583804864,13,0,13,embedding
right_none_daily,right_none,right,none,2024-03-13,D,daily,0.564611574711686,20,0,20,embedding
right_none_daily,right_none,right,none,2024-03-14,D,daily,0.3182403236301915,14,0,14,embedding
right_none_daily,right_none,right,none,2024-03-16,D,daily,0.42156375779628585,9,0,9,embedding
right_none_daily,right_none,right,none,2024-03-17,D,daily,0.5378247248259176,21,0,21,embedding
right_none_daily,right_none,right,none,2024-03-18,D,daily,0.5162534311715861,12,0,12,embedding
right_none_daily,right_none,right,none,2024-03-20,D,daily,0.4082699736612849,19,0,19,embedding
right_none_daily,right_none,right,none,2024-03-21,D,daily,0.3752220548664583,9,0,9,embedding
right_none_daily,right_none,right,none,2024-03-22,D,daily,0.3782554189211129,12,0,12,embedding
right_none_daily,right_none,right,none,2024-03-23,D,daily,0.4388499885158309,6,0,6,embedding
right_none_daily,right_none,right,none,2024-03-24,D,daily,0.3818125792832858,15,0,15,embedding
right_none_daily,right_none,right,none,2024-03-25,D,daily,0.41389160971323724,12,0,12,embedding
right_none_daily,right_none,right,none,2024-03-26,D,daily,0.2963879898425489,20,0,20,embedding
right_none_daily,right_none,right,none,2024-03-27,D,daily,0.27480518017420774,11,0,11,embedding
right_none_daily,right_none,right,none,2024-03-28,D,daily,0.332723886112964,18,0,18,embedding
right_none_daily,right_none,right,none,2024-03-29,D,daily,0.5577676986298459,30,0,30,embedding
right_none_daily,right_none,right,none,2024-03-30,D,daily,0.674628634450032,28,0,28,embedding
right_none_daily,right_none,right,none,2024-03-31,D,daily,0.3941578457814141,7,0,7,embedding
right_none_daily,right_none,right,none,2024-04-01,D,daily,0.18884166376634381,30,0,30,embedding
right_none_daily,right_none,right,none,2024-04-02,D,daily,0.30224918431414205,18,0,18,embedding
right_none_daily,right_none,right,none,2024-04-03,D,daily,0.2969995761794857,19,0,19,embedding
right_none_daily,right_none,right,none,2024-04-04,D,daily,0.34826837241650377,20,0,20,embedding
right_none_daily,right_none,right,none,2024-04-05,D,daily,0.5590423503495656,20,0,20,embedding
right_none_daily,right_none,right,none,2024-04-06,D,daily,0.3509360399517204,13,0,13,embedding
right_none_daily,right_none,right,none,2024-04-07,D,daily,0.31632957264985373,12,0,12,embedding
right_none_daily,right_none,right,none,2024-04-08,D,daily,0.4822319867181286,17,0,17,embedding
right_none_daily,right_none,right,none,2024-04-09,D,daily,0.4401840807027544,17,0,17,embedding
right_none_daily,right_none,right,none,2024-04-10,D,daily,0.42869645696328096,20,0,20,embedding
right_none_daily,right_none,right,none,2024-04-12,D,daily,0.37166309500368244,8,0,8,embedding
right_none_daily,right_none,right,none,2024-04-13,D,daily,0.3459049805382082,6,0,6,embedding
right_none_daily,right_none,right,none,2024-04-14,D,daily,0.33082212936096533,14,0,14,embedding
right_none_daily,right_none,right,none,2024-04-16,D,daily,0.38147692303528546,20,0,20,embedding
right_none_daily,right_none,right,none,2024-04-17,D,daily,0.5660966828063294,5,0,5,embedding
right_none_daily,right_none,right,none,2024-04-20,D,daily,0.5737638125227411,5,0,5,embedding
right_none_daily,right_none,right,none,2024-04-21,D,daily,0.35635816000872056,12,0,12,embedding
right_none_daily,right_none,right,none,2024-04-23,D,daily,0.6330777321413141,16,0,16,embedding
right_none_daily,right_none,right,none,2024-04-24,D,daily,0.4805125880750911,20,0,20,embedding
right_none_daily,right_none,right,none,2024-04-25,D,daily,0.5006615795931566,20,0,20,embedding
right_none_daily,right_none,right,none,2024-04-26,D,daily,0.35195725547865486,15,0,15,embedding
right_none_daily,right_none,right,none,2024-04-27,D,daily,0.5981299699786606,18,0,18,embedding
right_none_daily,right_none,right,none,2024-04-28,D,daily,0.4171695359473482,10,0,10,embedding
right_none_daily,right_none,right,none,2024-04-29,D,daily,0.5197900438238818,32,0,32,embedding
right_none_daily,right_none,right,none,2024-04-30,D,daily,0.6200666583999048,36,0,36,embedding
right_none_daily,right_none,right,none,2024-05-01,D,daily,0.30158873367664163,29,0,29,embedding
right_none_daily,right_none,right,none,2024-05-02,D,daily,0.3907626303548477,20,0,20,embedding
right_none_daily,right_none,right,none,2024-05-03,D,daily,0.567115638120545,11,0,11,embedding
right_none_daily,right_none,right,none,2024-05-04,D,daily,0.4190531069421386,8,0,8,embedding
right_none_daily,right_none,right,none,2024-05-05,D,daily,0.5121204597227081,18,0,18,embedding
right_none_daily,right_none,right,none,2024-05-06,D,daily,0.4669754952029346,10,0,10,embedding
right_none_daily,right_none,right,none,2024-05-07,D,daily,0.3293707964324336,13,0,13,embedding
right_none_daily,right_none,right,none,2024-05-08,D,daily,0.5025712254107512,9,0,9,embedding
right_none_daily,right_none,right,none,2024-05-09,D,daily,0.43055048168712196,20,0,20,embedding
right_none_daily,right_none,right,none,2024-05-10,D,daily,0.4674342921468999,9,0,9,embedding
right_none_daily,right_none,right,none,2024-05-12,D,daily,0.29840278568882384,20,0,20,embedding
right_none_daily,right_none,right,none,2024-05-13,D,daily,0.37075305357036314,10,0,10,embedding
right_none_daily,right_none,right,none,2024-05-14,D,daily,0.6318324596899308,13,0,13,embedding
right_none_daily,right_none,right,none,2024-05-15,D,daily,0.8223872806754985,16,0,16,embedding
right_none_daily,right_none,right,none,2024-05-16,D,daily,0.26093514176103294,16,0,16,embedding
right_none_daily,right_none,right,none,2024-05-17,D,daily,0.2812529321234398,15,0,15,embedding
right_none_daily,right_none,right,none,2024-05-18,D,daily,0.3279055771264274,5,0,5,embedding
right_none_daily,right_none,right,none,2024-05-19,D,daily,0.5495755268385258,18,0,18,embedding
right_none_daily,right_none,right,none,2024-05-20,D,daily,0.3828718995270888,20,0,20,embedding
right_none_daily,right_none,right,none,2024-05-22,D,daily,0.4280036891365824,18,0,18,embedding
right_none_daily,right_none,right,none,2024-05-23,D,daily,0.32870727647913567,6,0,6,embedding
right_none_daily,right_none,right,none,2024-05-25,D,daily,0.46997476675793926,6,0,6,embedding
right_none_daily,right_none,right,none,2024-05-26,D,daily,0.6473335693533533,17,0,17,embedding
right_none_daily,right_none,right,none,2024-05-27,D,daily,0.4927229214945803,7,0,7,embedding
right_none_daily,right_none,right,none,2024-05-28,D,daily,0.5393587785666065,18,0,18,embedding
right_none_daily,right_none,right,none,2024-05-29,D,daily,0.3449341322189585,12,0,12,embedding
right_none_daily,right_none,right,none,2024-05-30,D,daily,0.6426323693106499,15,0,15,embedding
right_none_daily,right_none,right,none,2024-05-31,D,daily,0.41728699829456906,12,0,12,embedding
right_none_daily,right_none,right,none,2024-06-01,D,daily,0.4557080850447155,51,0,51,embedding
right_none_daily,right_none,right,none,2024-06-02,D,daily,0.45712791567801236,21,0,21,embedding
right_none_daily,right_none,right,none,2024-06-03,D,daily,0.46625451165931997,12,0,12,embedding
right_none_daily,right_none,right,none,2024-06-04,D,daily,0.4507923595403507,8,0,8,embedding
right_none_daily,right_none,right,none,2024-06-05,D,daily,0.3164831891473314,20,0,20,embedding
right_none_daily,right_none,right,none,2024-06-07,D,daily,0.4181114828061202,11,0,11,embedding
right_none_daily,right_none,right,none,2024-06-09,D,daily,0.2790000268695437,16,0,16,embedding
right_none_daily,right_none,right,none,2024-06-10,D,daily,0.49740839362358646,6,0,6,embedding
right_none_daily,right_none,right,none,2024-06-11,D,daily,0.7142521223389375,20,0,20,embedding
right_none_daily,right_none,right,none,2024-06-12,D,daily,0.5874413569470491,16,0,16,embedding
right_none_daily,right_none,right,none,2024-06-13,D,daily,0.3758688964101302,16,0,16,embedding
right_none_daily,right_none,right,none,2024-06-14,D,daily,0.33210832519124844,9,0,9,embedding
right_none_daily,right_none,right,none,2024-06-15,D,daily,0.38661753422072254,5,0,5,embedding
right_none_daily,right_none,right,none,2024-06-16,D,daily,0.47281277641831676,20,0,20,embedding
right_none_daily,right_none,right,none,2024-06-18,D,daily,0.3931100298223904,19,0,19,embedding
right_none_daily,right_none,right,none,2024-06-19,D,daily,0.4121054174361023,19,0,19,embedding
right_none_daily,right_none,right,none,2024-06-20,D,daily,0.33942648954802457,17,0,17,embedding
right_none_daily,right_none,right,none,2024-06-21,D,daily,0.2280928388932426,11,0,11,embedding
right_none_daily,right_none,right,none,2024-06-22,D,daily,0.15647325523941924,7,0,7,embedding
right_none_daily,right_none,right,none,2024-06-23,D,daily,0.5803000651105745,11,0,11,embedding
right_none_daily,right_none,right,none,2024-06-24,D,daily,0.46169422907849844,21,0,21,embedding
right_none_daily,right_none,right,none,2024-06-25,D,daily,0.4895375543997036,11,0,11,embedding
right_none_daily,right_none,right,none,2024-06-26,D,daily,0.4624658653082726,20,0,20,embedding
right_none_daily,right_none,right,none,2024-06-27,D,daily,0.47499636588374716,13,0,13,embedding
right_none_daily,right_none,right,none,2024-06-28,D,daily,0.42425596861698833,21,0,21,embedding
right_none_daily,right_none,right,none,2024-06-29,D,daily,0.345163027662327,14,0,14,embedding
right_none_daily,right_none,right,none,2024-06-30,D,daily,0.49510779247059833,20,0,20,embedding
right_none_daily,right_none,right,none,2024-07-01,D,daily,0.5237776831375152,42,0,42,embedding
right_none_daily,right_none,right,none,2024-07-02,D,daily,0.508085794785188,25,0,25,embedding
right_none_daily,right_none,right,none,2024-07-03,D,daily,0.4689132055230547,14,0,14,embedding
right_none_daily,right_none,right,none,2024-07-04,D,daily,0.3673562100637018,12,0,12,embedding
right_none_daily,right_none,right,none,2024-07-05,D,daily,0.5783125012962193,5,0,5,embedding
right_none_daily,right_none,right,none,2024-07-06,D,daily,0.6013372876256833,5,0,5,embedding
right_none_daily,right_none,right,none,2024-07-07,D,daily,0.29366924626542,10,0,10,embedding
right_none_daily,right_none,right,none,2024-07-08,D,daily,0.469949039811526,14,0,14,embedding
right_none_daily,right_none,right,none,2024-07-09,D,daily,0.37740527568560855,9,0,9,embedding
right_none_daily,right_none,right,none,2024-07-10,D,daily,0.2619484730841777,21,0,21,embedding
right_none_daily,right_none,right,none,2024-07-11,D,daily,0.2995016053577516,20,0,20,embedding
right_none_daily,right_none,right,none,2024-07-13,D,daily,0.14036200173335334,7,0,7,embedding
right_none_daily,right_none,right,none,2024-07-14,D,daily,0.37687561102942746,31,0,31,embedding
right_none_daily,right_none,right,none,2024-07-15,D,daily,0.5338049961682451,20,0,20,embedding
right_none_daily,right_none,right,none,2024-07-17,D,daily,0.4136868702976094,20,0,20,embedding
right_none_daily,right_none,right,none,2024-07-18,D,daily,0.20572120741210687,20,0,20,embedding
right_none_daily,right_none,right,none,2024-07-19,D,daily,0.2080783084075466,20,0,20,embedding
right_none_daily,right_none,right,none,2024-07-20,D,daily,0.2895459760105884,13,0,13,embedding
right_none_daily,right_none,right,none,2024-07-21,D,daily,0.23851470046707024,13,0,13,embedding
right_none_daily,right_none,right,none,2024-07-22,D,daily,0.39184094460546226,20,0,20,embedding
right_none_daily,right_none,right,none,2024-07-23,D,daily,0.2329632895819005,20,0,20,embedding
right_none_daily,right_none,right,none,2024-07-24,D,daily,0.25546238445642977,19,0,19,embedding
right_none_daily,right_none,right,none,2024-07-25,D,daily,0.2635711949919828,11,0,11,embedding
right_none_daily,right_none,right,none,2024-07-26,D,daily,0.14997500306910938,21,0,21,embedding
right_none_daily,right_none,right,none,2024-07-27,D,daily,0.3550643228417314,8,0,8,embedding
right_none_daily,right_none,right,none,2024-07-29,D,daily,0.5042871346298057,12,0,12,embedding
right_none_daily,right_none,right,none,2024-07-30,D,daily,0.4124065462397055,20,0,20,embedding
right_none_daily,right_none,right,none,2024-07-31,D,daily,0.3276761655290812,16,0,16,embedding
right_none_daily,right_none,right,none,2024-08-01,D,daily,0.4287315737050583,68,0,68,embedding
right_none_daily,right_none,right,none,2024-08-02,D,daily,0.23572254716202923,15,0,15,embedding
right_none_daily,right_none,right,none,2024-08-03,D,daily,0.20349835716459996,21,0,21,embedding
right_none_daily,right_none,right,none,2024-08-04,D,daily,0.4369514876353028,15,0,15,embedding
right_none_daily,right_none,right,none,2024-08-06,D,daily,0.6051189358504019,17,0,17,embedding
right_none_daily,right_none,right,none,2024-08-07,D,daily,0.5026638444969691,9,0,9,embedding
right_none_daily,right_none,right,none,2024-08-08,D,daily,0.38249824595547965,14,0,14,embedding
right_none_daily,right_none,right,none,2024-08-09,D,daily,0.20777179709705518,8,0,8,embedding
right_none_daily,right_none,right,none,2024-08-10,D,daily,0.14049905999517176,9,0,9,embedding
right_none_daily,right_none,right,none,2024-08-11,D,daily,0.2355620172066899,8,0,8,embedding
right_none_daily,right_none,right,none,2024-08-12,D,daily,0.2788114995414047,9,0,9,embedding
right_none_daily,right_none,right,none,2024-08-13,D,daily,0.3679340539754812,23,0,23,embedding
right_none_daily,right_none,right,none,2024-08-14,D,daily,0.3748091133979641,17,0,17,embedding
right_none_daily,right_none,right,none,2024-08-15,D,daily,0.46852416566322974,22,0,22,embedding
right_none_daily,right_none,right,none,2024-08-16,D,daily,0.3749442581600141,5,0,5,embedding
right_none_daily,right_none,right,none,2024-08-17,D,daily,0.3348586071783405,7,0,7,embedding
right_none_daily,right_none,right,none,2024-08-18,D,daily,0.2313534011400421,26,0,26,embedding
right_none_daily,right_none,right,none,2024-08-19,D,daily,0.4646509048374441,15,0,15,embedding
right_none_daily,right_none,right,none,2024-08-20,D,daily,0.5047749665857064,14,0,14,embedding
right_none_daily,right_none,right,none,2024-08-21,D,daily,0.3067312174283563,19,0,19,embedding
right_none_daily,right_none,right,none,2024-08-22,D,daily,0.2687973837129989,19,0,19,embedding
right_none_daily,right_none,right,none,2024-08-23,D,daily,0.3181741446487062,15,0,15,embedding
right_none_daily,right_none,right,none,2024-08-24,D,daily,0.3311186421981701,12,0,12,embedding
right_none_daily,right_none,right,none,2024-08-25,D,daily,0.3356736119120287,24,0,24,embedding
right_none_daily,right_none,right,none,2024-08-26,D,daily,0.5870558622390742,13,0,13,embedding
right_none_daily,right_none,right,none,2024-08-27,D,daily,0.4859999531504613,15,0,15,embedding
right_none_daily,right_none,right,none,2024-08-28,D,daily,0.3633986941168228,19,0,19,embedding
right_none_daily,right_none,right,none,2024-08-29,D,daily,0.5288476147978913,17,0,17,embedding
right_none_daily,right_none,right,none,2024-08-30,D,daily,0.39798108326458514,42,0,42,embedding
right_none_daily,right_none,right,none,2024-08-31,D,daily,0.18695855190174548,16,0,16,embedding
right_none_daily,right_none,right,none,2024-09-01,D,daily,0.38638659197714076,31,0,31,embedding
right_none_daily,right_none,right,none,2024-09-02,D,daily,0.31587783800130276,15,0,15,embedding
right_none_daily,right_none,right,none,2024-09-03,D,daily,0.4014762576376061,6,0,6,embedding
right_none_daily,right_none,right,none,2024-09-04,D,daily,0.2465490596494173,17,0,17,embedding
right_none_daily,right_none,right,none,2024-09-05,D,daily,0.3564273111606169,15,0,15,embedding
right_none_daily,right_none,right,none,2024-09-06,D,daily,0.42142304595044655,17,0,17,embedding
right_none_daily,right_none,right,none,2024-09-07,D,daily,0.3012231679137374,7,0,7,embedding
right_none_daily,right_none,right,none,2024-09-08,D,daily,0.3197065998685793,20,0,20,embedding
right_none_daily,right_none,right,none,2024-09-09,D,daily,0.23618831106245874,20,0,20,embedding
right_none_daily,right_none,right,none,2024-09-10,D,daily,0.34468452448177955,13,0,13,embedding
right_none_daily,right_none,right,none,2024-09-11,D,daily,0.3426452904165491,20,0,20,embedding
right_none_daily,right_none,right,none,2024-09-12,D,daily,0.4749327246431527,9,0,9,embedding
right_none_daily,right_none,right,none,2024-09-13,D,daily,0.5782713020797162,20,0,20,embedding
right_none_daily,right_none,right,none,2024-09-15,D,daily,0.3840215215292755,20,0,20,embedding
right_none_daily,right_none,right,none,2024-09-16,D,daily,0.3950034828808393,11,0,11,embedding
right_none_daily,right_none,right,none,2024-09-17,D,daily,0.37483076346182587,20,0,20,embedding
right_none_daily,right_none,right,none,2024-09-18,D,daily,0.2900786199313645,14,0,14,embedding
right_none_daily,right_none,right,none,2024-09-19,D,daily,0.42012380909233005,13,0,13,embedding
right_none_daily,right_none,right,none,2024-09-20,D,daily,0.2169602954621921,20,0,20,embedding
right_none_daily,right_none,right,none,2024-09-21,D,daily,0.24198264015631188,6,0,6,embedding
right_none_daily,right_none,right,none,2024-09-22,D,daily,0.5945783146558167,21,0,21,embedding
right_none_daily,right_none,right,none,2024-09-23,D,daily,0.5683947731714016,20,0,20,embedding
right_none_daily,right_none,right,none,2024-09-24,D,daily,0.2836342430255754,16,0,16,embedding
right_none_daily,right_none,right,none,2024-09-25,D,daily,0.3691343796744302,21,0,21,embedding
right_none_daily,right_none,right,none,2024-09-26,D,daily,0.32025980812573396,16,0,16,embedding
right_none_daily,right_none,right,none,2024-09-27,D,daily,0.41778934744480334,16,0,16,embedding
right_none_daily,right_none,right,none,2024-09-29,D,daily,0.4496011344017561,18,0,18,embedding
right_none_daily,right_none,right,none,2024-09-30,D,daily,0.3836523221246513,24,0,24,embedding
right_none_daily,right_none,right,none,2024-10-01,D,daily,0.4271333132462034,64,0,64,embedding
right_none_daily,right_none,right,none,2024-10-02,D,daily,0.6128602967687501,10,0,10,embedding
right_none_daily,right_none,right,none,2024-10-03,D,daily,0.3837311456677359,17,0,17,embedding
right_none_daily,right_none,right,none,2024-10-04,D,daily,0.3444994718160541,12,0,12,embedding
right_none_daily,right_none,right,none,2024-10-05,D,daily,0.2723359818532397,10,0,10,embedding
right_none_daily,right_none,right,none,2024-10-06,D,daily,0.48114302448219126,15,0,15,embedding
right_none_daily,right_none,right,none,2024-10-07,D,daily,0.379246386657789,11,0,11,embedding
right_none_daily,right_none,right,none,2024-10-08,D,daily,0.5217223560025408,20,0,20,embedding
right_none_daily,right_none,right,none,2024-10-09,D,daily,0.6476796189343309,12,0,12,embedding
right_none_daily,right_none,right,none,2024-10-10,D,daily,0.24300436489280253,12,0,12,embedding
right_none_daily,right_none,right,none,2024-10-11,D,daily,0.4471026047564093,25,0,25,embedding
right_none_daily,right_none,right,none,2024-10-12,D,daily,0.5442549283545526,11,0,11,embedding
right_none_daily,right_none,right,none,2024-10-13,D,daily,0.38542272252403176,22,0,22,embedding
right_none_daily,right_none,right,none,2024-10-14,D,daily,0.3444313025255983,13,0,13,embedding
right_none_daily,right_none,right,none,2024-10-16,D,daily,0.40187802792588667,25,0,25,embedding
right_none_daily,right_none,right,none,2024-10-17,D,daily,0.5095679978069343,17,0,17,embedding
right_none_daily,right_none,right,none,2024-10-18,D,daily,0.28080741148740085,14,0,14,embedding
right_none_daily,right_none,right,none,2024-10-19,D,daily,0.36072547405229693,7,0,7,embedding
right_none_daily,right_none,right,none,2024-10-20,D,daily,0.5716665791241226,16,0,16,embedding
right_none_daily,right_none,right,none,2024-10-23,D,daily,0.40603275623433543,20,0,20,embedding
right_none_daily,right_none,right,none,2024-10-24,D,daily,0.5594529372355693,17,0,17,embedding
right_none_daily,right_none,right,none,2024-10-25,D,daily,0.6735950804133991,23,0,23,embedding
right_none_daily,right_none,right,none,2024-10-26,D,daily,0.28421909473881257,5,0,5,embedding
right_none_daily,right_none,right,none,2024-10-27,D,daily,0.302276073345795,21,0,21,embedding
right_none_daily,right_none,right,none,2024-10-28,D,daily,0.2999202155857176,19,0,19,embedding
right_none_daily,right_none,right,none,2024-10-29,D,daily,0.5050834030867866,9,0,9,embedding
right_none_daily,right_none,right,none,2024-10-31,D,daily,0.4357802286320741,38,0,38,embedding
right_none_daily,right_none,right,none,2024-11-01,D,daily,0.2781621973048525,53,0,53,embedding
right_none_daily,right_none,right,none,2024-11-02,D,daily,0.3218343365085159,10,0,10,embedding
right_none_daily,right_none,right,none,2024-11-03,D,daily,0.37980110390404,12,0,12,embedding
right_none_daily,right_none,right,none,2024-11-04,D,daily,0.4232718457689023,27,0,27,embedding
right_none_daily,right_none,right,none,2024-11-05,D,daily,0.4315602828600644,20,0,20,embedding
right_none_daily,right_none,right,none,2024-11-06,D,daily,0.3185526459877266,20,0,20,embedding
right_none_daily,right_none,right,none,2024-11-08,D,daily,0.36386968141727494,20,0,20,embedding
right_none_daily,right_none,right,none,2024-11-09,D,daily,0.3326778355194505,5,0,5,embedding
right_none_daily,right_none,right,none,2024-11-10,D,daily,0.3944435439633247,23,0,23,embedding
right_none_daily,right_none,right,none,2024-11-13,D,daily,0.27164328348559674,15,0,15,embedding
right_none_daily,right_none,right,none,2024-11-15,D,daily,0.40479308766520516,18,0,18,embedding
right_none_daily,right_none,right,none,2024-11-16,D,daily,0.6933918524994584,11,0,11,embedding
right_none_daily,right_none,right,none,2024-11-17,D,daily,0.6562231276280067,8,0,8,embedding
right_none_daily,right_none,right,none,2024-11-18,D,daily,0.4586957432049569,9,0,9,embedding
right_none_daily,right_none,right,none,2024-11-19,D,daily,0.3506284366167852,12,0,12,embedding
right_none_daily,right_none,right,none,2024-11-20,D,daily,0.28567494633087975,23,0,23,embedding
right_none_daily,right_none,right,none,2024-11-21,D,daily,0.35284385528752304,15,0,15,embedding
right_none_daily,right_none,right,none,2024-11-22,D,daily,0.3303830155175713,7,0,7,embedding
right_none_daily,right_none,right,none,2024-11-23,D,daily,0.2533779116158159,19,0,19,embedding
right_none_daily,right_none,right,none,2024-11-24,D,daily,0.3777706614371408,14,0,14,embedding
right_none_daily,right_none,right,none,2024-11-25,D,daily,0.34399747391376745,7,0,7,embedding
right_none_daily,right_none,right,none,2024-11-26,D,daily,0.3697757879343019,10,0,10,embedding
right_none_daily,right_none,right,none,2024-11-27,D,daily,0.36855159872279586,12,0,12,embedding
right_none_daily,right_none,right,none,2024-11-28,D,daily,0.30254212326284224,13,0,13,embedding
right_none_daily,right_none,right,none,2024-11-29,D,daily,0.62751051013097,25,0,25,embedding
right_none_daily,right_none,right,none,2024-11-30,D,daily,0.6171690844338361,18,0,18,embedding
right_none_daily,right_none,right,none,2024-12-01,D,daily,0.40726947474552655,33,0,33,embedding
right_none_daily,right_none,right,none,2024-12-03,D,daily,0.5054266172589922,20,0,20,embedding
right_none_daily,right_none,right,none,2024-12-04,D,daily,0.37251220486089065,19,0,19,embedding
right_none_daily,right_none,right,none,2024-12-05,D,daily,0.39381726651413174,17,0,17,embedding
right_none_daily,right_none,right,none,2024-12-06,D,daily,0.408611627891436,11,0,11,embedding
right_none_daily,right_none,right,none,2024-12-08,D,daily,0.5643731375324772,19,0,19,embedding
right_none_daily,right_none,right,none,2024-12-09,D,daily,0.3813105558106539,5,0,5,embedding
right_none_daily,right_none,right,none,2024-12-10,D,daily,0.3179408942311057,16,0,16,embedding
right_none_daily,right_none,right,none,2024-12-11,D,daily,0.43906900626730205,11,0,11,embedding
right_none_daily,right_none,right,none,2024-12-13,D,daily,0.49330372832593916,13,0,13,embedding
right_none_daily,right_none,right,none,2024-12-14,D,daily,0.5667235114416345,9,0,9,embedding
right_none_daily,right_none,right,none,2024-12-15,D,daily,0.36647738502155425,17,0,17,embedding
right_none_daily,right_none,right,none,2024-12-16,D,daily,0.3550772176749364,13,0,13,embedding
right_none_daily,right_none,right,none,2024-12-17,D,daily,0.3704549767360008,18,0,18,embedding
right_none_daily,right_none,right,none,2024-12-18,D,daily,0.4110658576536632,20,0,20,embedding
right_none_daily,right_none,right,none,2024-12-19,D,daily,0.3637324826210864,16,0,16,embedding
right_none_daily,right_none,right,none,2024-12-20,D,daily,0.3467013857352481,13,0,13,embedding
right_none_daily,right_none,right,none,2024-12-21,D,daily,0.44326883797649363,10,0,10,embedding
right_none_daily,right_none,right,none,2024-12-22,D,daily,0.4145589448394744,6,0,6,embedding
right_none_daily,right_none,right,none,2024-12-23,D,daily,0.4251784685384208,8,0,8,embedding
right_none_daily,right_none,right,none,2024-12-24,D,daily,0.4360264782171923,8,0,8,embedding
right_none_daily,right_none,right,none,2024-12-25,D,daily,0.3674264368524712,7,0,7,embedding
right_none_daily,right_none,right,none,2024-12-26,D,daily,0.37010090716652666,14,0,14,embedding
right_none_daily,right_none,right,none,2024-12-27,D,daily,0.3142562083370237,13,0,13,embedding
right_none_daily,right_none,right,none,2024-12-28,D,daily,0.25264185605355327,10,0,10,embedding
right_none_daily,right_none,right,none,2024-12-29,D,daily,0.5539244833695707,8,0,8,embedding
right_none_daily,right_none,right,none,2024-12-30,D,daily,0.7207838275670071,14,0,14,embedding
right_none_daily,right_none,right,none,2024-12-31,D,daily,0.49488806888396386,45,0,45,embedding
right_none_daily,right_none,right,none,2025-01-01,D,daily,0.3112856029752986,16,0,16,embedding
right_none_daily,right_none,right,none,2025-01-02,D,daily,0.40126941375810043,13,0,13,embedding
right_none_daily,right_none,right,none,2025-01-03,D,daily,0.5359619933868083,15,0,15,embedding
right_none_daily,right_none,right,none,2025-01-04,D,daily,0.6424382653861225,5,0,5,embedding
right_none_daily,right_none,right,none,2025-01-05,D,daily,0.395716625811803,18,0,18,embedding
right_none_daily,right_none,right,none,2025-01-06,D,daily,0.477823084293038,16,0,16,embedding
right_none_daily,right_none,right,none,2025-01-07,D,daily,0.2543848444987984,8,0,8,embedding
right_none_daily,right_none,right,none,2025-01-08,D,daily,0.2073439062792548,20,0,20,embedding
right_none_daily,right_none,right,none,2025-01-09,D,daily,0.294114345430617,14,0,14,embedding
right_none_daily,right_none,right,none,2025-01-11,D,daily,0.2412032489358802,17,0,17,embedding
right_none_daily,right_none,right,none,2025-01-12,D,daily,0.24935308357425456,5,0,5,embedding
right_none_daily,right_none,right,none,2025-01-14,D,daily,0.3512508981032658,17,0,17,embedding
right_none_daily,right_none,right,none,2025-01-15,D,daily,0.4794121517534343,21,0,21,embedding
right_none_daily,right_none,right,none,2025-01-16,D,daily,0.5215917100839151,11,0,11,embedding
right_none_daily,right_none,right,none,2025-01-17,D,daily,0.5476169255340592,19,0,19,embedding
right_none_daily,right_none,right,none,2025-01-19,D,daily,0.5849227043912548,13,0,13,embedding
right_none_daily,right_none,right,none,2025-01-20,D,daily,0.4349865832145946,20,0,20,embedding
right_none_daily,right_none,right,none,2025-01-21,D,daily,0.38245927065891905,18,0,18,embedding
right_none_daily,right_none,right,none,2025-01-22,D,daily,0.48984555875994906,19,0,19,embedding
right_none_daily,right_none,right,none,2025-01-23,D,daily,0.48032215304426573,19,0,19,embedding
right_none_daily,right_none,right,none,2025-01-24,D,daily,0.24230008440107342,15,0,15,embedding
right_none_daily,right_none,right,none,2025-01-25,D,daily,0.3096230961391586,11,0,11,embedding
right_none_daily,right_none,right,none,2025-01-26,D,daily,0.4238791987323244,15,0,15,embedding
right_none_daily,right_none,right,none,2025-01-27,D,daily,0.407155002904261,8,0,8,embedding
right_none_daily,right_none,right,none,2025-01-28,D,daily,0.42728270498144005,17,0,17,embedding
right_none_daily,right_none,right,none,2025-01-29,D,daily,0.2296807782227951,20,0,20,embedding
right_none_daily,right_none,right,none,2025-01-30,D,daily,0.46487016991488583,21,0,21,embedding
right_none_daily,right_none,right,none,2025-01-31,D,daily,0.3512573286234495,29,0,29,embedding
right_none_daily,right_none,right,none,2025-02-01,D,daily,0.4517210491648458,30,0,30,embedding
right_none_daily,right_none,right,none,2025-02-02,D,daily,0.5771153756718466,14,0,14,embedding
right_none_daily,right_none,right,none,2025-02-03,D,daily,0.419973530955547,20,0,20,embedding
right_none_daily,right_none,right,none,2025-02-04,D,daily,0.42348763999240324,21,0,21,embedding
right_none_daily,right_none,right,none,2025-02-05,D,daily,0.34807021282802575,20,0,20,embedding
right_none_daily,right_none,right,none,2025-02-06,D,daily,0.2189671442727329,20,0,20,embedding
right_none_daily,right_none,right,none,2025-02-07,D,daily,0.2347368769612037,15,0,15,embedding
right_none_daily,right_none,right,none,2025-02-08,D,daily,0.25062937091309145,9,0,9,embedding
right_none_daily,right_none,right,none,2025-02-09,D,daily,0.2645514186632656,15,0,15,embedding
right_none_daily,right_none,right,none,2025-02-10,D,daily,0.4694373464074346,10,0,10,embedding
right_none_daily,right_none,right,none,2025-02-12,D,daily,0.42450468504763383,17,0,17,embedding
right_none_daily,right_none,right,none,2025-02-13,D,daily,0.3506884220171649,10,0,10,embedding
right_none_daily,right_none,right,none,2025-02-14,D,daily,0.4215430475672767,17,0,17,embedding
right_none_daily,right_none,right,none,2025-02-16,D,daily,0.43774280280620137,20,0,20,embedding
right_none_daily,right_none,right,none,2025-02-17,D,daily,0.35209853806353597,8,0,8,embedding
right_none_daily,right_none,right,none,2025-02-18,D,daily,0.36378592341551974,20,0,20,embedding
right_none_daily,right_none,right,none,2025-02-19,D,daily,0.3488321915208632,24,0,24,embedding
left_none_weekly,left_none,left,none,2024-02-12,W,weekly,0.7985114014729335,22,22,0,tfidf
left_none_weekly,left_none,left,none,2024-02-19,W,weekly,0.8264061589541187,16,16,0,tfidf
left_none_weekly,left_none,left,none,2024-02-26,W,weekly,0.802886736375257,20,20,0,tfidf
left_none_weekly,left_none,left,none,2024-03-04,W,weekly,0.8325119845947176,17,17,0,tfidf
left_none_weekly,left_none,left,none,2024-03-11,W,weekly,0.8138488616020887,22,22,0,tfidf
left_none_weekly,left_none,left,none,2024-04-01,W,weekly,0.830038981270405,21,21,0,tfidf
left_none_weekly,left_none,left,none,2024-04-08,W,weekly,0.8098940051967688,19,19,0,tfidf
left_none_weekly,left_none,left,none,2024-04-15,W,weekly,0.8084103053542466,17,17,0,tfidf
left_none_weekly,left_none,left,none,2024-04-22,W,weekly,0.8138180880249071,16,16,0,tfidf
left_none_weekly,left_none,left,none,2024-04-29,W,weekly,0.664675875927681,20,20,0,tfidf
left_none_weekly,left_none,left,none,2024-05-06,W,weekly,0.8607064784277738,16,16,0,tfidf
left_none_weekly,left_none,left,none,2024-06-03,W,weekly,0.8615743516503647,15,15,0,tfidf
left_none_weekly,left_none,left,none,2024-06-10,W,weekly,0.7694586297965724,19,19,0,tfidf
left_none_weekly,left_none,left,none,2024-06-24,W,weekly,0.6650203548530331,15,15,0,tfidf
left_none_weekly,left_none,left,none,2024-07-08,W,weekly,0.7372200317471187,17,17,0,tfidf
left_none_weekly,left_none,left,none,2024-07-15,W,weekly,0.7152202074986994,24,24,0,tfidf
left_none_weekly,left_none,left,none,2024-07-29,W,weekly,0.741249031519454,16,16,0,tfidf
left_none_weekly,left_none,left,none,2024-08-12,W,weekly,0.7853477157524025,18,18,0,tfidf
left_none_weekly,left_none,left,none,2024-08-19,W,weekly,0.7701069859382488,23,23,0,tfidf
left_none_weekly,left_none,left,none,2024-08-26,W,weekly,0.7959752131511979,15,15,0,tfidf
left_none_weekly,left_none,left,none,2024-09-02,W,weekly,0.7999959232667657,22,22,0,tfidf
left_none_weekly,left_none,left,none,2024-09-09,W,weekly,0.7683866806411995,21,21,0,tfidf
left_none_weekly,left_none,left,none,2024-09-23,W,weekly,0.7278846686838034,25,25,0,tfidf
left_none_weekly,left_none,left,none,2024-10-07,W,weekly,0.7597109153641803,19,19,0,tfidf
left_none_weekly,left_none,left,none,2024-10-21,W,weekly,0.7039278482208947,29,29,0,tfidf
left_none_weekly,left_none,left,none,2024-10-28,W,weekly,0.6112673288288882,18,18,0,tfidf
left_none_weekly,left_none,left,none,2024-11-04,W,weekly,0.6432474376562676,16,16,0,tfidf
left_none_weekly,left_none,left,none,2024-11-11,W,weekly,0.6439046554969196,21,21,0,tfidf
left_none_weekly,left_none,left,none,2024-11-18,W,weekly,0.8403479500057283,15,15,0,tfidf
left_none_weekly,left_none,left,none,2024-11-25,W,weekly,0.9098948716494853,18,18,0,tfidf
left_none_weekly,left_none,left,none,2024-12-09,W,weekly,0.854332169484439,15,15,0,tfidf
left_none_weekly,left_none,left,none,2024-12-16,W,weekly,0.7923793192232338,21,21,0,tfidf
left_none_weekly,left_none,left,none,2025-01-06,W,weekly,0.7958153404221964,18,18,0,tfidf
left_none_weekly,left_none,left,none,2025-01-13,W,weekly,0.876815052245152,15,15,0,tfidf
left_none_weekly,left_none,left,none,2025-01-20,W,weekly,0.9012313847177661,24,24,0,tfidf
left_none_weekly,left_none,left,none,2025-01-27,W,weekly,0.8694298371029354,15,15,0,tfidf
left_none_weekly,left_none,left,none,2025-02-03,W,weekly,0.8653997613678438,27,27,0,tfidf
left_none_weekly,left_none,left,none,2025-02-10,W,weekly,0.7828126013836831,19,19,0,tfidf
mixed_global_undersampled_weekly,mixed_global_undersampled,mixed,global_undersampled,2024-02-12,W,weekly,0.6812865931466922,41,22,19,tfidf
mixed_global_undersampled_weekly,mixed_global_undersampled,mixed,global_undersampled,2024-02-19,W,weekly,0.7521709118111586,31,16,15,tfidf
mixed_global_undersampled_weekly,mixed_global_undersampled,mixed,global_undersampled,2024-02-26,W,weekly,0.7158688379312418,48,20,28,tfidf
mixed_global_undersampled_weekly,mixed_global_undersampled,mixed,global_undersampled,2024-03-04,W,weekly,0.6743088009976339,36,17,19,tfidf
mixed_global_undersampled_weekly,mixed_global_undersampled,mixed,global_undersampled,2024-03-11,W,weekly,0.7150587294351989,37,22,15,tfidf
mixed_global_undersampled_weekly,mixed_global_undersampled,mixed,global_undersampled,2024-03-18,W,weekly,0.7990367509294065,19,9,10,tfidf
mixed_global_undersampled_weekly,mixed_global_undersampled,mixed,global_undersampled,2024-03-25,W,weekly,0.7640485394203297,35,11,24,tfidf
mixed_global_undersampled_weekly,mixed_global_undersampled,mixed,global_undersampled,2024-04-01,W,weekly,0.7661112547875206,44,21,23,tfidf
mixed_global_undersampled_weekly,mixed_global_undersampled,mixed,global_undersampled,2024-04-08,W,weekly,0.7510090815306266,28,19,9,tfidf
mixed_global_undersampled_weekly,mixed_global_undersampled,mixed,global_undersampled,2024-04-15,W,weekly,0.7874962307692013,28,17,11,tfidf
mixed_global_undersampled_weekly,mixed_global_undersampled,mixed,global_undersampled,2024-04-22,W,weekly,0.8015258598417162,36,16,20,tfidf
mixed_global_undersampled_weekly,mixed_global_undersampled,mixed,global_undersampled,2024-04-29,W,weekly,0.6181650888666131,53,20,33,tfidf
mixed_global_undersampled_weekly,mixed_global_undersampled,mixed,global_undersampled,2024-05-06,W,weekly,0.7436379396917675,28,16,12,tfidf
mixed_global_undersampled_weekly,mixed_global_undersampled,mixed,global_undersampled,2024-05-13,W,weekly,0.7996654884271917,22,11,11,tfidf
mixed_global_undersampled_weekly,mixed_global_undersampled,mixed,global_undersampled,2024-05-20,W,weekly,0.6652986823329721,23,8,15,tfidf
mixed_global_undersampled_weekly,mixed_global_undersampled,mixed,global_undersampled,2024-05-27,W,weekly,0.6716335443453341,40,10,30,tfidf
mixed_global_undersampled_weekly,mixed_global_undersampled,mixed,global_undersampled,2024-06-03,W,weekly,0.7630833390506968,27,15,12,tfidf
mixed_global_undersampled_weekly,mixed_global_undersampled,mixed,global_undersampled,2024-06-10,W,weekly,0.7049537083032925,36,19,17,tfidf
mixed_global_undersampled_weekly,mixed_global_undersampled,mixed,global_undersampled,2024-06-17,W,weekly,0.7267578614070432,24,12,12,tfidf
mixed_global_undersampled_weekly,mixed_global_undersampled,mixed,global_undersampled,2024-06-24,W,weekly,0.7389336480124382,31,15,16,tfidf
mixed_global_undersampled_weekly,mixed_global_undersampled,mixed,global_undersampled,2024-07-01,W,weekly,0.8067926165979054,36,14,22,tfidf
mixed_global_undersampled_weekly,mixed_global_undersampled,mixed,global_undersampled,2024-07-08,W,weekly,0.7391743079950226,31,17,14,tfidf
mixed_global_undersampled_weekly,mixed_global_undersampled,mixed,global_undersampled,2024-07-15,W,weekly,0.6462030405391078,38,24,14,tfidf
mixed_global_undersampled_weekly,mixed_global_undersampled,mixed,global_undersampled,2024-07-22,W,weekly,0.8900339387982261,26,14,12,tfidf
mixed_global_undersampled_weekly,mixed_global_undersampled,mixed,global_undersampled,2024-07-29,W,weekly,0.8938362083584275,46,16,30,tfidf
mixed_global_undersampled_weekly,mixed_global_undersampled,mixed,global_undersampled,2024-08-05,W,weekly,0.7382862996863385,27,14,13,tfidf
mixed_global_undersampled_weekly,mixed_global_undersampled,mixed,global_undersampled,2024-08-12,W,weekly,0.7469739060310399,36,18,18,tfidf
mixed_global_undersampled_weekly,mixed_global_undersampled,mixed,global_undersampled,2024-08-19,W,weekly,0.6466119653339456,42,23,19,tfidf
mixed_global_undersampled_weekly,mixed_global_undersampled,mixed,global_undersampled,2024-08-26,W,weekly,0.6386918262807268,37,15,22,tfidf
mixed_global_undersampled_weekly,mixed_global_undersampled,mixed,global_undersampled,2024-09-02,W,weekly,0.6732099708439379,36,22,14,tfidf
mixed_global_undersampled_weekly,mixed_global_undersampled,mixed,global_undersampled,2024-09-09,W,weekly,0.6622245275598171,34,21,13,tfidf
mixed_global_undersampled_weekly,mixed_global_undersampled,mixed,global_undersampled,2024-09-16,W,weekly,0.6419768860440405,30,14,16,tfidf
mixed_global_undersampled_weekly,mixed_global_undersampled,mixed,global_undersampled,2024-09-23,W,weekly,0.6195212691912442,43,25,18,tfidf
mixed_global_undersampled_weekly,mixed_global_undersampled,mixed,global_undersampled,2024-09-30,W,weekly,0.6002097274845197,32,12,20,tfidf
mixed_global_undersampled_weekly,mixed_global_undersampled,mixed,global_undersampled,2024-10-07,W,weekly,0.6549696478101561,36,19,17,tfidf
mixed_global_undersampled_weekly,mixed_global_undersampled,mixed,global_undersampled,2024-10-14,W,weekly,0.7676439385811415,25,12,13,tfidf
mixed_global_undersampled_weekly,mixed_global_undersampled,mixed,global_undersampled,2024-10-21,W,weekly,0.73569785921789,51,29,22,tfidf
mixed_global_undersampled_weekly,mixed_global_undersampled,mixed,global_undersampled,2024-10-28,W,weekly,0.5602524731442966,34,18,16,tfidf
mixed_global_undersampled_weekly,mixed_global_undersampled,mixed,global_undersampled,2024-11-04,W,weekly,0.6161943041658544,27,16,11,tfidf
mixed_global_undersampled_weekly,mixed_global_undersampled,mixed,global_undersampled,2024-11-11,W,weekly,0.6279978353600664,27,21,6,tfidf
mixed_global_undersampled_weekly,mixed_global_undersampled,mixed,global_undersampled,2024-11-18,W,weekly,0.7394676996368705,35,15,20,tfidf
mixed_global_undersampled_weekly,mixed_global_undersampled,mixed,global_undersampled,2024-11-25,W,weekly,0.7859250755171601,39,18,21,tfidf
mixed_global_undersampled_weekly,mixed_global_undersampled,mixed,global_undersampled,2024-12-02,W,weekly,0.7981251186577509,28,14,14,tfidf
mixed_global_undersampled_weekly,mixed_global_undersampled,mixed,global_undersampled,2024-12-09,W,weekly,0.8522516939522299,25,15,10,tfidf
mixed_global_undersampled_weekly,mixed_global_undersampled,mixed,global_undersampled,2024-12-16,W,weekly,0.7382087190691453,32,21,11,tfidf
mixed_global_undersampled_weekly,mixed_global_undersampled,mixed,global_undersampled,2024-12-23,W,weekly,0.8429814775019084,20,6,14,tfidf
mixed_global_undersampled_weekly,mixed_global_undersampled,mixed,global_undersampled,2024-12-30,W,weekly,0.9245284730550516,33,9,24,tfidf
mixed_global_undersampled_weekly,mixed_global_undersampled,mixed,global_undersampled,2025-01-06,W,weekly,0.8558960415256794,29,18,11,tfidf
mixed_global_undersampled_weekly,mixed_global_undersampled,mixed,global_undersampled,2025-01-13,W,weekly,0.8248514595157692,26,15,11,tfidf
mixed_global_undersampled_weekly,mixed_global_undersampled,mixed,global_undersampled,2025-01-20,W,weekly,0.8395256999130982,45,24,21,tfidf
mixed_global_undersampled_weekly,mixed_global_undersampled,mixed,global_undersampled,2025-01-27,W,weekly,0.7743000261389557,39,15,24,tfidf
mixed_global_undersampled_weekly,mixed_global_undersampled,mixed,global_undersampled,2025-02-03,W,weekly,0.7403510528936104,51,27,24,tfidf
mixed_global_undersampled_weekly,mixed_global_undersampled,mixed,global_undersampled,2025-02-10,W,weekly,0.6863660144588941,29,19,10,tfidf
mixed_global_undersampled_weekly,mixed_global_undersampled,mixed,global_undersampled,2025-02-17,W,weekly,0.6490784977462308,16,7,9,tfidf
mixed_max3_per_class_day_weekly,mixed_max3_per_class_day,mixed,max3_per_class_day,2024-02-12,W,weekly,0.7063412992840189,31,16,15,tfidf
mixed_max3_per_class_day_weekly,mixed_max3_per_class_day,mixed,max3_per_class_day,2024-02-19,W,weekly,0.7564051842415831,31,16,15,tfidf
mixed_max3_per_class_day_weekly,mixed_max3_per_class_day,mixed,max3_per_class_day,2024-02-26,W,weekly,0.7759776132052334,38,17,21,tfidf
mixed_max3_per_class_day_weekly,mixed_max3_per_class_day,mixed,max3_per_class_day,2024-03-04,W,weekly,0.7665840478850225,33,15,18,tfidf
mixed_max3_per_class_day_weekly,mixed_max3_per_class_day,mixed,max3_per_class_day,2024-03-11,W,weekly,0.768869774479926,34,16,18,tfidf
mixed_max3_per_class_day_weekly,mixed_max3_per_class_day,mixed,max3_per_class_day,2024-03-18,W,weekly,0.7923023659578496,30,9,21,tfidf
mixed_max3_per_class_day_weekly,mixed_max3_per_class_day,mixed,max3_per_class_day,2024-03-25,W,weekly,0.746672275215901,31,10,21,tfidf
mixed_max3_per_class_day_weekly,mixed_max3_per_class_day,mixed,max3_per_class_day,2024-04-01,W,weekly,0.8010215160313875,37,16,21,tfidf
mixed_max3_per_class_day_weekly,mixed_max3_per_class_day,mixed,max3_per_class_day,2024-04-08,W,weekly,0.7925503147259753,30,12,18,tfidf
mixed_max3_per_class_day_weekly,mixed_max3_per_class_day,mixed,max3_per_class_day,2024-04-15,W,weekly,0.7858526969737686,26,14,12,tfidf
mixed_max3_per_class_day_weekly,mixed_max3_per_class_day,mixed,max3_per_class_day,2024-04-22,W,weekly,0.8056683055158187,30,12,18,tfidf
mixed_max3_per_class_day_weekly,mixed_max3_per_class_day,mixed,max3_per_class_day,2024-04-29,W,weekly,0.5942145702391862,35,14,21,tfidf
mixed_max3_per_class_day_weekly,mixed_max3_per_class_day,mixed,max3_per_class_day,2024-05-06,W,weekly,0.7150870941613245,30,12,18,tfidf
mixed_max3_per_class_day_weekly,mixed_max3_per_class_day,mixed,max3_per_class_day,2024-05-13,W,weekly,0.6997080829433697,30,9,21,tfidf
mixed_max3_per_class_day_weekly,mixed_max3_per_class_day,mixed,max3_per_class_day,2024-05-20,W,weekly,0.602834723155685,25,7,18,tfidf
mixed_max3_per_class_day_weekly,mixed_max3_per_class_day,mixed,max3_per_class_day,2024-05-27,W,weekly,0.7456288061752359,31,10,21,tfidf
mixed_max3_per_class_day_weekly,mixed_max3_per_class_day,mixed,max3_per_class_day,2024-06-03,W,weekly,0.7681168801274064,29,11,18,tfidf
mixed_max3_per_class_day_weekly,mixed_max3_per_class_day,mixed,max3_per_class_day,2024-06-10,W,weekly,0.7010906292830446,35,14,21,tfidf
mixed_max3_per_class_day_weekly,mixed_max3_per_class_day,mixed,max3_per_class_day,2024-06-17,W,weekly,0.6454651076458466,29,11,18,tfidf
mixed_max3_per_class_day_weekly,mixed_max3_per_class_day,mixed,max3_per_class_day,2024-06-24,W,weekly,0.679478315314689,32,11,21,tfidf
mixed_max3_per_class_day_weekly,mixed_max3_per_class_day,mixed,max3_per_class_day,2024-07-01,W,weekly,0.8020752858028595,31,10,21,tfidf
mixed_max3_per_class_day_weekly,mixed_max3_per_class_day,mixed,max3_per_class_day,2024-07-08,W,weekly,0.7389707629739253,32,14,18,tfidf
mixed_max3_per_class_day_weekly,mixed_max3_per_class_day,mixed,max3_per_class_day,2024-07-15,W,weekly,0.6187924676188814,32,14,18,tfidf
mixed_max3_per_class_day_weekly,mixed_max3_per_class_day,mixed,max3_per_class_day,2024-07-22,W,weekly,0.8867256009203126,32,11,21,tfidf
mixed_max3_per_class_day_weekly,mixed_max3_per_class_day,mixed,max3_per_class_day,2024-07-29,W,weekly,0.898613160819956,30,9,21,tfidf
mixed_max3_per_class_day_weekly,mixed_max3_per_class_day,mixed,max3_per_class_day,2024-08-05,W,weekly,0.7206219647040842,32,11,21,tfidf
mixed_max3_per_class_day_weekly,mixed_max3_per_class_day,mixed,max3_per_class_day,2024-08-12,W,weekly,0.7191628777226167,36,15,21,tfidf
mixed_max3_per_class_day_weekly,mixed_max3_per_class_day,mixed,max3_per_class_day,2024-08-19,W,weekly,0.6780331412259177,33,12,21,tfidf
mixed_max3_per_class_day_weekly,mixed_max3_per_class_day,mixed,max3_per_class_day,2024-08-26,W,weekly,0.5606148535748028,29,8,21,tfidf
mixed_max3_per_class_day_weekly,mixed_max3_per_class_day,mixed,max3_per_class_day,2024-09-02,W,weekly,0.6584245309717396,36,15,21,tfidf
mixed_max3_per_class_day_weekly,mixed_max3_per_class_day,mixed,max3_per_class_day,2024-09-09,W,weekly,0.6938722763199953,37,16,21,tfidf
mixed_max3_per_class_day_weekly,mixed_max3_per_class_day,mixed,max3_per_class_day,2024-09-16,W,weekly,0.6063274751800186,33,12,21,tfidf
mixed_max3_per_class_day_weekly,mixed_max3_per_class_day,mixed,max3_per_class_day,2024-09-23,W,weekly,0.5584121018501578,32,11,21,tfidf
mixed_max3_per_class_day_weekly,mixed_max3_per_class_day,mixed,max3_per_class_day,2024-09-30,W,weekly,0.5739231513385638,33,12,21,tfidf
mixed_max3_per_class_day_weekly,mixed_max3_per_class_day,mixed,max3_per_class_day,2024-10-07,W,weekly,0.5578107410415516,35,14,21,tfidf
mixed_max3_per_class_day_weekly,mixed_max3_per_class_day,mixed,max3_per_class_day,2024-10-14,W,weekly,0.6938295550958444,33,12,21,tfidf
mixed_max3_per_class_day_weekly,mixed_max3_per_class_day,mixed,max3_per_class_day,2024-10-21,W,weekly,0.7249529106702035,36,18,18,tfidf
mixed_max3_per_class_day_weekly,mixed_max3_per_class_day,mixed,max3_per_class_day,2024-10-28,W,weekly,0.6714019595711205,31,12,19,tfidf
mixed_max3_per_class_day_weekly,mixed_max3_per_class_day,mixed,max3_per_class_day,2024-11-04,W,weekly,0.6333783400788771,32,14,18,tfidf
mixed_max3_per_class_day_weekly,mixed_max3_per_class_day,mixed,max3_per_class_day,2024-11-11,W,weekly,0.6699834019098045,27,12,15,tfidf
mixed_max3_per_class_day_weekly,mixed_max3_per_class_day,mixed,max3_per_class_day,2024-11-18,W,weekly,0.6739075395361301,35,14,21,tfidf
mixed_max3_per_class_day_weekly,mixed_max3_per_class_day,mixed,max3_per_class_day,2024-11-25,W,weekly,0.797077265577659,34,13,21,tfidf
mixed_max3_per_class_day_weekly,mixed_max3_per_class_day,mixed,max3_per_class_day,2024-12-02,W,weekly,0.8176333482786057,29,11,18,tfidf
mixed_max3_per_class_day_weekly,mixed_max3_per_class_day,mixed,max3_per_class_day,2024-12-09,W,weekly,0.7784346387612984,34,13,21,tfidf
mixed_max3_per_class_day_weekly,mixed_max3_per_class_day,mixed,max3_per_class_day,2024-12-16,W,weekly,0.7334294628560437,34,13,21,tfidf
mixed_max3_per_class_day_weekly,mixed_max3_per_class_day,mixed,max3_per_class_day,2024-12-23,W,weekly,0.8305292939617461,26,5,21,tfidf
mixed_max3_per_class_day_weekly,mixed_max3_per_class_day,mixed,max3_per_class_day,2024-12-30,W,weekly,0.9042035804400067,30,9,21,tfidf
mixed_max3_per_class_day_weekly,mixed_max3_per_class_day,mixed,max3_per_class_day,2025-01-06,W,weekly,0.7878421011778023,34,13,21,tfidf
mixed_max3_per_class_day_weekly,mixed_max3_per_class_day,mixed,max3_per_class_day,2025-01-13,W,weekly,0.7299418039154327,32,11,21,tfidf
mixed_max3_per_class_day_weekly,mixed_max3_per_class_day,mixed,max3_per_class_day,2025-01-20,W,weekly,0.8136656823393347,35,14,21,tfidf
mixed_max3_per_class_day_weekly,mixed_max3_per_class_day,mixed,max3_per_class_day,2025-01-27,W,weekly,0.7894769390160022,34,13,21,tfidf
mixed_max3_per_class_day_weekly,mixed_max3_per_class_day,mixed,max3_per_class_day,2025-02-03,W,weekly,0.8143452988986728,37,16,21,tfidf
mixed_max3_per_class_day_weekly,mixed_max3_per_class_day,mixed,max3_per_class_day,2025-02-10,W,weekly,0.7435057306169095,31,14,17,tfidf
mixed_raw_weekly,mixed_raw,mixed,raw,2024-02-12,W,weekly,0.38454646775871015,117,22,95,tfidf
mixed_raw_weekly,mixed_raw,mixed,raw,2024-02-19,W,weekly,0.45935188383908265,100,16,84,tfidf
mixed_raw_weekly,mixed_raw,mixed,raw,2024-02-26,W,weekly,0.38988759759495495,175,20,155,tfidf
mixed_raw_weekly,mixed_raw,mixed,raw,2024-03-04,W,weekly,0.4358537727083537,95,17,78,tfidf
mixed_raw_weekly,mixed_raw,mixed,raw,2024-03-11,W,weekly,0.4460764280012848,115,22,93,tfidf
mixed_raw_weekly,mixed_raw,mixed,raw,2024-03-18,W,weekly,0.40258581847932207,86,9,77,tfidf
mixed_raw_weekly,mixed_raw,mixed,raw,2024-03-25,W,weekly,0.5053461050671696,137,11,126,tfidf
mixed_raw_weekly,mixed_raw,mixed,raw,2024-04-01,W,weekly,0.4346127390639153,153,21,132,tfidf
mixed_raw_weekly,mixed_raw,mixed,raw,2024-04-08,W,weekly,0.37322171145446814,101,19,82,tfidf
mixed_raw_weekly,mixed_raw,mixed,raw,2024-04-15,W,weekly,0.6026962343834528,59,17,42,tfidf
mixed_raw_weekly,mixed_raw,mixed,raw,2024-04-22,W,weekly,0.6297672772390145,115,16,99,tfidf
mixed_raw_weekly,mixed_raw,mixed,raw,2024-04-29,W,weekly,0.3524251627191928,174,20,154,tfidf
mixed_raw_weekly,mixed_raw,mixed,raw,2024-05-06,W,weekly,0.3595322341341618,97,16,81,tfidf
mixed_raw_weekly,mixed_raw,mixed,raw,2024-05-13,W,weekly,0.472658262370912,104,11,93,tfidf
mixed_raw_weekly,mixed_raw,mixed,raw,2024-05-20,W,weekly,0.34769460530925345,78,8,70,tfidf
mixed_raw_weekly,mixed_raw,mixed,raw,2024-05-27,W,weekly,0.4109631913509053,146,10,136,tfidf
mixed_raw_weekly,mixed_raw,mixed,raw,2024-06-03,W,weekly,0.4459339953353809,86,15,71,tfidf
mixed_raw_weekly,mixed_raw,mixed,raw,2024-06-10,W,weekly,0.3587412110582955,111,19,92,tfidf
mixed_raw_weekly,mixed_raw,mixed,raw,2024-06-17,W,weekly,0.37829496673562624,96,12,84,tfidf
mixed_raw_weekly,mixed_raw,mixed,raw,2024-06-24,W,weekly,0.3555592831681146,135,15,120,tfidf
mixed_raw_weekly,mixed_raw,mixed,raw,2024-07-01,W,weekly,0.43906639488971655,127,14,113,tfidf
mixed_raw_weekly,mixed_raw,mixed,raw,2024-07-08,W,weekly,0.48726496196275537,119,17,102,tfidf
mixed_raw_weekly,mixed_raw,mixed,raw,2024-07-15,W,weekly,0.2811763863347043,130,24,106,tfidf
mixed_raw_weekly,mixed_raw,mixed,raw,2024-07-22,W,weekly,0.5441372105367829,116,14,102,tfidf
mixed_raw_weekly,mixed_raw,mixed,raw,2024-07-29,W,weekly,0.5217593557610051,183,16,167,tfidf
mixed_raw_weekly,mixed_raw,mixed,raw,2024-08-05,W,weekly,0.4661771663818177,82,14,68,tfidf
mixed_raw_weekly,mixed_raw,mixed,raw,2024-08-12,W,weekly,0.3377574475064282,127,18,109,tfidf
mixed_raw_weekly,mixed_raw,mixed,raw,2024-08-19,W,weekly,0.26648985696428473,141,23,118,tfidf
mixed_raw_weekly,mixed_raw,mixed,raw,2024-08-26,W,weekly,0.29684056670840175,168,15,153,tfidf
mixed_raw_weekly,mixed_raw,mixed,raw,2024-09-02,W,weekly,0.27930225035792833,119,22,97,tfidf
mixed_raw_weekly,mixed_raw,mixed,raw,2024-09-09,W,weekly,0.2997674855927963,126,21,105,tfidf
mixed_raw_weekly,mixed_raw,mixed,raw,2024-09-16,W,weekly,0.2612160487959454,119,14,105,tfidf
mixed_raw_weekly,mixed_raw,mixed,raw,2024-09-23,W,weekly,0.23361147182873798,136,25,111,tfidf
mixed_raw_weekly,mixed_raw,mixed,raw,2024-09-30,W,weekly,0.2645437833695796,164,12,152,tfidf
mixed_raw_weekly,mixed_raw,mixed,raw,2024-10-07,W,weekly,0.23859318901972149,132,19,113,tfidf
mixed_raw_weekly,mixed_raw,mixed,raw,2024-10-14,W,weekly,0.29284325535889866,108,12,96,tfidf
mixed_raw_weekly,mixed_raw,mixed,raw,2024-10-21,W,weekly,0.31194663325594907,119,29,90,tfidf
mixed_raw_weekly,mixed_raw,mixed,raw,2024-10-28,W,weekly,0.265519014990793,160,18,142,tfidf
mixed_raw_weekly,mixed_raw,mixed,raw,2024-11-04,W,weekly,0.23228559899397494,131,16,115,tfidf
mixed_raw_weekly,mixed_raw,mixed,raw,2024-11-11,W,weekly,0.3513539655346116,77,21,56,tfidf
mixed_raw_weekly,mixed_raw,mixed,raw,2024-11-18,W,weekly,0.3216195748473958,114,15,99,tfidf
mixed_raw_weekly,mixed_raw,mixed,raw,2024-11-25,W,weekly,0.38948296131460636,136,18,118,tfidf
mixed_raw_weekly,mixed_raw,mixed,raw,2024-12-02,W,weekly,0.44252520134929196,104,14,90,tfidf
mixed_raw_weekly,mixed_raw,mixed,raw,2024-12-09,W,weekly,0.4340884786551955,90,15,75,tfidf
mixed_raw_weekly,mixed_raw,mixed,raw,2024-12-16,W,weekly,0.36877092505624387,117,21,96,tfidf
mixed_raw_weekly,mixed_raw,mixed,raw,2024-12-23,W,weekly,0.5216440789075221,74,6,68,tfidf
mixed_raw_weekly,mixed_raw,mixed,raw,2024-12-30,W,weekly,0.5987243240047505,135,9,126,tfidf
mixed_raw_weekly,mixed_raw,mixed,raw,2025-01-06,W,weekly,0.5093195922998706,101,18,83,tfidf
mixed_raw_weekly,mixed_raw,mixed,raw,2025-01-13,W,weekly,0.42352445581617204,103,15,88,tfidf
mixed_raw_weekly,mixed_raw,mixed,raw,2025-01-20,W,weekly,0.4748695378436185,141,24,117,tfidf
mixed_raw_weekly,mixed_raw,mixed,raw,2025-01-27,W,weekly,0.43382902238227783,154,15,139,tfidf
mixed_raw_weekly,mixed_raw,mixed,raw,2025-02-03,W,weekly,0.397969161919838,147,27,120,tfidf
mixed_raw_weekly,mixed_raw,mixed,raw,2025-02-10,W,weekly,0.3190486436816038,95,19,76,tfidf
mixed_raw_weekly,mixed_raw,mixed,raw,2025-02-17,W,weekly,0.26404861696174575,59,7,52,tfidf
mixed_split_minority_day_weekly,mixed_split_minority_day,mixed,split_minority_day,2024-02-12,W,weekly,0.5694625528947529,148,74,74,tfidf
mixed_split_minority_day_weekly,mixed_split_minority_day,mixed,split_minority_day,2024-02-19,W,weekly,0.538166566448513,150,75,75,tfidf
mixed_split_minority_day_weekly,mixed_split_minority_day,mixed,split_minority_day,2024-02-26,W,weekly,0.43743488787536844,278,139,139,tfidf
mixed_split_minority_day_weekly,mixed_split_minority_day,mixed,split_minority_day,2024-03-04,W,weekly,0.4653488826778279,138,69,69,tfidf
mixed_split_minority_day_weekly,mixed_split_minority_day,mixed,split_minority_day,2024-03-11,W,weekly,0.45876257295515943,186,93,93,tfidf
mixed_split_minority_day_weekly,mixed_split_minority_day,mixed,split_minority_day,2024-03-18,W,weekly,0.44607189573531325,118,59,59,tfidf
mixed_split_minority_day_weekly,mixed_split_minority_day,mixed,split_minority_day,2024-03-25,W,weekly,0.5040350720695903,196,98,98,tfidf
mixed_split_minority_day_weekly,mixed_split_minority_day,mixed,split_minority_day,2024-04-01,W,weekly,0.4740542631451181,226,113,113,tfidf
mixed_split_minority_day_weekly,mixed_split_minority_day,mixed,split_minority_day,2024-04-08,W,weekly,0.39805366659931407,124,62,62,tfidf
mixed_split_minority_day_weekly,mixed_split_minority_day,mixed,split_minority_day,2024-04-15,W,weekly,0.5254764353945695,50,25,25,tfidf
mixed_split_minority_day_weekly,mixed_split_minority_day,mixed,split_minority_day,2024-04-22,W,weekly,0.5829114661784607,146,73,73,tfidf
mixed_split_minority_day_weekly,mixed_split_minority_day,mixed,split_minority_day,2024-04-29,W,weekly,0.39064223785149554,292,146,146,tfidf
mixed_split_minority_day_weekly,mixed_split_minority_day,mixed,split_minority_day,2024-05-06,W,weekly,0.40948632851959565,142,71,71,tfidf
mixed_split_minority_day_weekly,mixed_split_minority_day,mixed,split_minority_day,2024-05-13,W,weekly,0.5284565008898241,146,73,73,tfidf
mixed_split_minority_day_weekly,mixed_split_minority_day,mixed,split_minority_day,2024-05-20,W,weekly,0.4416310310207875,116,58,58,tfidf
mixed_split_minority_day_weekly,mixed_split_minority_day,mixed,split_minority_day,2024-05-27,W,weekly,0.41774514546744235,114,57,57,tfidf
mixed_split_minority_day_weekly,mixed_split_minority_day,mixed,split_minority_day,2024-06-03,W,weekly,0.5493012251055367,94,47,47,tfidf
mixed_split_minority_day_weekly,mixed_split_minority_day,mixed,split_minority_day,2024-06-10,W,weekly,0.41763305694229347,184,92,92,tfidf
mixed_split_minority_day_weekly,mixed_split_minority_day,mixed,split_minority_day,2024-06-17,W,weekly,0.4048358767001752,130,65,65,tfidf
mixed_split_minority_day_weekly,mixed_split_minority_day,mixed,split_minority_day,2024-06-24,W,weekly,0.39059689801459463,200,100,100,tfidf
mixed_split_minority_day_weekly,mixed_split_minority_day,mixed,split_minority_day,2024-07-01,W,weekly,0.5037135482779251,202,101,101,tfidf
mixed_split_minority_day_weekly,mixed_split_minority_day,mixed,split_minority_day,2024-07-08,W,weekly,0.5238027230962186,204,102,102,tfidf
mixed_split_minority_day_weekly,mixed_split_minority_day,mixed,split_minority_day,2024-07-15,W,weekly,0.2902483685422781,172,86,86,tfidf
mixed_split_minority_day_weekly,mixed_split_minority_day,mixed,split_minority_day,2024-07-22,W,weekly,0.6644568640959136,120,60,60,tfidf
mixed_split_minority_day_weekly,mixed_split_minority_day,mixed,split_minority_day,2024-07-29,W,weekly,0.6382462265105029,278,139,139,tfidf
mixed_split_minority_day_weekly,mixed_split_minority_day,mixed,split_minority_day,2024-08-05,W,weekly,0.48215443977814654,104,52,52,tfidf
mixed_split_minority_day_weekly,mixed_split_minority_day,mixed,split_minority_day,2024-08-12,W,weekly,0.38013341572371473,148,74,74,tfidf
mixed_split_minority_day_weekly,mixed_split_minority_day,mixed,split_minority_day,2024-08-19,W,weekly,0.32775141873048597,158,79,79,tfidf
mixed_split_minority_day_weekly,mixed_split_minority_day,mixed,split_minority_day,2024-08-26,W,weekly,0.36174419176377404,126,63,63,tfidf
mixed_split_minority_day_weekly,mixed_split_minority_day,mixed,split_minority_day,2024-09-02,W,weekly,0.3818924995738432,140,70,70,tfidf
mixed_split_minority_day_weekly,mixed_split_minority_day,mixed,split_minority_day,2024-09-09,W,weekly,0.34267230276104077,170,85,85,tfidf
mixed_split_minority_day_weekly,mixed_split_minority_day,mixed,split_minority_day,2024-09-16,W,weekly,0.31649500463412983,156,78,78,tfidf
mixed_split_minority_day_weekly,mixed_split_minority_day,mixed,split_minority_day,2024-09-23,W,weekly,0.30940863241740235,146,73,73,tfidf
mixed_split_minority_day_weekly,mixed_split_minority_day,mixed,split_minority_day,2024-09-30,W,weekly,0.3247851211043664,274,137,137,tfidf
mixed_split_minority_day_weekly,mixed_split_minority_day,mixed,split_minority_day,2024-10-07,W,weekly,0.2627630560390809,186,93,93,tfidf
mixed_split_minority_day_weekly,mixed_split_minority_day,mixed,split_minority_day,2024-10-14,W,weekly,0.30394473671856925,192,96,96,tfidf
mixed_split_minority_day_weekly,mixed_split_minority_day,mixed,split_minority_day,2024-10-21,W,weekly,0.30818349145252455,192,96,96,tfidf
mixed_split_minority_day_weekly,mixed_split_minority_day,mixed,split_minority_day,2024-10-28,W,weekly,0.2953969703538286,246,123,123,tfidf
mixed_split_minority_day_weekly,mixed_split_minority_day,mixed,split_minority_day,2024-11-04,W,weekly,0.2728273608766463,184,92,92,tfidf
mixed_split_minority_day_weekly,mixed_split_minority_day,mixed,split_minority_day,2024-11-11,W,weekly,0.3589461610691598,90,45,45,tfidf
mixed_split_minority_day_weekly,mixed_split_minority_day,mixed,split_minority_day,2024-11-18,W,weekly,0.3261410768615529,174,87,87,tfidf
mixed_split_minority_day_weekly,mixed_split_minority_day,mixed,split_minority_day,2024-11-25,W,weekly,0.4270279731925215,200,100,100,tfidf
mixed_split_minority_day_weekly,mixed_split_minority_day,mixed,split_minority_day,2024-12-02,W,weekly,0.5130332695429881,138,69,69,tfidf
mixed_split_minority_day_weekly,mixed_split_minority_day,mixed,split_minority_day,2024-12-09,W,weekly,0.5606521271175353,100,50,50,tfidf
mixed_split_minority_day_weekly,mixed_split_minority_day,mixed,split_minority_day,2024-12-16,W,weekly,0.46823638934529477,180,90,90,tfidf
mixed_split_minority_day_weekly,mixed_split_minority_day,mixed,split_minority_day,2024-12-23,W,weekly,0.6822051836680907,58,29,29,tfidf
mixed_split_minority_day_weekly,mixed_split_minority_day,mixed,split_minority_day,2024-12-30,W,weekly,0.8026823865868066,136,68,68,tfidf
mixed_split_minority_day_weekly,mixed_split_minority_day,mixed,split_minority_day,2025-01-06,W,weekly,0.5976182391289951,166,83,83,tfidf
mixed_split_minority_day_weekly,mixed_split_minority_day,mixed,split_minority_day,2025-01-13,W,weekly,0.43073161627748213,172,86,86,tfidf
mixed_split_minority_day_weekly,mixed_split_minority_day,mixed,split_minority_day,2025-01-20,W,weekly,0.4829649699244448,234,117,117,tfidf
mixed_split_minority_day_weekly,mixed_split_minority_day,mixed,split_minority_day,2025-01-27,W,weekly,0.4603383015091369,190,95,95,tfidf
mixed_split_minority_day_weekly,mixed_split_minority_day,mixed,split_minority_day,2025-02-03,W,weekly,0.4632643439112918,222,111,111,tfidf
mixed_split_minority_day_weekly,mixed_split_minority_day,mixed,split_minority_day,2025-02-10,W,weekly,0.3327322451490473,112,56,56,tfidf
mixed_split_minority_day_weekly,mixed_split_minority_day,mixed,split_minority_day,2025-02-17,W,weekly,0.3170374840258754,64,32,32,tfidf
right_none_weekly,right_none,right,none,2024-02-12,W,weekly,0.3319867300631767,95,0,95,tfidf
right_none_weekly,right_none,right,none,2024-02-19,W,weekly,0.4095759747720815,84,0,84,tfidf
right_none_weekly,right_none,right,none,2024-02-26,W,weekly,0.3440980052825655,155,0,155,tfidf
right_none_weekly,right_none,right,none,2024-03-04,W,weekly,0.40725347088153374,78,0,78,tfidf
right_none_weekly,right_none,right,none,2024-03-11,W,weekly,0.3799204662574407,93,0,93,tfidf
right_none_weekly,right_none,right,none,2024-03-18,W,weekly,0.32258233829306016,77,0,77,tfidf
right_none_weekly,right_none,right,none,2024-03-25,W,weekly,0.5093351243148295,126,0,126,tfidf
right_none_weekly,right_none,right,none,2024-04-01,W,weekly,0.4036772601989458,132,0,132,tfidf
right_none_weekly,right_none,right,none,2024-04-08,W,weekly,0.26501162983638693,82,0,82,tfidf
right_none_weekly,right_none,right,none,2024-04-15,W,weekly,0.4071323423080191,42,0,42,tfidf
right_none_weekly,right_none,right,none,2024-04-22,W,weekly,0.4001716303682006,99,0,99,tfidf
right_none_weekly,right_none,right,none,2024-04-29,W,weekly,0.3150941043027302,154,0,154,tfidf
right_none_weekly,right_none,right,none,2024-05-06,W,weekly,0.3229199447731579,81,0,81,tfidf
right_none_weekly,right_none,right,none,2024-05-13,W,weekly,0.43086565627162154,93,0,93,tfidf
right_none_weekly,right_none,right,none,2024-05-20,W,weekly,0.3367400647151402,70,0,70,tfidf
right_none_weekly,right_none,right,none,2024-05-27,W,weekly,0.3955043268998405,136,0,136,tfidf
right_none_weekly,right_none,right,none,2024-06-03,W,weekly,0.387986697515901,71,0,71,tfidf
right_none_weekly,right_none,right,none,2024-06-10,W,weekly,0.3059436564668443,92,0,92,tfidf
right_none_weekly,right_none,right,none,2024-06-17,W,weekly,0.34764924963383803,84,0,84,tfidf
right_none_weekly,right_none,right,none,2024-06-24,W,weekly,0.32314668054678897,120,0,120,tfidf
right_none_weekly,right_none,right,none,2024-07-01,W,weekly,0.3564218739559195,113,0,113,tfidf
right_none_weekly,right_none,right,none,2024-07-08,W,weekly,0.449790707177269,102,0,102,tfidf
right_none_weekly,right_none,right,none,2024-07-15,W,weekly,0.2101484599906116,106,0,106,tfidf
right_none_weekly,right_none,right,none,2024-07-22,W,weekly,0.23120457047681442,102,0,102,tfidf
right_none_weekly,right_none,right,none,2024-07-29,W,weekly,0.21234426042663412,167,0,167,tfidf
right_none_weekly,right_none,right,none,2024-08-05,W,weekly,0.4034054009888184,68,0,68,tfidf
right_none_weekly,right_none,right,none,2024-08-12,W,weekly,0.2505110633878882,109,0,109,tfidf
right_none_weekly,right_none,right,none,2024-08-19,W,weekly,0.23139615144355274,118,0,118,tfidf
right_none_weekly,right_none,right,none,2024-08-26,W,weekly,0.28251597357443015,153,0,153,tfidf
right_none_weekly,right_none,right,none,2024-09-02,W,weekly,0.23250293463657712,97,0,97,tfidf
right_none_weekly,right_none,right,none,2024-09-09,W,weekly,0.23586772423141178,105,0,105,tfidf
right_none_weekly,right_none,right,none,2024-09-16,W,weekly,0.23008752987489345,105,0,105,tfidf
right_none_weekly,right_none,right,none,2024-09-23,W,weekly,0.177855730812853,111,0,111,tfidf
right_none_weekly,right_none,right,none,2024-09-30,W,weekly,0.23520283625750227,152,0,152,tfidf
right_none_weekly,right_none,right,none,2024-10-07,W,weekly,0.20651280733948063,113,0,113,tfidf
right_none_weekly,right_none,right,none,2024-10-14,W,weekly,0.21714558836131292,96,0,96,tfidf
right_none_weekly,right_none,right,none,2024-10-21,W,weekly,0.2076987488869524,90,0,90,tfidf
right_none_weekly,right_none,right,none,2024-10-28,W,weekly,0.2268923925812576,142,0,142,tfidf
right_none_weekly,right_none,right,none,2024-11-04,W,weekly,0.22019885265779426,115,0,115,tfidf
right_none_weekly,right_none,right,none,2024-11-11,W,weekly,0.2987377239587128,56,0,56,tfidf
right_none_weekly,right_none,right,none,2024-11-18,W,weekly,0.21383780454420265,99,0,99,tfidf
right_none_weekly,right_none,right,none,2024-11-25,W,weekly,0.2960083029963897,118,0,118,tfidf
right_none_weekly,right_none,right,none,2024-12-02,W,weekly,0.3434541084321514,90,0,90,tfidf
right_none_weekly,right_none,right,none,2024-12-09,W,weekly,0.26275879902883115,75,0,75,tfidf
right_none_weekly,right_none,right,none,2024-12-16,W,weekly,0.26357301751717443,96,0,96,tfidf
right_none_weekly,right_none,right,none,2024-12-23,W,weekly,0.2912504458148697,68,0,68,tfidf
right_none_weekly,right_none,right,none,2024-12-30,W,weekly,0.31503786736533135,126,0,126,tfidf
right_none_weekly,right_none,right,none,2025-01-06,W,weekly,0.3799135891402552,83,0,83,tfidf
right_none_weekly,right_none,right,none,2025-01-13,W,weekly,0.32500844944080354,88,0,88,tfidf
right_none_weekly,right_none,right,none,2025-01-20,W,weekly,0.38949915968864723,117,0,117,tfidf
right_none_weekly,right_none,right,none,2025-01-27,W,weekly,0.36290766417996556,139,0,139,tfidf
right_none_weekly,right_none,right,none,2025-02-03,W,weekly,0.30341980600449614,120,0,120,tfidf
right_none_weekly,right_none,right,none,2025-02-10,W,weekly,0.2169367177395356,76,0,76,tfidf
right_none_weekly,right_none,right,none,2025-02-17,W,weekly,0.2032755415419082,52,0,52,tfidf
left_none_weekly,left_none,left,none,2024-02-12,W,weekly,0.36883244038947516,22,22,0,embedding
left_none_weekly,left_none,left,none,2024-02-19,W,weekly,0.6179558274864975,16,16,0,embedding
left_none_weekly,left_none,left,none,2024-02-26,W,weekly,0.700264376174716,20,20,0,embedding
left_none_weekly,left_none,left,none,2024-03-04,W,weekly,0.7635634875251407,17,17,0,embedding
left_none_weekly,left_none,left,none,2024-03-11,W,weekly,0.307929800736243,22,22,0,embedding
left_none_weekly,left_none,left,none,2024-04-01,W,weekly,0.6526533452559866,21,21,0,embedding
left_none_weekly,left_none,left,none,2024-04-08,W,weekly,0.7002712986071494,19,19,0,embedding
left_none_weekly,left_none,left,none,2024-04-15,W,weekly,0.5616859884953309,17,17,0,embedding
left_none_weekly,left_none,left,none,2024-04-22,W,weekly,0.6288634799379034,16,16,0,embedding
left_none_weekly,left_none,left,none,2024-04-29,W,weekly,0.7619635619635847,20,20,0,embedding
left_none_weekly,left_none,left,none,2024-05-06,W,weekly,0.6395107535877625,16,16,0,embedding
left_none_weekly,left_none,left,none,2024-06-03,W,weekly,0.6884407055199563,15,15,0,embedding
left_none_weekly,left_none,left,none,2024-06-10,W,weekly,0.6636212840896061,19,19,0,embedding
left_none_weekly,left_none,left,none,2024-06-24,W,weekly,0.9065230889610842,15,15,0,embedding
left_none_weekly,left_none,left,none,2024-07-08,W,weekly,0.9247185999834213,17,17,0,embedding
left_none_weekly,left_none,left,none,2024-07-15,W,weekly,0.5751794513468562,24,24,0,embedding
left_none_weekly,left_none,left,none,2024-07-29,W,weekly,0.5066536588344113,16,16,0,embedding
left_none_weekly,left_none,left,none,2024-08-12,W,weekly,0.6813394094952134,18,18,0,embedding
left_none_weekly,left_none,left,none,2024-08-19,W,weekly,0.7000163863964934,23,23,0,embedding
left_none_weekly,left_none,left,none,2024-08-26,W,weekly,0.6595437934380646,15,15,0,embedding
left_none_weekly,left_none,left,none,2024-09-02,W,weekly,0.4636003579423815,22,22,0,embedding
left_none_weekly,left_none,left,none,2024-09-09,W,weekly,0.699405164056101,21,21,0,embedding
left_none_weekly,left_none,left,none,2024-09-23,W,weekly,0.7131342029058312,25,25,0,embedding
left_none_weekly,left_none,left,none,2024-10-07,W,weekly,0.32479565899475826,19,19,0,embedding
left_none_weekly,left_none,left,none,2024-10-21,W,weekly,0.6075589302691292,29,29,0,embedding
left_none_weekly,left_none,left,none,2024-10-28,W,weekly,0.4831906097787171,18,18,0,embedding
left_none_weekly,left_none,left,none,2024-11-04,W,weekly,0.8482883015702831,16,16,0,embedding
left_none_weekly,left_none,left,none,2024-11-11,W,weekly,0.8602614328572711,21,21,0,embedding
left_none_weekly,left_none,left,none,2024-11-18,W,weekly,0.6592370470905963,15,15,0,embedding
left_none_weekly,left_none,left,none,2024-11-25,W,weekly,0.6079752199383249,18,18,0,embedding
left_none_weekly,left_none,left,none,2024-12-09,W,weekly,0.5037291010804585,15,15,0,embedding
left_none_weekly,left_none,left,none,2024-12-16,W,weekly,0.5340426528481188,21,21,0,embedding
left_none_weekly,left_none,left,none,2025-01-06,W,weekly,0.4903035227387278,18,18,0,embedding
left_none_weekly,left_none,left,none,2025-01-13,W,weekly,0.6571424393697534,15,15,0,embedding
left_none_weekly,left_none,left,none,2025-01-20,W,weekly,0.6121706683777229,24,24,0,embedding
left_none_weekly,left_none,left,none,2025-01-27,W,weekly,0.3791378481348513,15,15,0,embedding
left_none_weekly,left_none,left,none,2025-02-03,W,weekly,0.6469421922262911,27,27,0,embedding
left_none_weekly,left_none,left,none,2025-02-10,W,weekly,0.6571123446918394,19,19,0,embedding
mixed_global_undersampled_weekly,mixed_global_undersampled,mixed,global_undersampled,2024-02-12,W,weekly,0.3646929232574392,41,22,19,embedding
mixed_global_undersampled_weekly,mixed_global_undersampled,mixed,global_undersampled,2024-02-19,W,weekly,0.6538233912883713,31,16,15,embedding
mixed_global_undersampled_weekly,mixed_global_undersampled,mixed,global_undersampled,2024-02-26,W,weekly,0.700264376174716,48,20,28,embedding
mixed_global_undersampled_weekly,mixed_global_undersampled,mixed,global_undersampled,2024-03-04,W,weekly,0.7244431084027834,36,17,19,embedding
mixed_global_undersampled_weekly,mixed_global_undersampled,mixed,global_undersampled,2024-03-11,W,weekly,0.3549814004094254,37,22,15,embedding
mixed_global_undersampled_weekly,mixed_global_undersampled,mixed,global_undersampled,2024-03-18,W,weekly,0.574099322076128,19,9,10,embedding
mixed_global_undersampled_weekly,mixed_global_undersampled,mixed,global_undersampled,2024-03-25,W,weekly,0.6406046488173966,35,11,24,embedding
mixed_global_undersampled_weekly,mixed_global_undersampled,mixed,global_undersampled,2024-04-01,W,weekly,0.7588148022066551,44,21,23,embedding
mixed_global_undersampled_weekly,mixed_global_undersampled,mixed,global_undersampled,2024-04-08,W,weekly,0.7002712986071494,28,19,9,embedding
mixed_global_undersampled_weekly,mixed_global_undersampled,mixed,global_undersampled,2024-04-15,W,weekly,0.5616859884953309,28,17,11,embedding
mixed_global_undersampled_weekly,mixed_global_undersampled,mixed,global_undersampled,2024-04-22,W,weekly,0.6288634799379034,36,16,20,embedding
mixed_global_undersampled_weekly,mixed_global_undersampled,mixed,global_undersampled,2024-04-29,W,weekly,0.7619635619635847,53,20,33,embedding
mixed_global_undersampled_weekly,mixed_global_undersampled,mixed,global_undersampled,2024-05-06,W,weekly,0.6395107535877625,28,16,12,embedding
mixed_global_undersampled_weekly,mixed_global_undersampled,mixed,global_undersampled,2024-05-13,W,weekly,0.5239232676477867,22,11,11,embedding
mixed_global_undersampled_weekly,mixed_global_undersampled,mixed,global_undersampled,2024-05-20,W,weekly,0.5034749537198497,23,8,15,embedding
mixed_global_undersampled_weekly,mixed_global_undersampled,mixed,global_undersampled,2024-05-27,W,weekly,0.45809658319018276,40,10,30,embedding
mixed_global_undersampled_weekly,mixed_global_undersampled,mixed,global_undersampled,2024-06-03,W,weekly,0.5463039169991798,27,15,12,embedding
mixed_global_undersampled_weekly,mixed_global_undersampled,mixed,global_undersampled,2024-06-10,W,weekly,0.6430476454638402,36,19,17,embedding
mixed_global_undersampled_weekly,mixed_global_undersampled,mixed,global_undersampled,2024-06-17,W,weekly,0.8751451938681195,24,12,12,embedding
mixed_global_undersampled_weekly,mixed_global_undersampled,mixed,global_undersampled,2024-06-24,W,weekly,0.7480447938040631,31,15,16,embedding
mixed_global_undersampled_weekly,mixed_global_undersampled,mixed,global_undersampled,2024-07-01,W,weekly,0.8051831982575726,36,14,22,embedding
mixed_global_undersampled_weekly,mixed_global_undersampled,mixed,global_undersampled,2024-07-08,W,weekly,0.5677279903584722,31,17,14,embedding
mixed_global_undersampled_weekly,mixed_global_undersampled,mixed,global_undersampled,2024-07-15,W,weekly,0.4446960909367592,38,24,14,embedding
mixed_global_undersampled_weekly,mixed_global_undersampled,mixed,global_undersampled,2024-07-22,W,weekly,0.5384344679309452,26,14,12,embedding
mixed_global_undersampled_weekly,mixed_global_undersampled,mixed,global_undersampled,2024-07-29,W,weekly,0.5974823851056414,46,16,30,embedding
mixed_global_undersampled_weekly,mixed_global_undersampled,mixed,global_undersampled,2024-08-05,W,weekly,0.7624398489088917,27,14,13,embedding
mixed_global_undersampled_weekly,mixed_global_undersampled,mixed,global_undersampled,2024-08-12,W,weekly,0.8147472669650314,36,18,18,embedding
mixed_global_undersampled_weekly,mixed_global_undersampled,mixed,global_undersampled,2024-08-19,W,weekly,0.7037308949684512,42,23,19,embedding
mixed_global_undersampled_weekly,mixed_global_undersampled,mixed,global_undersampled,2024-08-26,W,weekly,0.4804065757642322,37,15,22,embedding
mixed_global_undersampled_weekly,mixed_global_undersampled,mixed,global_undersampled,2024-09-02,W,weekly,0.5010576537746614,36,22,14,embedding
mixed_global_undersampled_weekly,mixed_global_undersampled,mixed,global_undersampled,2024-09-09,W,weekly,0.6462086491968799,34,21,13,embedding
mixed_global_undersampled_weekly,mixed_global_undersampled,mixed,global_undersampled,2024-09-16,W,weekly,0.6922613081420808,30,14,16,embedding
mixed_global_undersampled_weekly,mixed_global_undersampled,mixed,global_undersampled,2024-09-23,W,weekly,0.35564432664146994,43,25,18,embedding
mixed_global_undersampled_weekly,mixed_global_undersampled,mixed,global_undersampled,2024-09-30,W,weekly,0.4132765080196791,32,12,20,embedding
mixed_global_undersampled_weekly,mixed_global_undersampled,mixed,global_undersampled,2024-10-07,W,weekly,0.38920190510441444,36,19,17,embedding
mixed_global_undersampled_weekly,mixed_global_undersampled,mixed,global_undersampled,2024-10-14,W,weekly,0.7097622495602882,25,12,13,embedding
mixed_global_undersampled_weekly,mixed_global_undersampled,mixed,global_undersampled,2024-10-21,W,weekly,0.862944485870413,51,29,22,embedding
mixed_global_undersampled_weekly,mixed_global_undersampled,mixed,global_undersampled,2024-10-28,W,weekly,0.5391223267477483,34,18,16,embedding
mixed_global_undersampled_weekly,mixed_global_undersampled,mixed,global_undersampled,2024-11-04,W,weekly,0.7597967336019165,27,16,11,embedding
mixed_global_undersampled_weekly,mixed_global_undersampled,mixed,global_undersampled,2024-11-11,W,weekly,0.74155608919902,27,21,6,embedding
mixed_global_undersampled_weekly,mixed_global_undersampled,mixed,global_undersampled,2024-11-18,W,weekly,0.5651702535420251,35,15,20,embedding
mixed_global_undersampled_weekly,mixed_global_undersampled,mixed,global_undersampled,2024-11-25,W,weekly,0.34558511000513503,39,18,21,embedding
mixed_global_undersampled_weekly,mixed_global_undersampled,mixed,global_undersampled,2024-12-02,W,weekly,0.8154836900754067,28,14,14,embedding
mixed_global_undersampled_weekly,mixed_global_undersampled,mixed,global_undersampled,2024-12-09,W,weekly,0.9302814762490204,25,15,10,embedding
mixed_global_undersampled_weekly,mixed_global_undersampled,mixed,global_undersampled,2024-12-16,W,weekly,0.32294939709691883,32,21,11,embedding
mixed_global_undersampled_weekly,mixed_global_undersampled,mixed,global_undersampled,2024-12-23,W,weekly,0.4706058950746751,20,6,14,embedding
mixed_global_undersampled_weekly,mixed_global_undersampled,mixed,global_undersampled,2024-12-30,W,weekly,0.49390858400112636,33,9,24,embedding
mixed_global_undersampled_weekly,mixed_global_undersampled,mixed,global_undersampled,2025-01-06,W,weekly,0.4567644529452638,29,18,11,embedding
mixed_global_undersampled_weekly,mixed_global_undersampled,mixed,global_undersampled,2025-01-13,W,weekly,0.6331789094380853,26,15,11,embedding
mixed_global_undersampled_weekly,mixed_global_undersampled,mixed,global_undersampled,2025-01-20,W,weekly,0.6121706683777229,45,24,21,embedding
mixed_global_undersampled_weekly,mixed_global_undersampled,mixed,global_undersampled,2025-01-27,W,weekly,0.47426930868563677,39,15,24,embedding
mixed_global_undersampled_weekly,mixed_global_undersampled,mixed,global_undersampled,2025-02-03,W,weekly,0.5698475463546895,51,27,24,embedding
mixed_global_undersampled_weekly,mixed_global_undersampled,mixed,global_undersampled,2025-02-10,W,weekly,0.5703469119731817,29,19,10,embedding
mixed_global_undersampled_weekly,mixed_global_undersampled,mixed,global_undersampled,2025-02-17,W,weekly,0.5477082090705029,16,7,9,embedding
mixed_max3_per_class_day_weekly,mixed_max3_per_class_day,mixed,max3_per_class_day,2024-02-12,W,weekly,0.4562082069909905,31,16,15,embedding
mixed_max3_per_class_day_weekly,mixed_max3_per_class_day,mixed,max3_per_class_day,2024-02-19,W,weekly,0.5574751071274313,31,16,15,embedding
mixed_max3_per_class_day_weekly,mixed_max3_per_class_day,mixed,max3_per_class_day,2024-02-26,W,weekly,0.8892282123902422,38,17,21,embedding
mixed_max3_per_class_day_weekly,mixed_max3_per_class_day,mixed,max3_per_class_day,2024-03-04,W,weekly,0.7635634875251407,33,15,18,embedding
mixed_max3_per_class_day_weekly,mixed_max3_per_class_day,mixed,max3_per_class_day,2024-03-11,W,weekly,0.5147052716556534,34,16,18,embedding
mixed_max3_per_class_day_weekly,mixed_max3_per_class_day,mixed,max3_per_class_day,2024-03-18,W,weekly,0.5756332081009552,30,9,21,embedding
mixed_max3_per_class_day_weekly,mixed_max3_per_class_day,mixed,max3_per_class_day,2024-03-25,W,weekly,0.5890403403399808,31,10,21,embedding
mixed_max3_per_class_day_weekly,mixed_max3_per_class_day,mixed,max3_per_class_day,2024-04-01,W,weekly,0.7539741210638893,37,16,21,embedding
mixed_max3_per_class_day_weekly,mixed_max3_per_class_day,mixed,max3_per_class_day,2024-04-08,W,weekly,0.7002712986071494,30,12,18,embedding
mixed_max3_per_class_day_weekly,mixed_max3_per_class_day,mixed,max3_per_class_day,2024-04-15,W,weekly,0.5616859884953309,26,14,12,embedding
mixed_max3_per_class_day_weekly,mixed_max3_per_class_day,mixed,max3_per_class_day,2024-04-22,W,weekly,0.6288634799379034,30,12,18,embedding
mixed_max3_per_class_day_weekly,mixed_max3_per_class_day,mixed,max3_per_class_day,2024-04-29,W,weekly,0.7619635619635847,35,14,21,embedding
mixed_max3_per_class_day_weekly,mixed_max3_per_class_day,mixed,max3_per_class_day,2024-05-06,W,weekly,0.5045173394079774,30,12,18,embedding
mixed_max3_per_class_day_weekly,mixed_max3_per_class_day,mixed,max3_per_class_day,2024-05-13,W,weekly,0.3608415729544381,30,9,21,embedding
mixed_max3_per_class_day_weekly,mixed_max3_per_class_day,mixed,max3_per_class_day,2024-05-20,W,weekly,0.3634492155165219,25,7,18,embedding
mixed_max3_per_class_day_weekly,mixed_max3_per_class_day,mixed,max3_per_class_day,2024-05-27,W,weekly,0.49789250629600035,31,10,21,embedding
mixed_max3_per_class_day_weekly,mixed_max3_per_class_day,mixed,max3_per_class_day,2024-06-03,W,weekly,0.7264984506353089,29,11,18,embedding
mixed_max3_per_class_day_weekly,mixed_max3_per_class_day,mixed,max3_per_class_day,2024-06-10,W,weekly,0.6671223134978985,35,14,21,embedding
mixed_max3_per_class_day_weekly,mixed_max3_per_class_day,mixed,max3_per_class_day,2024-06-17,W,weekly,0.8775265395228391,29,11,18,embedding
mixed_max3_per_class_day_weekly,mixed_max3_per_class_day,mixed,max3_per_class_day,2024-06-24,W,weekly,0.7480447938040631,32,11,21,embedding
mixed_max3_per_class_day_weekly,mixed_max3_per_class_day,mixed,max3_per_class_day,2024-07-01,W,weekly,0.8796143582078751,31,10,21,embedding
mixed_max3_per_class_day_weekly,mixed_max3_per_class_day,mixed,max3_per_class_day,2024-07-08,W,weekly,0.6474760941742885,32,14,18,embedding
mixed_max3_per_class_day_weekly,mixed_max3_per_class_day,mixed,max3_per_class_day,2024-07-15,W,weekly,0.3291159042811094,32,14,18,embedding
mixed_max3_per_class_day_weekly,mixed_max3_per_class_day,mixed,max3_per_class_day,2024-07-22,W,weekly,0.35609216425405266,32,11,21,embedding
mixed_max3_per_class_day_weekly,mixed_max3_per_class_day,mixed,max3_per_class_day,2024-07-29,W,weekly,0.3090536068597478,30,9,21,embedding
mixed_max3_per_class_day_weekly,mixed_max3_per_class_day,mixed,max3_per_class_day,2024-08-05,W,weekly,0.7681027831767022,32,11,21,embedding
mixed_max3_per_class_day_weekly,mixed_max3_per_class_day,mixed,max3_per_class_day,2024-08-12,W,weekly,0.5738877071293277,36,15,21,embedding
mixed_max3_per_class_day_weekly,mixed_max3_per_class_day,mixed,max3_per_class_day,2024-08-19,W,weekly,0.4965967469499122,33,12,21,embedding
mixed_max3_per_class_day_weekly,mixed_max3_per_class_day,mixed,max3_per_class_day,2024-08-26,W,weekly,0.34495265171276923,29,8,21,embedding
mixed_max3_per_class_day_weekly,mixed_max3_per_class_day,mixed,max3_per_class_day,2024-09-02,W,weekly,0.5156619517231686,36,15,21,embedding
mixed_max3_per_class_day_weekly,mixed_max3_per_class_day,mixed,max3_per_class_day,2024-09-09,W,weekly,0.7130836038004198,37,16,21,embedding
mixed_max3_per_class_day_weekly,mixed_max3_per_class_day,mixed,max3_per_class_day,2024-09-16,W,weekly,0.6922613081420808,33,12,21,embedding
mixed_max3_per_class_day_weekly,mixed_max3_per_class_day,mixed,max3_per_class_day,2024-09-23,W,weekly,0.35564432664146994,32,11,21,embedding
mixed_max3_per_class_day_weekly,mixed_max3_per_class_day,mixed,max3_per_class_day,2024-09-30,W,weekly,0.44182061053976285,33,12,21,embedding
mixed_max3_per_class_day_weekly,mixed_max3_per_class_day,mixed,max3_per_class_day,2024-10-07,W,weekly,0.32567451952945237,35,14,21,embedding
mixed_max3_per_class_day_weekly,mixed_max3_per_class_day,mixed,max3_per_class_day,2024-10-14,W,weekly,0.6287584210273562,33,12,21,embedding
mixed_max3_per_class_day_weekly,mixed_max3_per_class_day,mixed,max3_per_class_day,2024-10-21,W,weekly,0.6642140328555355,36,18,18,embedding
mixed_max3_per_class_day_weekly,mixed_max3_per_class_day,mixed,max3_per_class_day,2024-10-28,W,weekly,0.3590345900250864,31,12,19,embedding
mixed_max3_per_class_day_weekly,mixed_max3_per_class_day,mixed,max3_per_class_day,2024-11-04,W,weekly,0.7203519104213434,32,14,18,embedding
mixed_max3_per_class_day_weekly,mixed_max3_per_class_day,mixed,max3_per_class_day,2024-11-11,W,weekly,0.7923939517624511,27,12,15,embedding
mixed_max3_per_class_day_weekly,mixed_max3_per_class_day,mixed,max3_per_class_day,2024-11-18,W,weekly,0.6592370470905963,35,14,21,embedding
mixed_max3_per_class_day_weekly,mixed_max3_per_class_day,mixed,max3_per_class_day,2024-11-25,W,weekly,0.6292921685053832,34,13,21,embedding
mixed_max3_per_class_day_weekly,mixed_max3_per_class_day,mixed,max3_per_class_day,2024-12-02,W,weekly,0.4966508856342442,29,11,18,embedding
mixed_max3_per_class_day_weekly,mixed_max3_per_class_day,mixed,max3_per_class_day,2024-12-09,W,weekly,0.5737741943903238,34,13,21,embedding
mixed_max3_per_class_day_weekly,mixed_max3_per_class_day,mixed,max3_per_class_day,2024-12-16,W,weekly,0.4408984022160589,34,13,21,embedding
mixed_max3_per_class_day_weekly,mixed_max3_per_class_day,mixed,max3_per_class_day,2024-12-23,W,weekly,0.5104043885694862,26,5,21,embedding
mixed_max3_per_class_day_weekly,mixed_max3_per_class_day,mixed,max3_per_class_day,2024-12-30,W,weekly,0.5560036749879398,30,9,21,embedding
mixed_max3_per_class_day_weekly,mixed_max3_per_class_day,mixed,max3_per_class_day,2025-01-06,W,weekly,0.5281329740624272,34,13,21,embedding
mixed_max3_per_class_day_weekly,mixed_max3_per_class_day,mixed,max3_per_class_day,2025-01-13,W,weekly,0.6581310414474835,32,11,21,embedding
mixed_max3_per_class_day_weekly,mixed_max3_per_class_day,mixed,max3_per_class_day,2025-01-20,W,weekly,0.6276301235534183,35,14,21,embedding
mixed_max3_per_class_day_weekly,mixed_max3_per_class_day,mixed,max3_per_class_day,2025-01-27,W,weekly,0.521634156097208,34,13,21,embedding
mixed_max3_per_class_day_weekly,mixed_max3_per_class_day,mixed,max3_per_class_day,2025-02-03,W,weekly,0.5098702711888572,37,16,21,embedding
mixed_max3_per_class_day_weekly,mixed_max3_per_class_day,mixed,max3_per_class_day,2025-02-10,W,weekly,0.6346727841867539,31,14,17,embedding
mixed_raw_weekly,mixed_raw,mixed,raw,2024-02-12,W,weekly,0.5465227695040825,117,22,95,embedding
mixed_raw_weekly,mixed_raw,mixed,raw,2024-02-19,W,weekly,0.45756444289667164,100,16,84,embedding
mixed_raw_weekly,mixed_raw,mixed,raw,2024-02-26,W,weekly,0.5082253923034632,175,20,155,embedding
mixed_raw_weekly,mixed_raw,mixed,raw,2024-03-04,W,weekly,0.6878819285873802,95,17,78,embedding
mixed_raw_weekly,mixed_raw,mixed,raw,2024-03-11,W,weekly,0.5530263764262466,115,22,93,embedding
mixed_raw_weekly,mixed_raw,mixed,raw,2024-03-18,W,weekly,0.5465251118220232,86,9,77,embedding
mixed_raw_weekly,mixed_raw,mixed,raw,2024-03-25,W,weekly,0.5435522128228472,137,11,126,embedding
mixed_raw_weekly,mixed_raw,mixed,raw,2024-04-01,W,weekly,0.7557168292997021,153,21,132,embedding
mixed_raw_weekly,mixed_raw,mixed,raw,2024-04-08,W,weekly,0.6785691770393911,101,19,82,embedding
mixed_raw_weekly,mixed_raw,mixed,raw,2024-04-15,W,weekly,0.5865689392435096,59,17,42,embedding
mixed_raw_weekly,mixed_raw,mixed,raw,2024-04-22,W,weekly,0.6288634799379034,115,16,99,embedding
mixed_raw_weekly,mixed_raw,mixed,raw,2024-04-29,W,weekly,0.7421682824915223,174,20,154,embedding
mixed_raw_weekly,mixed_raw,mixed,raw,2024-05-06,W,weekly,0.43435132515627917,97,16,81,embedding
mixed_raw_weekly,mixed_raw,mixed,raw,2024-05-13,W,weekly,0.40178317445785794,104,11,93,embedding
mixed_raw_weekly,mixed_raw,mixed,raw,2024-05-20,W,weekly,0.42641029020061905,78,8,70,embedding
mixed_raw_weekly,mixed_raw,mixed,raw,2024-05-27,W,weekly,0.49245346493782804,146,10,136,embedding
mixed_raw_weekly,mixed_raw,mixed,raw,2024-06-03,W,weekly,0.2733726280284564,86,15,71,embedding
mixed_raw_weekly,mixed_raw,mixed,raw,2024-06-10,W,weekly,0.3897620922312903,111,19,92,embedding
mixed_raw_weekly,mixed_raw,mixed,raw,2024-06-17,W,weekly,0.8291299002962438,96,12,84,embedding
mixed_raw_weekly,mixed_raw,mixed,raw,2024-06-24,W,weekly,0.7386930673374064,135,15,120,embedding
mixed_raw_weekly,mixed_raw,mixed,raw,2024-07-01,W,weekly,0.6821212107371976,127,14,113,embedding
mixed_raw_weekly,mixed_raw,mixed,raw,2024-07-08,W,weekly,0.37481131704378867,119,17,102,embedding
mixed_raw_weekly,mixed_raw,mixed,raw,2024-07-15,W,weekly,0.39552792035338913,130,24,106,embedding
mixed_raw_weekly,mixed_raw,mixed,raw,2024-07-22,W,weekly,0.2222954939676468,116,14,102,embedding
mixed_raw_weekly,mixed_raw,mixed,raw,2024-07-29,W,weekly,0.31366818454564194,183,16,167,embedding
mixed_raw_weekly,mixed_raw,mixed,raw,2024-08-05,W,weekly,0.789790090310043,82,14,68,embedding
mixed_raw_weekly,mixed_raw,mixed,raw,2024-08-12,W,weekly,0.8599839549852015,127,18,109,embedding
mixed_raw_weekly,mixed_raw,mixed,raw,2024-08-19,W,weekly,0.5752320892073796,141,23,118,embedding
mixed_raw_weekly,mixed_raw,mixed,raw,2024-08-26,W,weekly,0.7378541602625575,168,15,153,embedding
mixed_raw_weekly,mixed_raw,mixed,raw,2024-09-02,W,weekly,0.6147286379783374,119,22,97,embedding
mixed_raw_weekly,mixed_raw,mixed,raw,2024-09-09,W,weekly,0.6222237095839543,126,21,105,embedding
mixed_raw_weekly,mixed_raw,mixed,raw,2024-09-16,W,weekly,0.6602973389613265,119,14,105,embedding
mixed_raw_weekly,mixed_raw,mixed,raw,2024-09-23,W,weekly,0.33866228178659186,136,25,111,embedding
mixed_raw_weekly,mixed_raw,mixed,raw,2024-09-30,W,weekly,0.4957381583713808,164,12,152,embedding
mixed_raw_weekly,mixed_raw,mixed,raw,2024-10-07,W,weekly,0.30738298236447026,132,19,113,embedding
mixed_raw_weekly,mixed_raw,mixed,raw,2024-10-14,W,weekly,0.5420243856891653,108,12,96,embedding
mixed_raw_weekly,mixed_raw,mixed,raw,2024-10-21,W,weekly,0.6590973140866565,119,29,90,embedding
mixed_raw_weekly,mixed_raw,mixed,raw,2024-10-28,W,weekly,0.37492967845180236,160,18,142,embedding
mixed_raw_weekly,mixed_raw,mixed,raw,2024-11-04,W,weekly,0.4180246937658255,131,16,115,embedding
mixed_raw_weekly,mixed_raw,mixed,raw,2024-11-11,W,weekly,0.32365763888315513,77,21,56,embedding
mixed_raw_weekly,mixed_raw,mixed,raw,2024-11-18,W,weekly,0.5230913500217864,114,15,99,embedding
mixed_raw_weekly,mixed_raw,mixed,raw,2024-11-25,W,weekly,0.5438439627126266,136,18,118,embedding
mixed_raw_weekly,mixed_raw,mixed,raw,2024-12-02,W,weekly,0.7709503577164034,104,14,90,embedding
mixed_raw_weekly,mixed_raw,mixed,raw,2024-12-09,W,weekly,0.8447522290455618,90,15,75,embedding
mixed_raw_weekly,mixed_raw,mixed,raw,2024-12-16,W,weekly,0.5241250824472434,117,21,96,embedding
mixed_raw_weekly,mixed_raw,mixed,raw,2024-12-23,W,weekly,0.442863948730427,74,6,68,embedding
mixed_raw_weekly,mixed_raw,mixed,raw,2024-12-30,W,weekly,0.467888640829085,135,9,126,embedding
mixed_raw_weekly,mixed_raw,mixed,raw,2025-01-06,W,weekly,0.46237220748477736,101,18,83,embedding
mixed_raw_weekly,mixed_raw,mixed,raw,2025-01-13,W,weekly,0.6571424393697534,103,15,88,embedding
mixed_raw_weekly,mixed_raw,mixed,raw,2025-01-20,W,weekly,0.6323068838856329,141,24,117,embedding
mixed_raw_weekly,mixed_raw,mixed,raw,2025-01-27,W,weekly,0.6336044548378155,154,15,139,embedding
mixed_raw_weekly,mixed_raw,mixed,raw,2025-02-03,W,weekly,0.40900070069580363,147,27,120,embedding
mixed_raw_weekly,mixed_raw,mixed,raw,2025-02-10,W,weekly,0.4423105359541293,95,19,76,embedding
mixed_raw_weekly,mixed_raw,mixed,raw,2025-02-17,W,weekly,0.5715736658689874,59,7,52,embedding
mixed_split_minority_day_weekly,mixed_split_minority_day,mixed,split_minority_day,2024-02-12,W,weekly,0.3462161681053143,148,74,74,embedding
mixed_split_minority_day_weekly,mixed_split_minority_day,mixed,split_minority_day,2024-02-19,W,weekly,0.5788721924968523,150,75,75,embedding
mixed_split_minority_day_weekly,mixed_split_minority_day,mixed,split_minority_day,2024-02-26,W,weekly,0.6526980610270998,278,139,139,embedding
mixed_split_minority_day_weekly,mixed_split_minority_day,mixed,split_minority_day,2024-03-04,W,weekly,0.7296745093567227,138,69,69,embedding
mixed_split_minority_day_weekly,mixed_split_minority_day,mixed,split_minority_day,2024-03-11,W,weekly,0.35409051273802716,186,93,93,embedding
mixed_split_minority_day_weekly,mixed_split_minority_day,mixed,split_minority_day,2024-03-18,W,weekly,0.6908762258487241,118,59,59,embedding
mixed_split_minority_day_weekly,mixed_split_minority_day,mixed,split_minority_day,2024-03-25,W,weekly,0.6676006272296487,196,98,98,embedding
mixed_split_minority_day_weekly,mixed_split_minority_day,mixed,split_minority_day,2024-04-01,W,weekly,0.710799439382412,226,113,113,embedding
mixed_split_minority_day_weekly,mixed_split_minority_day,mixed,split_minority_day,2024-04-08,W,weekly,0.6783948750656916,124,62,62,embedding
mixed_split_minority_day_weekly,mixed_split_minority_day,mixed,split_minority_day,2024-04-15,W,weekly,0.5691238846993534,50,25,25,embedding
mixed_split_minority_day_weekly,mixed_split_minority_day,mixed,split_minority_day,2024-04-22,W,weekly,0.8602732606390217,146,73,73,embedding
mixed_split_minority_day_weekly,mixed_split_minority_day,mixed,split_minority_day,2024-04-29,W,weekly,0.3982473554876258,292,146,146,embedding
mixed_split_minority_day_weekly,mixed_split_minority_day,mixed,split_minority_day,2024-05-06,W,weekly,0.5446762915723249,142,71,71,embedding
mixed_split_minority_day_weekly,mixed_split_minority_day,mixed,split_minority_day,2024-05-13,W,weekly,0.4805524685815772,146,73,73,embedding
mixed_split_minority_day_weekly,mixed_split_minority_day,mixed,split_minority_day,2024-05-20,W,weekly,0.4069964874713139,116,58,58,embedding
mixed_split_minority_day_weekly,mixed_split_minority_day,mixed,split_minority_day,2024-05-27,W,weekly,0.6340633310388715,114,57,57,embedding
mixed_split_minority_day_weekly,mixed_split_minority_day,mixed,split_minority_day,2024-06-03,W,weekly,0.6168009516405892,94,47,47,embedding
mixed_split_minority_day_weekly,mixed_split_minority_day,mixed,split_minority_day,2024-06-10,W,weekly,0.3968157451490013,184,92,92,embedding
mixed_split_minority_day_weekly,mixed_split_minority_day,mixed,split_minority_day,2024-06-17,W,weekly,0.4801799093446011,130,65,65,embedding
mixed_split_minority_day_weekly,mixed_split_minority_day,mixed,split_minority_day,2024-06-24,W,weekly,0.5001385913420466,200,100,100,embedding
mixed_split_minority_day_weekly,mixed_split_minority_day,mixed,split_minority_day,2024-07-01,W,weekly,0.6045254660685222,202,101,101,embedding
mixed_split_minority_day_weekly,mixed_split_minority_day,mixed,split_minority_day,2024-07-08,W,weekly,0.458972926936568,204,102,102,embedding
mixed_split_minority_day_weekly,mixed_split_minority_day,mixed,split_minority_day,2024-07-15,W,weekly,0.6041852647496528,172,86,86,embedding
mixed_split_minority_day_weekly,mixed_split_minority_day,mixed,split_minority_day,2024-07-22,W,weekly,0.6873586958378846,120,60,60,embedding
mixed_split_minority_day_weekly,mixed_split_minority_day,mixed,split_minority_day,2024-07-29,W,weekly,0.6941412622395293,278,139,139,embedding
mixed_split_minority_day_weekly,mixed_split_minority_day,mixed,split_minority_day,2024-08-05,W,weekly,0.8105566211297628,104,52,52,embedding
mixed_split_minority_day_weekly,mixed_split_minority_day,mixed,split_minority_day,2024-08-12,W,weekly,0.8329544555597705,148,74,74,embedding
mixed_split_minority_day_weekly,mixed_split_minority_day,mixed,split_minority_day,2024-08-19,W,weekly,0.31657587131494624,158,79,79,embedding
mixed_split_minority_day_weekly,mixed_split_minority_day,mixed,split_minority_day,2024-08-26,W,weekly,0.37438650345599234,126,63,63,embedding
mixed_split_minority_day_weekly,mixed_split_minority_day,mixed,split_minority_day,2024-09-02,W,weekly,0.6147286379783374,140,70,70,embedding
mixed_split_minority_day_weekly,mixed_split_minority_day,mixed,split_minority_day,2024-09-09,W,weekly,0.6231575256812069,170,85,85,embedding
mixed_split_minority_day_weekly,mixed_split_minority_day,mixed,split_minority_day,2024-09-16,W,weekly,0.64638716334911,156,78,78,embedding
mixed_split_minority_day_weekly,mixed_split_minority_day,mixed,split_minority_day,2024-09-23,W,weekly,0.3333600070853159,146,73,73,embedding
mixed_split_minority_day_weekly,mixed_split_minority_day,mixed,split_minority_day,2024-09-30,W,weekly,0.48258210553146674,274,137,137,embedding
mixed_split_minority_day_weekly,mixed_split_minority_day,mixed,split_minority_day,2024-10-07,W,weekly,0.30738298236447026,186,93,93,embedding
mixed_split_minority_day_weekly,mixed_split_minority_day,mixed,split_minority_day,2024-10-14,W,weekly,0.43517933549022036,192,96,96,embedding
mixed_split_minority_day_weekly,mixed_split_minority_day,mixed,split_minority_day,2024-10-21,W,weekly,0.5466970676036493,192,96,96,embedding
mixed_split_minority_day_weekly,mixed_split_minority_day,mixed,split_minority_day,2024-10-28,W,weekly,0.3893412582336693,246,123,123,embedding
mixed_split_minority_day_weekly,mixed_split_minority_day,mixed,split_minority_day,2024-11-04,W,weekly,0.4153953459963746,184,92,92,embedding
mixed_split_minority_day_weekly,mixed_split_minority_day,mixed,split_minority_day,2024-11-11,W,weekly,0.3911445274855069,90,45,45,embedding
mixed_split_minority_day_weekly,mixed_split_minority_day,mixed,split_minority_day,2024-11-18,W,weekly,0.5413309006138654,174,87,87,embedding
mixed_split_minority_day_weekly,mixed_split_minority_day,mixed,split_minority_day,2024-11-25,W,weekly,0.626618682130769,200,100,100,embedding
mixed_split_minority_day_weekly,mixed_split_minority_day,mixed,split_minority_day,2024-12-02,W,weekly,0.5728671464643933,138,69,69,embedding
mixed_split_minority_day_weekly,mixed_split_minority_day,mixed,split_minority_day,2024-12-09,W,weekly,0.502758944377661,100,50,50,embedding
mixed_split_minority_day_weekly,mixed_split_minority_day,mixed,split_minority_day,2024-12-16,W,weekly,0.49205523852284194,180,90,90,embedding
mixed_split_minority_day_weekly,mixed_split_minority_day,mixed,split_minority_day,2024-12-23,W,weekly,0.4243021489496547,58,29,29,embedding
mixed_split_minority_day_weekly,mixed_split_minority_day,mixed,split_minority_day,2024-12-30,W,weekly,0.4068679122829668,136,68,68,embedding
mixed_split_minority_day_weekly,mixed_split_minority_day,mixed,split_minority_day,2025-01-06,W,weekly,0.48447360425825936,166,83,83,embedding
mixed_split_minority_day_weekly,mixed_split_minority_day,mixed,split_minority_day,2025-01-13,W,weekly,0.6371911423685368,172,86,86,embedding
mixed_split_minority_day_weekly,mixed_split_minority_day,mixed,split_minority_day,2025-01-20,W,weekly,0.6010553515730477,234,117,117,embedding
mixed_split_minority_day_weekly,mixed_split_minority_day,mixed,split_minority_day,2025-01-27,W,weekly,0.5725337041540276,190,95,95,embedding
mixed_split_minority_day_weekly,mixed_split_minority_day,mixed,split_minority_day,2025-02-03,W,weekly,0.40900070069580363,222,111,111,embedding
mixed_split_minority_day_weekly,mixed_split_minority_day,mixed,split_minority_day,2025-02-10,W,weekly,0.44764601173983676,112,56,56,embedding
mixed_split_minority_day_weekly,mixed_split_minority_day,mixed,split_minority_day,2025-02-17,W,weekly,0.5885412531179395,64,32,32,embedding
right_none_weekly,right_none,right,none,2024-02-12,W,weekly,0.5465227695040825,95,0,95,embedding
right_none_weekly,right_none,right,none,2024-02-19,W,weekly,0.5208918114411898,84,0,84,embedding
right_none_weekly,right_none,right,none,2024-02-26,W,weekly,0.6826497053585928,155,0,155,embedding
right_none_weekly,right_none,right,none,2024-03-04,W,weekly,0.706494779179593,78,0,78,embedding
right_none_weekly,right_none,right,none,2024-03-11,W,weekly,0.3324414352912678,93,0,93,embedding
right_none_weekly,right_none,right,none,2024-03-18,W,weekly,0.3591233595254083,77,0,77,embedding
right_none_weekly,right_none,right,none,2024-03-25,W,weekly,0.3976571500055477,126,0,126,embedding
right_none_weekly,right_none,right,none,2024-04-01,W,weekly,0.2800303195320333,132,0,132,embedding
right_none_weekly,right_none,right,none,2024-04-08,W,weekly,0.43458758082394555,82,0,82,embedding
right_none_weekly,right_none,right,none,2024-04-15,W,weekly,0.4470462712485165,42,0,42,embedding
right_none_weekly,right_none,right,none,2024-04-22,W,weekly,0.6258896428273579,99,0,99,embedding
right_none_weekly,right_none,right,none,2024-04-29,W,weekly,0.5774620624377349,154,0,154,embedding
right_none_weekly,right_none,right,none,2024-05-06,W,weekly,0.43435132515627917,81,0,81,embedding
right_none_weekly,right_none,right,none,2024-05-13,W,weekly,0.4479566712516079,93,0,93,embedding
right_none_weekly,right_none,right,none,2024-05-20,W,weekly,0.5080411826119131,70,0,70,embedding
right_none_weekly,right_none,right,none,2024-05-27,W,weekly,0.5187067425232634,136,0,136,embedding
right_none_weekly,right_none,right,none,2024-06-03,W,weekly,0.2733726280284564,71,0,71,embedding
right_none_weekly,right_none,right,none,2024-06-10,W,weekly,0.5008861035925061,92,0,92,embedding
right_none_weekly,right_none,right,none,2024-06-17,W,weekly,0.4751616712449982,84,0,84,embedding
right_none_weekly,right_none,right,none,2024-06-24,W,weekly,0.31190629125908,120,0,120,embedding
right_none_weekly,right_none,right,none,2024-07-01,W,weekly,0.2463554391470656,113,0,113,embedding
right_none_weekly,right_none,right,none,2024-07-08,W,weekly,0.49919213247252314,102,0,102,embedding
right_none_weekly,right_none,right,none,2024-07-15,W,weekly,0.5925446684946768,106,0,106,embedding
right_none_weekly,right_none,right,none,2024-07-22,W,weekly,0.4425964331949561,102,0,102,embedding
right_none_weekly,right_none,right,none,2024-07-29,W,weekly,0.3214347756902529,167,0,167,embedding
right_none_weekly,right_none,right,none,2024-08-05,W,weekly,0.4106760577205777,68,0,68,embedding
right_none_weekly,right_none,right,none,2024-08-12,W,weekly,0.22501718980712426,109,0,109,embedding
right_none_weekly,right_none,right,none,2024-08-19,W,weekly,0.5130125596008897,118,0,118,embedding
right_none_weekly,right_none,right,none,2024-08-26,W,weekly,0.6655376269691415,153,0,153,embedding
right_none_weekly,right_none,right,none,2024-09-02,W,weekly,0.5701814040362054,97,0,97,embedding
right_none_weekly,right_none,right,none,2024-09-09,W,weekly,0.3319054687060855,105,0,105,embedding
right_none_weekly,right_none,right,none,2024-09-16,W,weekly,0.38494891343565873,105,0,105,embedding
right_none_weekly,right_none,right,none,2024-09-23,W,weekly,0.3971385454271804,111,0,111,embedding
right_none_weekly,right_none,right,none,2024-09-30,W,weekly,0.2731498915610979,152,0,152,embedding
right_none_weekly,right_none,right,none,2024-10-07,W,weekly,0.23923810163655435,113,0,113,embedding
right_none_weekly,right_none,right,none,2024-10-14,W,weekly,0.2588302212382739,96,0,96,embedding
right_none_weekly,right_none,right,none,2024-10-21,W,weekly,0.3333032004929113,90,0,90,embedding
right_none_weekly,right_none,right,none,2024-10-28,W,weekly,0.35537450853538444,142,0,142,embedding
right_none_weekly,right_none,right,none,2024-11-04,W,weekly,0.3247927587732943,115,0,115,embedding
right_none_weekly,right_none,right,none,2024-11-11,W,weekly,0.322852616633593,56,0,56,embedding
right_none_weekly,right_none,right,none,2024-11-18,W,weekly,0.31119124183002256,99,0,99,embedding
right_none_weekly,right_none,right,none,2024-11-25,W,weekly,0.42411704550026885,118,0,118,embedding
right_none_weekly,right_none,right,none,2024-12-02,W,weekly,0.5840699271173564,90,0,90,embedding
right_none_weekly,right_none,right,none,2024-12-09,W,weekly,0.4979101553526857,75,0,75,embedding
right_none_weekly,right_none,right,none,2024-12-16,W,weekly,0.436508358267503,96,0,96,embedding
right_none_weekly,right_none,right,none,2024-12-23,W,weekly,0.26237833588108983,68,0,68,embedding
right_none_weekly,right_none,right,none,2024-12-30,W,weekly,0.31599055217115857,126,0,126,embedding
right_none_weekly,right_none,right,none,2025-01-06,W,weekly,0.5888129572472772,83,0,83,embedding
right_none_weekly,right_none,right,none,2025-01-13,W,weekly,0.26086157706427493,88,0,88,embedding
right_none_weekly,right_none,right,none,2025-01-20,W,weekly,0.38885637007136253,117,0,117,embedding
right_none_weekly,right_none,right,none,2025-01-27,W,weekly,0.4725711394903166,139,0,139,embedding
right_none_weekly,right_none,right,none,2025-02-03,W,weekly,0.42946955206972026,120,0,120,embedding
right_none_weekly,right_none,right,none,2025-02-10,W,weekly,0.39875444508837876,76,0,76,embedding
right_none_weekly,right_none,right,none,2025-02-17,W,weekly,0.3729198405315919,52,0,52,embedding
