stream_group,stream_source,stream_family,sampling,time_window,time_window_code,time_window_name,drift_score,n_articles,left_articles,right_articles,feature_type
left_none_daily,left_none,left,none,2024-02-08,D,daily,0.53894179118182,7,7,0,embedding
left_none_daily,left_none,left,none,2024-02-13,D,daily,0.6278776867470013,5,5,0,embedding
left_none_daily,left_none,left,none,2024-02-16,D,daily,0.5886334800532304,6,6,0,embedding
left_none_daily,left_none,left,none,2024-02-28,D,daily,0.6822492257722885,5,5,0,embedding
left_none_daily,left_none,left,none,2024-03-11,D,daily,0.6553979510018064,5,5,0,embedding
left_none_daily,left_none,left,none,2024-03-13,D,daily,0.5960125435847947,6,6,0,embedding
left_none_daily,left_none,left,none,2024-04-01,D,daily,0.8258332343446437,5,5,0,embedding
left_none_daily,left_none,left,none,2024-04-04,D,daily,0.7867301502153159,5,5,0,embedding
left_none_daily,left_none,left,none,2024-04-10,D,daily,0.6704836579821739,6,6,0,embedding
left_none_daily,left_none,left,none,2024-04-11,D,daily,0.44051359355443487,6,6,0,embedding
left_none_daily,left_none,left,none,2024-04-15,D,daily,0.4985434101699925,6,6,0,embedding
left_none_daily,left_none,left,none,2024-04-24,D,daily,0.8446192543458639,6,6,0,embedding
left_none_daily,left_none,left,none,2024-04-30,D,daily,0.8431814419214079,6,6,0,embedding
left_none_daily,left_none,left,none,2024-05-03,D,daily,0.4183803153805463,6,6,0,embedding
left_none_daily,left_none,left,none,2024-05-10,D,daily,0.6610507660382279,5,5,0,embedding
left_none_daily,left_none,left,none,2024-05-16,D,daily,0.6891645791986338,5,5,0,embedding
left_none_daily,left_none,left,none,2024-06-04,D,daily,0.5164209925023657,6,6,0,embedding
left_none_daily,left_none,left,none,2024-06-13,D,daily,0.5832505269534212,6,6,0,embedding
left_none_daily,left_none,left,none,2024-06-28,D,daily,0.4895459395311842,7,7,0,embedding
left_none_daily,left_none,left,none,2024-07-02,D,daily,0.6555987450413154,7,7,0,embedding
left_none_daily,left_none,left,none,2024-07-08,D,daily,0.650079755584021,5,5,0,embedding
left_none_daily,left_none,left,none,2024-07-16,D,daily,0.5751794513468562,6,6,0,embedding
left_none_daily,left_none,left,none,2024-07-17,D,daily,0.8491592547081099,5,5,0,embedding
left_none_daily,left_none,left,none,2024-07-18,D,daily,0.913401478195916,8,8,0,embedding
left_none_daily,left_none,left,none,2024-07-23,D,daily,0.76253083928491,5,5,0,embedding
left_none_daily,left_none,left,none,2024-08-01,D,daily,0.8745551169842625,6,6,0,embedding
left_none_daily,left_none,left,none,2024-08-02,D,daily,0.2608599726196269,7,7,0,embedding
left_none_daily,left_none,left,none,2024-08-07,D,daily,1.0112002230031258,5,5,0,embedding
left_none_daily,left_none,left,none,2024-08-14,D,daily,0.8783552981133976,5,5,0,embedding
left_none_daily,left_none,left,none,2024-08-21,D,daily,0.5754320582006967,9,9,0,embedding
left_none_daily,left_none,left,none,2024-08-22,D,daily,0.47144422756793647,7,7,0,embedding
left_none_daily,left_none,left,none,2024-08-27,D,daily,0.7054895192121067,9,9,0,embedding
left_none_daily,left_none,left,none,2024-09-04,D,daily,0.6768586450080403,6,6,0,embedding
left_none_daily,left_none,left,none,2024-09-06,D,daily,0.25489836724165327,5,5,0,embedding
left_none_daily,left_none,left,none,2024-09-10,D,daily,0.5616744517633722,5,5,0,embedding
left_none_daily,left_none,left,none,2024-09-13,D,daily,0.7389574092271468,5,5,0,embedding
left_none_daily,left_none,left,none,2024-09-20,D,daily,0.8671679301292348,5,5,0,embedding
left_none_daily,left_none,left,none,2024-09-23,D,daily,0.6468311366724064,5,5,0,embedding
left_none_daily,left_none,left,none,2024-09-25,D,daily,0.8065205376846605,11,11,0,embedding
left_none_daily,left_none,left,none,2024-09-27,D,daily,0.7655943094571611,7,7,0,embedding
left_none_daily,left_none,left,none,2024-10-07,D,daily,0.6418994814566465,5,5,0,embedding
left_none_daily,left_none,left,none,2024-10-10,D,daily,0.45242525218106233,5,5,0,embedding
left_none_daily,left_none,left,none,2024-10-21,D,daily,0.5355797051293133,10,10,0,embedding
left_none_daily,left_none,left,none,2024-10-24,D,daily,0.578399213424291,5,5,0,embedding
left_none_daily,left_none,left,none,2024-10-25,D,daily,0.6566244237583627,5,5,0,embedding
left_none_daily,left_none,left,none,2024-11-01,D,daily,0.605195057749673,8,8,0,embedding
left_none_daily,left_none,left,none,2024-11-05,D,daily,0.633372412210185,5,5,0,embedding
left_none_daily,left_none,left,none,2024-11-11,D,daily,0.6181066555235423,6,6,0,embedding
left_none_daily,left_none,left,none,2024-11-13,D,daily,0.6450923503423963,5,5,0,embedding
left_none_daily,left_none,left,none,2024-11-15,D,daily,0.21909328859109434,7,7,0,embedding
left_none_daily,left_none,left,none,2024-11-25,D,daily,0.49899310592013424,7,7,0,embedding
left_none_daily,left_none,left,none,2024-12-03,D,daily,0.8278549865559715,5,5,0,embedding
left_none_daily,left_none,left,none,2024-12-09,D,daily,0.8742419643408544,5,5,0,embedding
left_none_daily,left_none,left,none,2024-12-17,D,daily,0.749489586641964,6,6,0,embedding
left_none_daily,left_none,left,none,2024-12-18,D,daily,0.7107664932728165,8,8,0,embedding
left_none_daily,left_none,left,none,2025-01-06,D,daily,0.6527122081478058,5,5,0,embedding
left_none_daily,left_none,left,none,2025-01-09,D,daily,0.3202182309238484,6,6,0,embedding
left_none_daily,left_none,left,none,2025-01-13,D,daily,0.6142395567782085,5,5,0,embedding
left_none_daily,left_none,left,none,2025-01-16,D,daily,0.7515423218022725,5,5,0,embedding
left_none_daily,left_none,left,none,2025-01-20,D,daily,0.6443054532011254,7,7,0,embedding
left_none_daily,left_none,left,none,2025-01-23,D,daily,0.9266471120306419,7,7,0,embedding
left_none_daily,left_none,left,none,2025-01-24,D,daily,0.8718142649734189,5,5,0,embedding
left_none_daily,left_none,left,none,2025-01-30,D,daily,0.6038136914436496,5,5,0,embedding
left_none_daily,left_none,left,none,2025-02-03,D,daily,0.5238357925766104,6,6,0,embedding
left_none_daily,left_none,left,none,2025-02-04,D,daily,0.4928688834856262,5,5,0,embedding
left_none_daily,left_none,left,none,2025-02-06,D,daily,0.7043865843940653,7,7,0,embedding
left_none_daily,left_none,left,none,2025-02-07,D,daily,0.3850112800512422,5,5,0,embedding
left_none_daily,left_none,left,none,2025-02-13,D,daily,0.4808209373682806,5,5,0,embedding
left_none_daily,left_none,left,none,2025-02-19,D,daily,0.6733344860931875,5,5,0,embedding
mixed_global_undersampled_daily,mixed_global_undersampled,mixed,global_undersampled,2024-02-08,D,daily,0.5497613735806994,9,7,2,embedding
mixed_global_undersampled_daily,mixed_global_undersampled,mixed,global_undersampled,2024-02-11,D,daily,0.6449694970641948,6,1,5,embedding
mixed_global_undersampled_daily,mixed_global_undersampled,mixed,global_undersampled,2024-02-12,D,daily,0.4532820420527297,8,2,6,embedding
mixed_global_undersampled_daily,mixed_global_undersampled,mixed,global_undersampled,2024-02-13,D,daily,0.3424912272953764,5,5,0,embedding
mixed_global_undersampled_daily,mixed_global_undersampled,mixed,global_undersampled,2024-02-15,D,daily,0.43151233187860216,6,4,2,embedding
mixed_global_undersampled_daily,mixed_global_undersampled,mixed,global_undersampled,2024-02-16,D,daily,0.4721488424490412,9,6,3,embedding
mixed_global_undersampled_daily,mixed_global_undersampled,mixed,global_undersampled,2024-02-17,D,daily,0.457637071147605,6,3,3,embedding
mixed_global_undersampled_daily,mixed_global_undersampled,mixed,global_undersampled,2024-02-18,D,daily,0.4196770967530815,5,0,5,embedding
mixed_global_undersampled_daily,mixed_global_undersampled,mixed,global_undersampled,2024-02-20,D,daily,0.6287330045487751,6,3,3,embedding
mixed_global_undersampled_daily,mixed_global_undersampled,mixed,global_undersampled,2024-02-22,D,daily,0.7536647913025651,5,2,3,embedding
mixed_global_undersampled_daily,mixed_global_undersampled,mixed,global_undersampled,2024-02-23,D,daily,0.7134243222824199,7,3,4,embedding
mixed_global_undersampled_daily,mixed_global_undersampled,mixed,global_undersampled,2024-02-25,D,daily,0.4346051079260582,8,3,5,embedding
mixed_global_undersampled_daily,mixed_global_undersampled,mixed,global_undersampled,2024-02-27,D,daily,0.48884982493203644,5,4,1,embedding
mixed_global_undersampled_daily,mixed_global_undersampled,mixed,global_undersampled,2024-02-28,D,daily,0.6104829485054893,12,5,7,embedding
mixed_global_undersampled_daily,mixed_global_undersampled,mixed,global_undersampled,2024-02-29,D,daily,1.0483214168497004,7,3,4,embedding
mixed_global_undersampled_daily,mixed_global_undersampled,mixed,global_undersampled,2024-03-01,D,daily,0.9652459002250042,11,3,8,embedding
mixed_global_undersampled_daily,mixed_global_undersampled,mixed,global_undersampled,2024-03-03,D,daily,0.501717804154665,7,3,4,embedding
mixed_global_undersampled_daily,mixed_global_undersampled,mixed,global_undersampled,2024-03-04,D,daily,0.49441565199324,10,4,6,embedding
mixed_global_undersampled_daily,mixed_global_undersampled,mixed,global_undersampled,2024-03-06,D,daily,0.3839642382439965,7,4,3,embedding
mixed_global_undersampled_daily,mixed_global_undersampled,mixed,global_undersampled,2024-03-07,D,daily,0.35714942130337646,5,3,2,embedding
mixed_global_undersampled_daily,mixed_global_undersampled,mixed,global_undersampled,2024-03-10,D,daily,0.5087542302478337,5,1,4,embedding
mixed_global_undersampled_daily,mixed_global_undersampled,mixed,global_undersampled,2024-03-11,D,daily,0.5790469283634032,7,5,2,embedding
mixed_global_undersampled_daily,mixed_global_undersampled,mixed,global_undersampled,2024-03-13,D,daily,0.6031428647067628,10,6,4,embedding
mixed_global_undersampled_daily,mixed_global_undersampled,mixed,global_undersampled,2024-03-17,D,daily,0.4588790234977166,8,3,5,embedding
mixed_global_undersampled_daily,mixed_global_undersampled,mixed,global_undersampled,2024-03-20,D,daily,0.26969065874270504,7,3,4,embedding
mixed_global_undersampled_daily,mixed_global_undersampled,mixed,global_undersampled,2024-03-26,D,daily,0.3012925958301125,5,1,4,embedding
mixed_global_undersampled_daily,mixed_global_undersampled,mixed,global_undersampled,2024-03-27,D,daily,0.6979318731734391,5,2,3,embedding
mixed_global_undersampled_daily,mixed_global_undersampled,mixed,global_undersampled,2024-03-29,D,daily,0.6555117045398173,11,4,7,embedding
mixed_global_undersampled_daily,mixed_global_undersampled,mixed,global_undersampled,2024-03-30,D,daily,0.48131527173540634,5,0,5,embedding
mixed_global_undersampled_daily,mixed_global_undersampled,mixed,global_undersampled,2024-04-01,D,daily,0.7044297194704198,12,5,7,embedding
mixed_global_undersampled_daily,mixed_global_undersampled,mixed,global_undersampled,2024-04-02,D,daily,0.6145992748737007,5,3,2,embedding
mixed_global_undersampled_daily,mixed_global_undersampled,mixed,global_undersampled,2024-04-04,D,daily,0.48504454302931377,9,5,4,embedding
mixed_global_undersampled_daily,mixed_global_undersampled,mixed,global_undersampled,2024-04-05,D,daily,0.5952817107604037,8,4,4,embedding
mixed_global_undersampled_daily,mixed_global_undersampled,mixed,global_undersampled,2024-04-08,D,daily,0.7031611464967782,6,4,2,embedding
mixed_global_undersampled_daily,mixed_global_undersampled,mixed,global_undersampled,2024-04-10,D,daily,0.5462558375450219,9,6,3,embedding
mixed_global_undersampled_daily,mixed_global_undersampled,mixed,global_undersampled,2024-04-11,D,daily,0.44051359355443487,6,6,0,embedding
mixed_global_undersampled_daily,mixed_global_undersampled,mixed,global_undersampled,2024-04-15,D,daily,0.4985434101699925,6,6,0,embedding
mixed_global_undersampled_daily,mixed_global_undersampled,mixed,global_undersampled,2024-04-16,D,daily,0.7237394220586908,6,3,3,embedding
mixed_global_undersampled_daily,mixed_global_undersampled,mixed,global_undersampled,2024-04-17,D,daily,0.9181523617998413,5,3,2,embedding
mixed_global_undersampled_daily,mixed_global_undersampled,mixed,global_undersampled,2024-04-24,D,daily,0.8475507493696282,11,6,5,embedding
mixed_global_undersampled_daily,mixed_global_undersampled,mixed,global_undersampled,2024-04-25,D,daily,0.7485953547414687,9,3,6,embedding
mixed_global_undersampled_daily,mixed_global_undersampled,mixed,global_undersampled,2024-04-26,D,daily,0.5206891962469893,6,2,4,embedding
mixed_global_undersampled_daily,mixed_global_undersampled,mixed,global_undersampled,2024-04-29,D,daily,0.6991670728799004,10,1,9,embedding
mixed_global_undersampled_daily,mixed_global_undersampled,mixed,global_undersampled,2024-04-30,D,daily,0.6085958642299703,15,6,9,embedding
mixed_global_undersampled_daily,mixed_global_undersampled,mixed,global_undersampled,2024-05-01,D,daily,0.29363705297433795,8,3,5,embedding
mixed_global_undersampled_daily,mixed_global_undersampled,mixed,global_undersampled,2024-05-02,D,daily,0.44080968418696154,6,3,3,embedding
mixed_global_undersampled_daily,mixed_global_undersampled,mixed,global_undersampled,2024-05-03,D,daily,0.7402924459336553,7,6,1,embedding
mixed_global_undersampled_daily,mixed_global_undersampled,mixed,global_undersampled,2024-05-05,D,daily,0.6933115856566179,6,1,5,embedding
mixed_global_undersampled_daily,mixed_global_undersampled,mixed,global_undersampled,2024-05-07,D,daily,0.5612149417096964,8,4,4,embedding
mixed_global_undersampled_daily,mixed_global_undersampled,mixed,global_undersampled,2024-05-08,D,daily,0.6562378591039186,5,4,1,embedding
mixed_global_undersampled_daily,mixed_global_undersampled,mixed,global_undersampled,2024-05-09,D,daily,0.8177944908517061,5,1,4,embedding
mixed_global_undersampled_daily,mixed_global_undersampled,mixed,global_undersampled,2024-05-10,D,daily,0.7326161253832711,5,5,0,embedding
mixed_global_undersampled_daily,mixed_global_undersampled,mixed,global_undersampled,2024-05-15,D,daily,0.514872168103246,5,2,3,embedding
mixed_global_undersampled_daily,mixed_global_undersampled,mixed,global_undersampled,2024-05-16,D,daily,0.5924216048032727,9,5,4,embedding
mixed_global_undersampled_daily,mixed_global_undersampled,mixed,global_undersampled,2024-05-20,D,daily,0.6094060427054713,8,4,4,embedding
mixed_global_undersampled_daily,mixed_global_undersampled,mixed,global_undersampled,2024-05-22,D,daily,0.5055893055897821,7,1,6,embedding
mixed_global_undersampled_daily,mixed_global_undersampled,mixed,global_undersampled,2024-05-26,D,daily,0.3356893128878209,6,1,5,embedding
mixed_global_undersampled_daily,mixed_global_undersampled,mixed,global_undersampled,2024-05-28,D,daily,0.6876192428415333,9,3,6,embedding
mixed_global_undersampled_daily,mixed_global_undersampled,mixed,global_undersampled,2024-05-31,D,daily,0.7463896340180802,6,3,3,embedding
mixed_global_undersampled_daily,mixed_global_undersampled,mixed,global_undersampled,2024-06-01,D,daily,0.5764249582411805,11,0,11,embedding
mixed_global_undersampled_daily,mixed_global_undersampled,mixed,global_undersampled,2024-06-04,D,daily,0.5956370109469995,8,6,2,embedding
mixed_global_undersampled_daily,mixed_global_undersampled,mixed,global_undersampled,2024-06-07,D,daily,0.3033827209740212,6,4,2,embedding
mixed_global_undersampled_daily,mixed_global_undersampled,mixed,global_undersampled,2024-06-09,D,daily,0.30904996661927453,6,2,4,embedding
mixed_global_undersampled_daily,mixed_global_undersampled,mixed,global_undersampled,2024-06-11,D,daily,0.5741823048735316,10,4,6,embedding
mixed_global_undersampled_daily,mixed_global_undersampled,mixed,global_undersampled,2024-06-13,D,daily,0.6060526027071794,7,6,1,embedding
mixed_global_undersampled_daily,mixed_global_undersampled,mixed,global_undersampled,2024-06-14,D,daily,0.540677446021179,6,4,2,embedding
mixed_global_undersampled_daily,mixed_global_undersampled,mixed,global_undersampled,2024-06-16,D,daily,0.3826592777540688,6,1,5,embedding
mixed_global_undersampled_daily,mixed_global_undersampled,mixed,global_undersampled,2024-06-20,D,daily,0.45795291398673044,6,2,4,embedding
mixed_global_undersampled_daily,mixed_global_undersampled,mixed,global_undersampled,2024-06-24,D,daily,0.5932247969198277,5,2,3,embedding
mixed_global_undersampled_daily,mixed_global_undersampled,mixed,global_undersampled,2024-06-28,D,daily,0.8227633341037305,10,7,3,embedding
mixed_global_undersampled_daily,mixed_global_undersampled,mixed,global_undersampled,2024-07-01,D,daily,0.41750126337208837,6,1,5,embedding
mixed_global_undersampled_daily,mixed_global_undersampled,mixed,global_undersampled,2024-07-02,D,daily,0.34373203305976163,19,7,12,embedding
mixed_global_undersampled_daily,mixed_global_undersampled,mixed,global_undersampled,2024-07-08,D,daily,0.46771023646042353,6,5,1,embedding
mixed_global_undersampled_daily,mixed_global_undersampled,mixed,global_undersampled,2024-07-11,D,daily,0.6307385127732901,9,4,5,embedding
mixed_global_undersampled_daily,mixed_global_undersampled,mixed,global_undersampled,2024-07-14,D,daily,0.7346337338054673,6,2,4,embedding
mixed_global_undersampled_daily,mixed_global_undersampled,mixed,global_undersampled,2024-07-16,D,daily,0.5936425981113849,6,6,0,embedding
mixed_global_undersampled_daily,mixed_global_undersampled,mixed,global_undersampled,2024-07-17,D,daily,0.8491592547081099,6,5,1,embedding
mixed_global_undersampled_daily,mixed_global_undersampled,mixed,global_undersampled,2024-07-18,D,daily,0.913401478195916,11,8,3,embedding
mixed_global_undersampled_daily,mixed_global_undersampled,mixed,global_undersampled,2024-07-19,D,daily,0.41610000659580293,5,1,4,embedding
mixed_global_undersampled_daily,mixed_global_undersampled,mixed,global_undersampled,2024-07-23,D,daily,0.6683627394779025,7,5,2,embedding
mixed_global_undersampled_daily,mixed_global_undersampled,mixed,global_undersampled,2024-07-25,D,daily,0.7576289501657374,7,4,3,embedding
mixed_global_undersampled_daily,mixed_global_undersampled,mixed,global_undersampled,2024-07-30,D,daily,0.6061252452697757,5,1,4,embedding
mixed_global_undersampled_daily,mixed_global_undersampled,mixed,global_undersampled,2024-07-31,D,daily,0.5871553284253082,5,0,5,embedding
mixed_global_undersampled_daily,mixed_global_undersampled,mixed,global_undersampled,2024-08-01,D,daily,0.7041880246476118,15,6,9,embedding
mixed_global_undersampled_daily,mixed_global_undersampled,mixed,global_undersampled,2024-08-02,D,daily,0.34975142405185966,10,7,3,embedding
mixed_global_undersampled_daily,mixed_global_undersampled,mixed,global_undersampled,2024-08-03,D,daily,0.3386778718406167,6,1,5,embedding
mixed_global_undersampled_daily,mixed_global_undersampled,mixed,global_undersampled,2024-08-06,D,daily,0.5321731712244145,7,3,4,embedding
mixed_global_undersampled_daily,mixed_global_undersampled,mixed,global_undersampled,2024-08-07,D,daily,0.4947753839103366,7,5,2,embedding
mixed_global_undersampled_daily,mixed_global_undersampled,mixed,global_undersampled,2024-08-13,D,daily,0.5319875132014199,5,3,2,embedding
mixed_global_undersampled_daily,mixed_global_undersampled,mixed,global_undersampled,2024-08-14,D,daily,0.6153732594553483,8,5,3,embedding
mixed_global_undersampled_daily,mixed_global_undersampled,mixed,global_undersampled,2024-08-15,D,daily,0.49319326763479443,8,3,5,embedding
mixed_global_undersampled_daily,mixed_global_undersampled,mixed,global_undersampled,2024-08-16,D,daily,0.37876823013522176,5,4,1,embedding
mixed_global_undersampled_daily,mixed_global_undersampled,mixed,global_undersampled,2024-08-17,D,daily,0.40187944135661713,5,3,2,embedding
mixed_global_undersampled_daily,mixed_global_undersampled,mixed,global_undersampled,2024-08-18,D,daily,0.4186263908426122,5,0,5,embedding
mixed_global_undersampled_daily,mixed_global_undersampled,mixed,global_undersampled,2024-08-20,D,daily,0.43879197679330884,5,2,3,embedding
mixed_global_undersampled_daily,mixed_global_undersampled,mixed,global_undersampled,2024-08-21,D,daily,0.4336603078310276,12,9,3,embedding
mixed_global_undersampled_daily,mixed_global_undersampled,mixed,global_undersampled,2024-08-22,D,daily,0.4527039396933401,9,7,2,embedding
mixed_global_undersampled_daily,mixed_global_undersampled,mixed,global_undersampled,2024-08-24,D,daily,0.38133886876455003,7,4,3,embedding
mixed_global_undersampled_daily,mixed_global_undersampled,mixed,global_undersampled,2024-08-27,D,daily,0.2519176834026591,11,9,2,embedding
mixed_global_undersampled_daily,mixed_global_undersampled,mixed,global_undersampled,2024-08-28,D,daily,0.6740303409510012,6,4,2,embedding
mixed_global_undersampled_daily,mixed_global_undersampled,mixed,global_undersampled,2024-08-30,D,daily,0.7200187239659569,8,0,8,embedding
mixed_global_undersampled_daily,mixed_global_undersampled,mixed,global_undersampled,2024-09-02,D,daily,0.3768063467453563,7,4,3,embedding
mixed_global_undersampled_daily,mixed_global_undersampled,mixed,global_undersampled,2024-09-04,D,daily,0.26753009366334646,10,6,4,embedding
mixed_global_undersampled_daily,mixed_global_undersampled,mixed,global_undersampled,2024-09-05,D,daily,0.41426269530640025,5,3,2,embedding
mixed_global_undersampled_daily,mixed_global_undersampled,mixed,global_undersampled,2024-09-06,D,daily,0.44603114797618504,6,5,1,embedding
mixed_global_undersampled_daily,mixed_global_undersampled,mixed,global_undersampled,2024-09-09,D,daily,0.6443865645414958,6,2,4,embedding
mixed_global_undersampled_daily,mixed_global_undersampled,mixed,global_undersampled,2024-09-10,D,daily,0.6622391885801271,8,5,3,embedding
mixed_global_undersampled_daily,mixed_global_undersampled,mixed,global_undersampled,2024-09-12,D,daily,0.5601013345611392,6,4,2,embedding
mixed_global_undersampled_daily,mixed_global_undersampled,mixed,global_undersampled,2024-09-13,D,daily,0.7160640771885005,7,5,2,embedding
mixed_global_undersampled_daily,mixed_global_undersampled,mixed,global_undersampled,2024-09-16,D,daily,0.7022119904429691,6,3,3,embedding
mixed_global_undersampled_daily,mixed_global_undersampled,mixed,global_undersampled,2024-09-17,D,daily,0.530410556836111,8,2,6,embedding
mixed_global_undersampled_daily,mixed_global_undersampled,mixed,global_undersampled,2024-09-20,D,daily,0.7048700412915208,7,5,2,embedding
mixed_global_undersampled_daily,mixed_global_undersampled,mixed,global_undersampled,2024-09-23,D,daily,0.6468311366724064,7,5,2,embedding
mixed_global_undersampled_daily,mixed_global_undersampled,mixed,global_undersampled,2024-09-24,D,daily,0.31601731060747285,5,2,3,embedding
mixed_global_undersampled_daily,mixed_global_undersampled,mixed,global_undersampled,2024-09-25,D,daily,0.2522333862352022,14,11,3,embedding
mixed_global_undersampled_daily,mixed_global_undersampled,mixed,global_undersampled,2024-09-27,D,daily,0.5600664866126317,10,7,3,embedding
mixed_global_undersampled_daily,mixed_global_undersampled,mixed,global_undersampled,2024-09-30,D,daily,0.5135386346646627,6,2,4,embedding
mixed_global_undersampled_daily,mixed_global_undersampled,mixed,global_undersampled,2024-10-01,D,daily,0.3718852534262712,6,1,5,embedding
mixed_global_undersampled_daily,mixed_global_undersampled,mixed,global_undersampled,2024-10-03,D,daily,0.4592070166301818,7,2,5,embedding
mixed_global_undersampled_daily,mixed_global_undersampled,mixed,global_undersampled,2024-10-04,D,daily,0.46996742826855586,6,3,3,embedding
mixed_global_undersampled_daily,mixed_global_undersampled,mixed,global_undersampled,2024-10-07,D,daily,0.5906515580519165,7,5,2,embedding
mixed_global_undersampled_daily,mixed_global_undersampled,mixed,global_undersampled,2024-10-10,D,daily,0.5042151936246206,7,5,2,embedding
mixed_global_undersampled_daily,mixed_global_undersampled,mixed,global_undersampled,2024-10-11,D,daily,0.45814441693962293,8,4,4,embedding
mixed_global_undersampled_daily,mixed_global_undersampled,mixed,global_undersampled,2024-10-13,D,daily,0.46910642032732275,5,1,4,embedding
mixed_global_undersampled_daily,mixed_global_undersampled,mixed,global_undersampled,2024-10-14,D,daily,0.5408533416098023,5,2,3,embedding
mixed_global_undersampled_daily,mixed_global_undersampled,mixed,global_undersampled,2024-10-18,D,daily,0.6387837826030258,5,3,2,embedding
mixed_global_undersampled_daily,mixed_global_undersampled,mixed,global_undersampled,2024-10-20,D,daily,0.6990209275993451,5,2,3,embedding
mixed_global_undersampled_daily,mixed_global_undersampled,mixed,global_undersampled,2024-10-21,D,daily,0.9008678879291894,11,10,1,embedding
mixed_global_undersampled_daily,mixed_global_undersampled,mixed,global_undersampled,2024-10-24,D,daily,0.5284884572191236,10,5,5,embedding
mixed_global_undersampled_daily,mixed_global_undersampled,mixed,global_undersampled,2024-10-25,D,daily,0.3739353475882661,10,5,5,embedding
mixed_global_undersampled_daily,mixed_global_undersampled,mixed,global_undersampled,2024-10-27,D,daily,0.47642660389471814,11,3,8,embedding
mixed_global_undersampled_daily,mixed_global_undersampled,mixed,global_undersampled,2024-10-31,D,daily,0.48896086361863456,5,2,3,embedding
mixed_global_undersampled_daily,mixed_global_undersampled,mixed,global_undersampled,2024-11-01,D,daily,0.26119338445523155,17,8,9,embedding
mixed_global_undersampled_daily,mixed_global_undersampled,mixed,global_undersampled,2024-11-03,D,daily,0.6198003924128627,5,3,2,embedding
mixed_global_undersampled_daily,mixed_global_undersampled,mixed,global_undersampled,2024-11-05,D,daily,0.7212769502512357,9,5,4,embedding
mixed_global_undersampled_daily,mixed_global_undersampled,mixed,global_undersampled,2024-11-11,D,daily,0.41701143450448186,6,6,0,embedding
mixed_global_undersampled_daily,mixed_global_undersampled,mixed,global_undersampled,2024-11-13,D,daily,0.4745428278771515,5,5,0,embedding
mixed_global_undersampled_daily,mixed_global_undersampled,mixed,global_undersampled,2024-11-15,D,daily,0.44308277560801956,11,7,4,embedding
mixed_global_undersampled_daily,mixed_global_undersampled,mixed,global_undersampled,2024-11-20,D,daily,0.4120707589502266,8,3,5,embedding
mixed_global_undersampled_daily,mixed_global_undersampled,mixed,global_undersampled,2024-11-21,D,daily,0.3680293110050298,7,3,4,embedding
mixed_global_undersampled_daily,mixed_global_undersampled,mixed,global_undersampled,2024-11-23,D,daily,0.3862675531466476,6,4,2,embedding
mixed_global_undersampled_daily,mixed_global_undersampled,mixed,global_undersampled,2024-11-24,D,daily,0.8043333451849466,7,2,5,embedding
mixed_global_undersampled_daily,mixed_global_undersampled,mixed,global_undersampled,2024-11-25,D,daily,0.8735610635152848,10,7,3,embedding
mixed_global_undersampled_daily,mixed_global_undersampled,mixed,global_undersampled,2024-11-26,D,daily,0.4337797105216199,7,3,4,embedding
mixed_global_undersampled_daily,mixed_global_undersampled,mixed,global_undersampled,2024-11-27,D,daily,0.5264291809671766,5,4,1,embedding
mixed_global_undersampled_daily,mixed_global_undersampled,mixed,global_undersampled,2024-12-01,D,daily,0.6371278713795708,8,2,6,embedding
mixed_global_undersampled_daily,mixed_global_undersampled,mixed,global_undersampled,2024-12-03,D,daily,0.7190890197492151,11,5,6,embedding
mixed_global_undersampled_daily,mixed_global_undersampled,mixed,global_undersampled,2024-12-04,D,daily,0.8566166911939973,9,4,5,embedding
mixed_global_undersampled_daily,mixed_global_undersampled,mixed,global_undersampled,2024-12-09,D,daily,0.49197569337749014,5,5,0,embedding
mixed_global_undersampled_daily,mixed_global_undersampled,mixed,global_undersampled,2024-12-13,D,daily,0.5536880310572306,6,3,3,embedding
mixed_global_undersampled_daily,mixed_global_undersampled,mixed,global_undersampled,2024-12-16,D,daily,0.41333606396412104,5,3,2,embedding
mixed_global_undersampled_daily,mixed_global_undersampled,mixed,global_undersampled,2024-12-17,D,daily,0.6477921422216997,8,6,2,embedding
mixed_global_undersampled_daily,mixed_global_undersampled,mixed,global_undersampled,2024-12-18,D,daily,0.7107664932728165,12,8,4,embedding
mixed_global_undersampled_daily,mixed_global_undersampled,mixed,global_undersampled,2024-12-27,D,daily,0.7353010158412473,7,4,3,embedding
mixed_global_undersampled_daily,mixed_global_undersampled,mixed,global_undersampled,2024-12-31,D,daily,0.696617802953649,11,0,11,embedding
mixed_global_undersampled_daily,mixed_global_undersampled,mixed,global_undersampled,2025-01-03,D,daily,0.46704643670428414,5,1,4,embedding
mixed_global_undersampled_daily,mixed_global_undersampled,mixed,global_undersampled,2025-01-05,D,daily,0.36393650620546136,5,1,4,embedding
mixed_global_undersampled_daily,mixed_global_undersampled,mixed,global_undersampled,2025-01-06,D,daily,0.39305406796527675,9,5,4,embedding
mixed_global_undersampled_daily,mixed_global_undersampled,mixed,global_undersampled,2025-01-09,D,daily,0.4968246773719064,9,6,3,embedding
mixed_global_undersampled_daily,mixed_global_undersampled,mixed,global_undersampled,2025-01-13,D,daily,0.7015931093519769,5,5,0,embedding
mixed_global_undersampled_daily,mixed_global_undersampled,mixed,global_undersampled,2025-01-16,D,daily,0.7515423218022725,7,5,2,embedding
mixed_global_undersampled_daily,mixed_global_undersampled,mixed,global_undersampled,2025-01-17,D,daily,0.5963748867262169,5,2,3,embedding
mixed_global_undersampled_daily,mixed_global_undersampled,mixed,global_undersampled,2025-01-20,D,daily,0.5635715817005158,12,7,5,embedding
mixed_global_undersampled_daily,mixed_global_undersampled,mixed,global_undersampled,2025-01-21,D,daily,0.47387335807897313,5,2,3,embedding
mixed_global_undersampled_daily,mixed_global_undersampled,mixed,global_undersampled,2025-01-23,D,daily,0.4097353862595051,10,7,3,embedding
mixed_global_undersampled_daily,mixed_global_undersampled,mixed,global_undersampled,2025-01-24,D,daily,0.4205463907898258,8,5,3,embedding
mixed_global_undersampled_daily,mixed_global_undersampled,mixed,global_undersampled,2025-01-28,D,daily,0.3836800681228828,5,2,3,embedding
mixed_global_undersampled_daily,mixed_global_undersampled,mixed,global_undersampled,2025-01-29,D,daily,0.361865497294638,8,3,5,embedding
mixed_global_undersampled_daily,mixed_global_undersampled,mixed,global_undersampled,2025-01-30,D,daily,0.48896789236569216,9,5,4,embedding
mixed_global_undersampled_daily,mixed_global_undersampled,mixed,global_undersampled,2025-01-31,D,daily,0.5853275801519924,9,3,6,embedding
mixed_global_undersampled_daily,mixed_global_undersampled,mixed,global_undersampled,2025-02-03,D,daily,0.424962004910691,10,6,4,embedding
mixed_global_undersampled_daily,mixed_global_undersampled,mixed,global_undersampled,2025-02-04,D,daily,0.4344855880374513,10,5,5,embedding
mixed_global_undersampled_daily,mixed_global_undersampled,mixed,global_undersampled,2025-02-05,D,daily,0.47489714883100553,6,3,3,embedding
mixed_global_undersampled_daily,mixed_global_undersampled,mixed,global_undersampled,2025-02-06,D,daily,0.5909338069261239,11,7,4,embedding
mixed_global_undersampled_daily,mixed_global_undersampled,mixed,global_undersampled,2025-02-07,D,daily,0.4401509651759914,8,5,3,embedding
mixed_global_undersampled_daily,mixed_global_undersampled,mixed,global_undersampled,2025-02-09,D,daily,0.6637819649426449,5,1,4,embedding
mixed_global_undersampled_daily,mixed_global_undersampled,mixed,global_undersampled,2025-02-13,D,daily,0.6483312641079285,6,5,1,embedding
mixed_global_undersampled_daily,mixed_global_undersampled,mixed,global_undersampled,2025-02-14,D,daily,0.4591646342136054,7,4,3,embedding
mixed_global_undersampled_daily,mixed_global_undersampled,mixed,global_undersampled,2025-02-19,D,daily,0.34203058466970426,9,5,4,embedding
mixed_max3_per_class_day_daily,mixed_max3_per_class_day,mixed,max3_per_class_day,2024-02-07,D,daily,0.5057026321503268,5,2,3,embedding
mixed_max3_per_class_day_daily,mixed_max3_per_class_day,mixed,max3_per_class_day,2024-02-08,D,daily,0.46896030962027924,6,3,3,embedding
mixed_max3_per_class_day_daily,mixed_max3_per_class_day,mixed,max3_per_class_day,2024-02-12,D,daily,0.5056672283496684,5,2,3,embedding
mixed_max3_per_class_day_daily,mixed_max3_per_class_day,mixed,max3_per_class_day,2024-02-15,D,daily,0.513315454344717,6,3,3,embedding
mixed_max3_per_class_day_daily,mixed_max3_per_class_day,mixed,max3_per_class_day,2024-02-16,D,daily,0.44528331481291983,6,3,3,embedding
mixed_max3_per_class_day_daily,mixed_max3_per_class_day,mixed,max3_per_class_day,2024-02-17,D,daily,0.37018927370447385,6,3,3,embedding
mixed_max3_per_class_day_daily,mixed_max3_per_class_day,mixed,max3_per_class_day,2024-02-20,D,daily,0.705275935460468,6,3,3,embedding
mixed_max3_per_class_day_daily,mixed_max3_per_class_day,mixed,max3_per_class_day,2024-02-22,D,daily,0.720142691942127,5,2,3,embedding
mixed_max3_per_class_day_daily,mixed_max3_per_class_day,mixed,max3_per_class_day,2024-02-23,D,daily,0.5048161753041417,6,3,3,embedding
mixed_max3_per_class_day_daily,mixed_max3_per_class_day,mixed,max3_per_class_day,2024-02-25,D,daily,0.4856749863385518,6,3,3,embedding
mixed_max3_per_class_day_daily,mixed_max3_per_class_day,mixed,max3_per_class_day,2024-02-26,D,daily,0.6672414567342422,5,2,3,embedding
mixed_max3_per_class_day_daily,mixed_max3_per_class_day,mixed,max3_per_class_day,2024-02-27,D,daily,0.7540364509554789,6,3,3,embedding
mixed_max3_per_class_day_daily,mixed_max3_per_class_day,mixed,max3_per_class_day,2024-02-28,D,daily,0.7868554061019347,6,3,3,embedding
mixed_max3_per_class_day_daily,mixed_max3_per_class_day,mixed,max3_per_class_day,2024-02-29,D,daily,1.0303099440685615,6,3,3,embedding
mixed_max3_per_class_day_daily,mixed_max3_per_class_day,mixed,max3_per_class_day,2024-03-01,D,daily,0.9479311953133666,6,3,3,embedding
mixed_max3_per_class_day_daily,mixed_max3_per_class_day,mixed,max3_per_class_day,2024-03-03,D,daily,0.46541409761722163,6,3,3,embedding
mixed_max3_per_class_day_daily,mixed_max3_per_class_day,mixed,max3_per_class_day,2024-03-04,D,daily,0.2916182366887665,6,3,3,embedding
mixed_max3_per_class_day_daily,mixed_max3_per_class_day,mixed,max3_per_class_day,2024-03-06,D,daily,0.4327506917514885,6,3,3,embedding
mixed_max3_per_class_day_daily,mixed_max3_per_class_day,mixed,max3_per_class_day,2024-03-07,D,daily,0.43477037382159933,6,3,3,embedding
mixed_max3_per_class_day_daily,mixed_max3_per_class_day,mixed,max3_per_class_day,2024-03-08,D,daily,0.35571728211937637,6,3,3,embedding
mixed_max3_per_class_day_daily,mixed_max3_per_class_day,mixed,max3_per_class_day,2024-03-11,D,daily,0.4295627950544406,6,3,3,embedding
mixed_max3_per_class_day_daily,mixed_max3_per_class_day,mixed,max3_per_class_day,2024-03-12,D,daily,0.5802950357309693,6,3,3,embedding
mixed_max3_per_class_day_daily,mixed_max3_per_class_day,mixed,max3_per_class_day,2024-03-13,D,daily,0.6619814835817295,6,3,3,embedding
mixed_max3_per_class_day_daily,mixed_max3_per_class_day,mixed,max3_per_class_day,2024-03-16,D,daily,0.6421472796577337,5,2,3,embedding
mixed_max3_per_class_day_daily,mixed_max3_per_class_day,mixed,max3_per_class_day,2024-03-17,D,daily,0.4809418415222153,6,3,3,embedding
mixed_max3_per_class_day_daily,mixed_max3_per_class_day,mixed,max3_per_class_day,2024-03-20,D,daily,0.38143841559973657,6,3,3,embedding
mixed_max3_per_class_day_daily,mixed_max3_per_class_day,mixed,max3_per_class_day,2024-03-22,D,daily,0.3503838500249987,6,3,3,embedding
mixed_max3_per_class_day_daily,mixed_max3_per_class_day,mixed,max3_per_class_day,2024-03-27,D,daily,0.6709953542779772,5,2,3,embedding
mixed_max3_per_class_day_daily,mixed_max3_per_class_day,mixed,max3_per_class_day,2024-03-29,D,daily,0.5702257881086387,6,3,3,embedding
mixed_max3_per_class_day_daily,mixed_max3_per_class_day,mixed,max3_per_class_day,2024-03-31,D,daily,0.5111931256854954,5,2,3,embedding
mixed_max3_per_class_day_daily,mixed_max3_per_class_day,mixed,max3_per_class_day,2024-04-01,D,daily,0.5163256984449416,6,3,3,embedding
mixed_max3_per_class_day_daily,mixed_max3_per_class_day,mixed,max3_per_class_day,2024-04-02,D,daily,0.6183819196799344,6,3,3,embedding
mixed_max3_per_class_day_daily,mixed_max3_per_class_day,mixed,max3_per_class_day,2024-04-04,D,daily,0.45573549641656197,6,3,3,embedding
mixed_max3_per_class_day_daily,mixed_max3_per_class_day,mixed,max3_per_class_day,2024-04-05,D,daily,0.577186299025679,6,3,3,embedding
mixed_max3_per_class_day_daily,mixed_max3_per_class_day,mixed,max3_per_class_day,2024-04-07,D,daily,0.4612333476478335,6,3,3,embedding
mixed_max3_per_class_day_daily,mixed_max3_per_class_day,mixed,max3_per_class_day,2024-04-08,D,daily,0.564250075232284,6,3,3,embedding
mixed_max3_per_class_day_daily,mixed_max3_per_class_day,mixed,max3_per_class_day,2024-04-10,D,daily,0.5462558375450219,6,3,3,embedding
mixed_max3_per_class_day_daily,mixed_max3_per_class_day,mixed,max3_per_class_day,2024-04-12,D,daily,0.5527536273190355,5,2,3,embedding
mixed_max3_per_class_day_daily,mixed_max3_per_class_day,mixed,max3_per_class_day,2024-04-16,D,daily,0.6429010776575027,6,3,3,embedding
mixed_max3_per_class_day_daily,mixed_max3_per_class_day,mixed,max3_per_class_day,2024-04-17,D,daily,0.753940415031163,6,3,3,embedding
mixed_max3_per_class_day_daily,mixed_max3_per_class_day,mixed,max3_per_class_day,2024-04-24,D,daily,0.8601900604375092,6,3,3,embedding
mixed_max3_per_class_day_daily,mixed_max3_per_class_day,mixed,max3_per_class_day,2024-04-25,D,daily,0.5643532058801212,6,3,3,embedding
mixed_max3_per_class_day_daily,mixed_max3_per_class_day,mixed,max3_per_class_day,2024-04-26,D,daily,0.6796286654888035,5,2,3,embedding
mixed_max3_per_class_day_daily,mixed_max3_per_class_day,mixed,max3_per_class_day,2024-04-30,D,daily,0.4686690253582799,6,3,3,embedding
mixed_max3_per_class_day_daily,mixed_max3_per_class_day,mixed,max3_per_class_day,2024-05-01,D,daily,0.2445025480690406,6,3,3,embedding
mixed_max3_per_class_day_daily,mixed_max3_per_class_day,mixed,max3_per_class_day,2024-05-02,D,daily,0.32160895828967073,6,3,3,embedding
mixed_max3_per_class_day_daily,mixed_max3_per_class_day,mixed,max3_per_class_day,2024-05-03,D,daily,0.6183471656266556,6,3,3,embedding
mixed_max3_per_class_day_daily,mixed_max3_per_class_day,mixed,max3_per_class_day,2024-05-07,D,daily,0.41661484292142337,6,3,3,embedding
mixed_max3_per_class_day_daily,mixed_max3_per_class_day,mixed,max3_per_class_day,2024-05-08,D,daily,0.7021135440118487,6,3,3,embedding
mixed_max3_per_class_day_daily,mixed_max3_per_class_day,mixed,max3_per_class_day,2024-05-10,D,daily,0.5285768870115493,6,3,3,embedding
mixed_max3_per_class_day_daily,mixed_max3_per_class_day,mixed,max3_per_class_day,2024-05-14,D,daily,0.7530200326893,5,2,3,embedding
mixed_max3_per_class_day_daily,mixed_max3_per_class_day,mixed,max3_per_class_day,2024-05-15,D,daily,0.8218996335192399,5,2,3,embedding
mixed_max3_per_class_day_daily,mixed_max3_per_class_day,mixed,max3_per_class_day,2024-05-16,D,daily,0.49760688121421337,6,3,3,embedding
mixed_max3_per_class_day_daily,mixed_max3_per_class_day,mixed,max3_per_class_day,2024-05-20,D,daily,0.6106589150022974,6,3,3,embedding
mixed_max3_per_class_day_daily,mixed_max3_per_class_day,mixed,max3_per_class_day,2024-05-21,D,daily,0.37055610700301256,5,2,3,embedding
mixed_max3_per_class_day_daily,mixed_max3_per_class_day,mixed,max3_per_class_day,2024-05-28,D,daily,0.8289162316544331,6,3,3,embedding
mixed_max3_per_class_day_daily,mixed_max3_per_class_day,mixed,max3_per_class_day,2024-05-29,D,daily,0.7616601491415895,5,2,3,embedding
mixed_max3_per_class_day_daily,mixed_max3_per_class_day,mixed,max3_per_class_day,2024-05-30,D,daily,0.6593367828466346,5,2,3,embedding
mixed_max3_per_class_day_daily,mixed_max3_per_class_day,mixed,max3_per_class_day,2024-05-31,D,daily,0.6320401923357188,6,3,3,embedding
mixed_max3_per_class_day_daily,mixed_max3_per_class_day,mixed,max3_per_class_day,2024-06-03,D,daily,0.6209401279541149,6,3,3,embedding
mixed_max3_per_class_day_daily,mixed_max3_per_class_day,mixed,max3_per_class_day,2024-06-04,D,daily,0.5570240180292474,6,3,3,embedding
mixed_max3_per_class_day_daily,mixed_max3_per_class_day,mixed,max3_per_class_day,2024-06-07,D,daily,0.4956343473324276,6,3,3,embedding
mixed_max3_per_class_day_daily,mixed_max3_per_class_day,mixed,max3_per_class_day,2024-06-09,D,daily,0.5159263610701853,5,2,3,embedding
mixed_max3_per_class_day_daily,mixed_max3_per_class_day,mixed,max3_per_class_day,2024-06-11,D,daily,0.48193961005049,6,3,3,embedding
mixed_max3_per_class_day_daily,mixed_max3_per_class_day,mixed,max3_per_class_day,2024-06-12,D,daily,0.3689485522638327,5,2,3,embedding
mixed_max3_per_class_day_daily,mixed_max3_per_class_day,mixed,max3_per_class_day,2024-06-13,D,daily,0.3630147557055421,6,3,3,embedding
mixed_max3_per_class_day_daily,mixed_max3_per_class_day,mixed,max3_per_class_day,2024-06-14,D,daily,0.48151187476292556,6,3,3,embedding
mixed_max3_per_class_day_daily,mixed_max3_per_class_day,mixed,max3_per_class_day,2024-06-20,D,daily,0.4009832109293854,5,2,3,embedding
mixed_max3_per_class_day_daily,mixed_max3_per_class_day,mixed,max3_per_class_day,2024-06-21,D,daily,0.5060761908070832,6,3,3,embedding
mixed_max3_per_class_day_daily,mixed_max3_per_class_day,mixed,max3_per_class_day,2024-06-24,D,daily,0.6947128034879895,5,2,3,embedding
mixed_max3_per_class_day_daily,mixed_max3_per_class_day,mixed,max3_per_class_day,2024-06-26,D,daily,0.6740738767567682,5,2,3,embedding
mixed_max3_per_class_day_daily,mixed_max3_per_class_day,mixed,max3_per_class_day,2024-06-27,D,daily,0.452827156041664,5,2,3,embedding
mixed_max3_per_class_day_daily,mixed_max3_per_class_day,mixed,max3_per_class_day,2024-06-28,D,daily,0.40956696537343296,6,3,3,embedding
mixed_max3_per_class_day_daily,mixed_max3_per_class_day,mixed,max3_per_class_day,2024-07-02,D,daily,0.5911818583810504,6,3,3,embedding
mixed_max3_per_class_day_daily,mixed_max3_per_class_day,mixed,max3_per_class_day,2024-07-03,D,daily,0.7537641047442518,5,2,3,embedding
mixed_max3_per_class_day_daily,mixed_max3_per_class_day,mixed,max3_per_class_day,2024-07-05,D,daily,0.7576478035342961,5,2,3,embedding
mixed_max3_per_class_day_daily,mixed_max3_per_class_day,mixed,max3_per_class_day,2024-07-08,D,daily,0.5711077104586657,6,3,3,embedding
mixed_max3_per_class_day_daily,mixed_max3_per_class_day,mixed,max3_per_class_day,2024-07-11,D,daily,0.7004438499976741,6,3,3,embedding
mixed_max3_per_class_day_daily,mixed_max3_per_class_day,mixed,max3_per_class_day,2024-07-14,D,daily,0.63513008288361,5,2,3,embedding
mixed_max3_per_class_day_daily,mixed_max3_per_class_day,mixed,max3_per_class_day,2024-07-17,D,daily,0.49303818726002624,6,3,3,embedding
mixed_max3_per_class_day_daily,mixed_max3_per_class_day,mixed,max3_per_class_day,2024-07-18,D,daily,0.3024379223690521,6,3,3,embedding
mixed_max3_per_class_day_daily,mixed_max3_per_class_day,mixed,max3_per_class_day,2024-07-20,D,daily,0.3393327524335833,5,2,3,embedding
mixed_max3_per_class_day_daily,mixed_max3_per_class_day,mixed,max3_per_class_day,2024-07-21,D,daily,0.33239568867190494,5,2,3,embedding
mixed_max3_per_class_day_daily,mixed_max3_per_class_day,mixed,max3_per_class_day,2024-07-23,D,daily,0.8542464764883237,6,3,3,embedding
mixed_max3_per_class_day_daily,mixed_max3_per_class_day,mixed,max3_per_class_day,2024-07-25,D,daily,0.7790068948106491,6,3,3,embedding
mixed_max3_per_class_day_daily,mixed_max3_per_class_day,mixed,max3_per_class_day,2024-07-26,D,daily,0.9290568572518652,5,2,3,embedding
mixed_max3_per_class_day_daily,mixed_max3_per_class_day,mixed,max3_per_class_day,2024-07-27,D,daily,0.5334158824665507,6,3,3,embedding
mixed_max3_per_class_day_daily,mixed_max3_per_class_day,mixed,max3_per_class_day,2024-08-01,D,daily,0.3969412810271218,6,3,3,embedding
mixed_max3_per_class_day_daily,mixed_max3_per_class_day,mixed,max3_per_class_day,2024-08-02,D,daily,0.415675827031714,6,3,3,embedding
mixed_max3_per_class_day_daily,mixed_max3_per_class_day,mixed,max3_per_class_day,2024-08-05,D,daily,0.7960037928781664,6,3,3,embedding
mixed_max3_per_class_day_daily,mixed_max3_per_class_day,mixed,max3_per_class_day,2024-08-06,D,daily,0.6551244185173006,6,3,3,embedding
mixed_max3_per_class_day_daily,mixed_max3_per_class_day,mixed,max3_per_class_day,2024-08-07,D,daily,0.6505342076450251,6,3,3,embedding
mixed_max3_per_class_day_daily,mixed_max3_per_class_day,mixed,max3_per_class_day,2024-08-13,D,daily,0.48093617713194703,6,3,3,embedding
mixed_max3_per_class_day_daily,mixed_max3_per_class_day,mixed,max3_per_class_day,2024-08-14,D,daily,0.47795569074818745,6,3,3,embedding
mixed_max3_per_class_day_daily,mixed_max3_per_class_day,mixed,max3_per_class_day,2024-08-15,D,daily,0.607453617565944,6,3,3,embedding
mixed_max3_per_class_day_daily,mixed_max3_per_class_day,mixed,max3_per_class_day,2024-08-16,D,daily,0.5040110933224345,6,3,3,embedding
mixed_max3_per_class_day_daily,mixed_max3_per_class_day,mixed,max3_per_class_day,2024-08-17,D,daily,0.3017491216902287,6,3,3,embedding
mixed_max3_per_class_day_daily,mixed_max3_per_class_day,mixed,max3_per_class_day,2024-08-20,D,daily,0.4677800161644483,5,2,3,embedding
mixed_max3_per_class_day_daily,mixed_max3_per_class_day,mixed,max3_per_class_day,2024-08-21,D,daily,0.46206850200365845,6,3,3,embedding
mixed_max3_per_class_day_daily,mixed_max3_per_class_day,mixed,max3_per_class_day,2024-08-22,D,daily,0.7065032604503203,6,3,3,embedding
mixed_max3_per_class_day_daily,mixed_max3_per_class_day,mixed,max3_per_class_day,2024-08-24,D,daily,0.5596823924894065,6,3,3,embedding
mixed_max3_per_class_day_daily,mixed_max3_per_class_day,mixed,max3_per_class_day,2024-08-27,D,daily,0.28163283274548645,6,3,3,embedding
mixed_max3_per_class_day_daily,mixed_max3_per_class_day,mixed,max3_per_class_day,2024-08-28,D,daily,0.6316975204319695,6,3,3,embedding
mixed_max3_per_class_day_daily,mixed_max3_per_class_day,mixed,max3_per_class_day,2024-09-02,D,daily,0.5552191930162691,6,3,3,embedding
mixed_max3_per_class_day_daily,mixed_max3_per_class_day,mixed,max3_per_class_day,2024-09-03,D,daily,0.6143569761652514,6,3,3,embedding
mixed_max3_per_class_day_daily,mixed_max3_per_class_day,mixed,max3_per_class_day,2024-09-04,D,daily,0.5665779500504302,6,3,3,embedding
mixed_max3_per_class_day_daily,mixed_max3_per_class_day,mixed,max3_per_class_day,2024-09-05,D,daily,0.3435201364950654,6,3,3,embedding
mixed_max3_per_class_day_daily,mixed_max3_per_class_day,mixed,max3_per_class_day,2024-09-06,D,daily,0.30744878741932213,6,3,3,embedding
mixed_max3_per_class_day_daily,mixed_max3_per_class_day,mixed,max3_per_class_day,2024-09-09,D,daily,0.544921067805106,5,2,3,embedding
mixed_max3_per_class_day_daily,mixed_max3_per_class_day,mixed,max3_per_class_day,2024-09-10,D,daily,0.5730101930862136,6,3,3,embedding
mixed_max3_per_class_day_daily,mixed_max3_per_class_day,mixed,max3_per_class_day,2024-09-11,D,daily,0.4262992505847848,6,3,3,embedding
mixed_max3_per_class_day_daily,mixed_max3_per_class_day,mixed,max3_per_class_day,2024-09-12,D,daily,0.5144248266577283,6,3,3,embedding
mixed_max3_per_class_day_daily,mixed_max3_per_class_day,mixed,max3_per_class_day,2024-09-13,D,daily,0.5168720988717211,6,3,3,embedding
mixed_max3_per_class_day_daily,mixed_max3_per_class_day,mixed,max3_per_class_day,2024-09-14,D,daily,0.5974642688964824,5,2,3,embedding
mixed_max3_per_class_day_daily,mixed_max3_per_class_day,mixed,max3_per_class_day,2024-09-16,D,daily,0.3558917787165219,6,3,3,embedding
mixed_max3_per_class_day_daily,mixed_max3_per_class_day,mixed,max3_per_class_day,2024-09-17,D,daily,0.5421398667940989,5,2,3,embedding
mixed_max3_per_class_day_daily,mixed_max3_per_class_day,mixed,max3_per_class_day,2024-09-19,D,daily,0.5383999017701165,6,3,3,embedding
mixed_max3_per_class_day_daily,mixed_max3_per_class_day,mixed,max3_per_class_day,2024-09-20,D,daily,0.68824564726788,6,3,3,embedding
mixed_max3_per_class_day_daily,mixed_max3_per_class_day,mixed,max3_per_class_day,2024-09-23,D,daily,0.6468311366724064,6,3,3,embedding
mixed_max3_per_class_day_daily,mixed_max3_per_class_day,mixed,max3_per_class_day,2024-09-24,D,daily,0.332904384061288,5,2,3,embedding
mixed_max3_per_class_day_daily,mixed_max3_per_class_day,mixed,max3_per_class_day,2024-09-25,D,daily,0.3475240916532283,6,3,3,embedding
mixed_max3_per_class_day_daily,mixed_max3_per_class_day,mixed,max3_per_class_day,2024-09-27,D,daily,0.6744870239879828,6,3,3,embedding
mixed_max3_per_class_day_daily,mixed_max3_per_class_day,mixed,max3_per_class_day,2024-09-30,D,daily,0.538468837607863,5,2,3,embedding
mixed_max3_per_class_day_daily,mixed_max3_per_class_day,mixed,max3_per_class_day,2024-10-02,D,daily,0.40109703227841187,5,2,3,embedding
mixed_max3_per_class_day_daily,mixed_max3_per_class_day,mixed,max3_per_class_day,2024-10-03,D,daily,0.31150768068327317,5,2,3,embedding
mixed_max3_per_class_day_daily,mixed_max3_per_class_day,mixed,max3_per_class_day,2024-10-04,D,daily,0.5518644104684597,6,3,3,embedding
mixed_max3_per_class_day_daily,mixed_max3_per_class_day,mixed,max3_per_class_day,2024-10-05,D,daily,0.4994898975267491,5,2,3,embedding
mixed_max3_per_class_day_daily,mixed_max3_per_class_day,mixed,max3_per_class_day,2024-10-07,D,daily,0.37953104656048176,6,3,3,embedding
mixed_max3_per_class_day_daily,mixed_max3_per_class_day,mixed,max3_per_class_day,2024-10-09,D,daily,0.25873926975249106,5,2,3,embedding
mixed_max3_per_class_day_daily,mixed_max3_per_class_day,mixed,max3_per_class_day,2024-10-10,D,daily,0.4063969442586962,6,3,3,embedding
mixed_max3_per_class_day_daily,mixed_max3_per_class_day,mixed,max3_per_class_day,2024-10-11,D,daily,0.5052735205049449,6,3,3,embedding
mixed_max3_per_class_day_daily,mixed_max3_per_class_day,mixed,max3_per_class_day,2024-10-12,D,daily,0.5125873735217416,5,2,3,embedding
mixed_max3_per_class_day_daily,mixed_max3_per_class_day,mixed,max3_per_class_day,2024-10-14,D,daily,0.6449176915879243,5,2,3,embedding
mixed_max3_per_class_day_daily,mixed_max3_per_class_day,mixed,max3_per_class_day,2024-10-15,D,daily,0.6074438552680057,5,2,3,embedding
mixed_max3_per_class_day_daily,mixed_max3_per_class_day,mixed,max3_per_class_day,2024-10-18,D,daily,0.49672899474356336,6,3,3,embedding
mixed_max3_per_class_day_daily,mixed_max3_per_class_day,mixed,max3_per_class_day,2024-10-20,D,daily,0.7886294206098978,5,2,3,embedding
mixed_max3_per_class_day_daily,mixed_max3_per_class_day,mixed,max3_per_class_day,2024-10-21,D,daily,0.7184109055166967,6,3,3,embedding
mixed_max3_per_class_day_daily,mixed_max3_per_class_day,mixed,max3_per_class_day,2024-10-24,D,daily,0.6540698949714026,6,3,3,embedding
mixed_max3_per_class_day_daily,mixed_max3_per_class_day,mixed,max3_per_class_day,2024-10-25,D,daily,0.6499288559903809,6,3,3,embedding
mixed_max3_per_class_day_daily,mixed_max3_per_class_day,mixed,max3_per_class_day,2024-10-26,D,daily,0.29735693755840487,6,3,3,embedding
mixed_max3_per_class_day_daily,mixed_max3_per_class_day,mixed,max3_per_class_day,2024-10-27,D,daily,0.7053956619171087,6,3,3,embedding
mixed_max3_per_class_day_daily,mixed_max3_per_class_day,mixed,max3_per_class_day,2024-10-28,D,daily,0.7323734107258475,6,3,3,embedding
mixed_max3_per_class_day_daily,mixed_max3_per_class_day,mixed,max3_per_class_day,2024-10-31,D,daily,0.4154192685570325,5,2,3,embedding
mixed_max3_per_class_day_daily,mixed_max3_per_class_day,mixed,max3_per_class_day,2024-11-01,D,daily,0.466829636026427,6,3,3,embedding
mixed_max3_per_class_day_daily,mixed_max3_per_class_day,mixed,max3_per_class_day,2024-11-03,D,daily,0.647773316815515,6,3,3,embedding
mixed_max3_per_class_day_daily,mixed_max3_per_class_day,mixed,max3_per_class_day,2024-11-04,D,daily,0.6355516571660875,5,2,3,embedding
mixed_max3_per_class_day_daily,mixed_max3_per_class_day,mixed,max3_per_class_day,2024-11-05,D,daily,0.6613043848331182,6,3,3,embedding
mixed_max3_per_class_day_daily,mixed_max3_per_class_day,mixed,max3_per_class_day,2024-11-06,D,daily,0.31850603748120365,6,3,3,embedding
mixed_max3_per_class_day_daily,mixed_max3_per_class_day,mixed,max3_per_class_day,2024-11-08,D,daily,0.32760920026270646,6,3,3,embedding
mixed_max3_per_class_day_daily,mixed_max3_per_class_day,mixed,max3_per_class_day,2024-11-13,D,daily,0.40993587653358454,6,3,3,embedding
mixed_max3_per_class_day_daily,mixed_max3_per_class_day,mixed,max3_per_class_day,2024-11-15,D,daily,0.27184751416552777,6,3,3,embedding
mixed_max3_per_class_day_daily,mixed_max3_per_class_day,mixed,max3_per_class_day,2024-11-18,D,daily,0.48938692814037954,5,2,3,embedding
mixed_max3_per_class_day_daily,mixed_max3_per_class_day,mixed,max3_per_class_day,2024-11-20,D,daily,0.4961895961236613,6,3,3,embedding
mixed_max3_per_class_day_daily,mixed_max3_per_class_day,mixed,max3_per_class_day,2024-11-21,D,daily,0.30257371694881063,6,3,3,embedding
mixed_max3_per_class_day_daily,mixed_max3_per_class_day,mixed,max3_per_class_day,2024-11-23,D,daily,0.35558455286021007,6,3,3,embedding
mixed_max3_per_class_day_daily,mixed_max3_per_class_day,mixed,max3_per_class_day,2024-11-24,D,daily,0.7897861424223663,5,2,3,embedding
mixed_max3_per_class_day_daily,mixed_max3_per_class_day,mixed,max3_per_class_day,2024-11-25,D,daily,0.8317587847460713,6,3,3,embedding
mixed_max3_per_class_day_daily,mixed_max3_per_class_day,mixed,max3_per_class_day,2024-11-26,D,daily,0.5247310975918567,6,3,3,embedding
mixed_max3_per_class_day_daily,mixed_max3_per_class_day,mixed,max3_per_class_day,2024-11-27,D,daily,0.4830263257128691,6,3,3,embedding
mixed_max3_per_class_day_daily,mixed_max3_per_class_day,mixed,max3_per_class_day,2024-12-01,D,daily,0.5432198303907292,5,2,3,embedding
mixed_max3_per_class_day_daily,mixed_max3_per_class_day,mixed,max3_per_class_day,2024-12-03,D,daily,0.6358744025037036,6,3,3,embedding
mixed_max3_per_class_day_daily,mixed_max3_per_class_day,mixed,max3_per_class_day,2024-12-04,D,daily,0.7845583291722305,6,3,3,embedding
mixed_max3_per_class_day_daily,mixed_max3_per_class_day,mixed,max3_per_class_day,2024-12-09,D,daily,0.6608875504202623,6,3,3,embedding
mixed_max3_per_class_day_daily,mixed_max3_per_class_day,mixed,max3_per_class_day,2024-12-11,D,daily,0.530085019357152,6,3,3,embedding
mixed_max3_per_class_day_daily,mixed_max3_per_class_day,mixed,max3_per_class_day,2024-12-12,D,daily,0.5813893959776106,6,3,3,embedding
mixed_max3_per_class_day_daily,mixed_max3_per_class_day,mixed,max3_per_class_day,2024-12-13,D,daily,0.7057630784086346,6,3,3,embedding
mixed_max3_per_class_day_daily,mixed_max3_per_class_day,mixed,max3_per_class_day,2024-12-16,D,daily,0.6609323783978002,6,3,3,embedding
mixed_max3_per_class_day_daily,mixed_max3_per_class_day,mixed,max3_per_class_day,2024-12-17,D,daily,0.3611910599457636,6,3,3,embedding
mixed_max3_per_class_day_daily,mixed_max3_per_class_day,mixed,max3_per_class_day,2024-12-18,D,daily,0.7445518083973387,6,3,3,embedding
mixed_max3_per_class_day_daily,mixed_max3_per_class_day,mixed,max3_per_class_day,2024-12-19,D,daily,0.6685734447364539,5,2,3,embedding
mixed_max3_per_class_day_daily,mixed_max3_per_class_day,mixed,max3_per_class_day,2024-12-27,D,daily,0.449555694227063,6,3,3,embedding
mixed_max3_per_class_day_daily,mixed_max3_per_class_day,mixed,max3_per_class_day,2024-12-30,D,daily,0.5048602289110128,6,3,3,embedding
mixed_max3_per_class_day_daily,mixed_max3_per_class_day,mixed,max3_per_class_day,2025-01-01,D,daily,0.42658141151456874,5,2,3,embedding
mixed_max3_per_class_day_daily,mixed_max3_per_class_day,mixed,max3_per_class_day,2025-01-04,D,daily,0.32373557899927885,5,2,3,embedding
mixed_max3_per_class_day_daily,mixed_max3_per_class_day,mixed,max3_per_class_day,2025-01-06,D,daily,0.30055805047727535,6,3,3,embedding
mixed_max3_per_class_day_daily,mixed_max3_per_class_day,mixed,max3_per_class_day,2025-01-08,D,daily,0.29412740228569256,5,2,3,embedding
mixed_max3_per_class_day_daily,mixed_max3_per_class_day,mixed,max3_per_class_day,2025-01-09,D,daily,0.30280436242970366,6,3,3,embedding
mixed_max3_per_class_day_daily,mixed_max3_per_class_day,mixed,max3_per_class_day,2025-01-10,D,daily,0.2467621896229114,5,2,3,embedding
mixed_max3_per_class_day_daily,mixed_max3_per_class_day,mixed,max3_per_class_day,2025-01-13,D,daily,0.6770027562490701,6,3,3,embedding
mixed_max3_per_class_day_daily,mixed_max3_per_class_day,mixed,max3_per_class_day,2025-01-16,D,daily,0.7940087990989464,6,3,3,embedding
mixed_max3_per_class_day_daily,mixed_max3_per_class_day,mixed,max3_per_class_day,2025-01-17,D,daily,0.5704800052603736,5,2,3,embedding
mixed_max3_per_class_day_daily,mixed_max3_per_class_day,mixed,max3_per_class_day,2025-01-20,D,daily,0.5885606745612575,6,3,3,embedding
mixed_max3_per_class_day_daily,mixed_max3_per_class_day,mixed,max3_per_class_day,2025-01-21,D,daily,0.45400275486910924,5,2,3,embedding
mixed_max3_per_class_day_daily,mixed_max3_per_class_day,mixed,max3_per_class_day,2025-01-23,D,daily,0.4423633420180225,6,3,3,embedding
mixed_max3_per_class_day_daily,mixed_max3_per_class_day,mixed,max3_per_class_day,2025-01-24,D,daily,0.42774870231115003,6,3,3,embedding
mixed_max3_per_class_day_daily,mixed_max3_per_class_day,mixed,max3_per_class_day,2025-01-27,D,daily,0.485854538393908,5,2,3,embedding
mixed_max3_per_class_day_daily,mixed_max3_per_class_day,mixed,max3_per_class_day,2025-01-28,D,daily,0.6881800298679217,5,2,3,embedding
mixed_max3_per_class_day_daily,mixed_max3_per_class_day,mixed,max3_per_class_day,2025-01-29,D,daily,0.4822868835126122,6,3,3,embedding
mixed_max3_per_class_day_daily,mixed_max3_per_class_day,mixed,max3_per_class_day,2025-01-30,D,daily,0.3455505598690558,6,3,3,embedding
mixed_max3_per_class_day_daily,mixed_max3_per_class_day,mixed,max3_per_class_day,2025-01-31,D,daily,0.39032090779316353,6,3,3,embedding
mixed_max3_per_class_day_daily,mixed_max3_per_class_day,mixed,max3_per_class_day,2025-02-03,D,daily,0.30838484388637666,6,3,3,embedding
mixed_max3_per_class_day_daily,mixed_max3_per_class_day,mixed,max3_per_class_day,2025-02-04,D,daily,0.5620025051955329,6,3,3,embedding
mixed_max3_per_class_day_daily,mixed_max3_per_class_day,mixed,max3_per_class_day,2025-02-05,D,daily,0.6017303344881155,6,3,3,embedding
mixed_max3_per_class_day_daily,mixed_max3_per_class_day,mixed,max3_per_class_day,2025-02-06,D,daily,0.7158513194159274,6,3,3,embedding
mixed_max3_per_class_day_daily,mixed_max3_per_class_day,mixed,max3_per_class_day,2025-02-07,D,daily,0.42200259337714363,6,3,3,embedding
mixed_max3_per_class_day_daily,mixed_max3_per_class_day,mixed,max3_per_class_day,2025-02-12,D,daily,0.317273236393638,6,3,3,embedding
mixed_max3_per_class_day_daily,mixed_max3_per_class_day,mixed,max3_per_class_day,2025-02-13,D,daily,0.5383083234818071,6,3,3,embedding
mixed_max3_per_class_day_daily,mixed_max3_per_class_day,mixed,max3_per_class_day,2025-02-14,D,daily,0.5630817538792086,6,3,3,embedding
mixed_max3_per_class_day_daily,mixed_max3_per_class_day,mixed,max3_per_class_day,2025-02-17,D,daily,0.4311876527581693,5,2,3,embedding
mixed_max3_per_class_day_daily,mixed_max3_per_class_day,mixed,max3_per_class_day,2025-02-19,D,daily,0.46608497006183347,6,3,3,embedding
mixed_raw_daily,mixed_raw,mixed,raw,2024-02-06,D,daily,0.37896681924252884,22,6,16,embedding
mixed_raw_daily,mixed_raw,mixed,raw,2024-02-07,D,daily,0.2652442371128303,6,2,4,embedding
mixed_raw_daily,mixed_raw,mixed,raw,2024-02-08,D,daily,0.4182876679336017,25,7,18,embedding
mixed_raw_daily,mixed_raw,mixed,raw,2024-02-10,D,daily,0.4603962402833027,13,0,13,embedding
mixed_raw_daily,mixed_raw,mixed,raw,2024-02-11,D,daily,0.5218203709816605,20,1,19,embedding
mixed_raw_daily,mixed_raw,mixed,raw,2024-02-12,D,daily,0.4338191382378537,21,2,19,embedding
mixed_raw_daily,mixed_raw,mixed,raw,2024-02-13,D,daily,0.33438946669361025,5,5,0,embedding
mixed_raw_daily,mixed_raw,mixed,raw,2024-02-15,D,daily,0.6678281390232228,24,4,20,embedding
mixed_raw_daily,mixed_raw,mixed,raw,2024-02-16,D,daily,0.47299900091213787,26,6,20,embedding
mixed_raw_daily,mixed_raw,mixed,raw,2024-02-17,D,daily,0.36994245710771423,18,3,15,embedding
mixed_raw_daily,mixed_raw,mixed,raw,2024-02-18,D,daily,0.35043162906198155,21,0,21,embedding
mixed_raw_daily,mixed_raw,mixed,raw,2024-02-19,D,daily,0.5060864471232036,9,0,9,embedding
mixed_raw_daily,mixed_raw,mixed,raw,2024-02-20,D,daily,0.5612832185828418,22,3,19,embedding
mixed_raw_daily,mixed_raw,mixed,raw,2024-02-22,D,daily,0.6599588386579791,19,2,17,embedding
mixed_raw_daily,mixed_raw,mixed,raw,2024-02-23,D,daily,0.5551378978133854,19,3,16,embedding
mixed_raw_daily,mixed_raw,mixed,raw,2024-02-25,D,daily,0.4342881231462091,26,3,23,embedding
mixed_raw_daily,mixed_raw,mixed,raw,2024-02-26,D,daily,0.5545133165113556,15,2,13,embedding
mixed_raw_daily,mixed_raw,mixed,raw,2024-02-27,D,daily,0.634297465408322,10,4,6,embedding
mixed_raw_daily,mixed_raw,mixed,raw,2024-02-28,D,daily,0.4946229066374057,27,5,22,embedding
mixed_raw_daily,mixed_raw,mixed,raw,2024-02-29,D,daily,1.0049137191925894,22,3,19,embedding
mixed_raw_daily,mixed_raw,mixed,raw,2024-03-01,D,daily,0.9249975306644698,67,3,64,embedding
mixed_raw_daily,mixed_raw,mixed,raw,2024-03-02,D,daily,0.32658653114859404,16,0,16,embedding
mixed_raw_daily,mixed_raw,mixed,raw,2024-03-03,D,daily,0.2718984181728219,18,3,15,embedding
mixed_raw_daily,mixed_raw,mixed,raw,2024-03-04,D,daily,0.38133047822227883,24,4,20,embedding
mixed_raw_daily,mixed_raw,mixed,raw,2024-03-06,D,daily,0.47321745225196854,15,4,11,embedding
mixed_raw_daily,mixed_raw,mixed,raw,2024-03-07,D,daily,0.46708549787341014,18,3,15,embedding
mixed_raw_daily,mixed_raw,mixed,raw,2024-03-08,D,daily,0.43391390571238,6,3,3,embedding
mixed_raw_daily,mixed_raw,mixed,raw,2024-03-09,D,daily,0.3799024156934372,9,0,9,embedding
mixed_raw_daily,mixed_raw,mixed,raw,2024-03-10,D,daily,0.4492540721368845,21,1,20,embedding
mixed_raw_daily,mixed_raw,mixed,raw,2024-03-11,D,daily,0.45468178961883055,21,5,16,embedding
mixed_raw_daily,mixed_raw,mixed,raw,2024-03-12,D,daily,0.5352358661331025,17,4,13,embedding
mixed_raw_daily,mixed_raw,mixed,raw,2024-03-13,D,daily,0.23112024653708474,26,6,20,embedding
mixed_raw_daily,mixed_raw,mixed,raw,2024-03-14,D,daily,0.5362972667898394,15,1,14,embedding
mixed_raw_daily,mixed_raw,mixed,raw,2024-03-16,D,daily,0.5034024394347971,11,2,9,embedding
mixed_raw_daily,mixed_raw,mixed,raw,2024-03-17,D,daily,0.5310216591978082,24,3,21,embedding
mixed_raw_daily,mixed_raw,mixed,raw,2024-03-18,D,daily,0.49181139455871037,12,0,12,embedding
mixed_raw_daily,mixed_raw,mixed,raw,2024-03-19,D,daily,0.5657348809893439,5,1,4,embedding
mixed_raw_daily,mixed_raw,mixed,raw,2024-03-20,D,daily,0.5330715334403585,22,3,19,embedding
mixed_raw_daily,mixed_raw,mixed,raw,2024-03-21,D,daily,0.30168862279452957,10,1,9,embedding
mixed_raw_daily,mixed_raw,mixed,raw,2024-03-22,D,daily,0.3548516907917185,15,3,12,embedding
mixed_raw_daily,mixed_raw,mixed,raw,2024-03-23,D,daily,0.4388499885158309,6,0,6,embedding
mixed_raw_daily,mixed_raw,mixed,raw,2024-03-24,D,daily,0.37057688465177185,16,1,15,embedding
mixed_raw_daily,mixed_raw,mixed,raw,2024-03-25,D,daily,0.5112254605048449,13,1,12,embedding
mixed_raw_daily,mixed_raw,mixed,raw,2024-03-26,D,daily,0.5905428507022721,21,1,20,embedding
mixed_raw_daily,mixed_raw,mixed,raw,2024-03-27,D,daily,0.7604100616234505,13,2,11,embedding
mixed_raw_daily,mixed_raw,mixed,raw,2024-03-28,D,daily,0.7706535730173881,19,1,18,embedding
mixed_raw_daily,mixed_raw,mixed,raw,2024-03-29,D,daily,0.6193688895577979,34,4,30,embedding
mixed_raw_daily,mixed_raw,mixed,raw,2024-03-30,D,daily,0.674628634450032,28,0,28,embedding
mixed_raw_daily,mixed_raw,mixed,raw,2024-03-31,D,daily,0.46368999555722334,9,2,7,embedding
mixed_raw_daily,mixed_raw,mixed,raw,2024-04-01,D,daily,0.5163256984449416,35,5,30,embedding
mixed_raw_daily,mixed_raw,mixed,raw,2024-04-02,D,daily,0.6032351426935822,21,3,18,embedding
mixed_raw_daily,mixed_raw,mixed,raw,2024-04-03,D,daily,0.40619876764347096,19,0,19,embedding
mixed_raw_daily,mixed_raw,mixed,raw,2024-04-04,D,daily,0.37909830524270527,25,5,20,embedding
mixed_raw_daily,mixed_raw,mixed,raw,2024-04-05,D,daily,0.6299106143598884,24,4,20,embedding
mixed_raw_daily,mixed_raw,mixed,raw,2024-04-06,D,daily,0.5902408647994069,14,1,13,embedding
mixed_raw_daily,mixed_raw,mixed,raw,2024-04-07,D,daily,0.4159630080598137,15,3,12,embedding
mixed_raw_daily,mixed_raw,mixed,raw,2024-04-08,D,daily,0.5492201838704145,21,4,17,embedding
mixed_raw_daily,mixed_raw,mixed,raw,2024-04-09,D,daily,0.49987404978909566,18,1,17,embedding
mixed_raw_daily,mixed_raw,mixed,raw,2024-04-10,D,daily,0.6083420942811955,26,6,20,embedding
mixed_raw_daily,mixed_raw,mixed,raw,2024-04-11,D,daily,0.44051359355443487,6,6,0,embedding
mixed_raw_daily,mixed_raw,mixed,raw,2024-04-12,D,daily,0.6141936428079521,10,2,8,embedding
mixed_raw_daily,mixed_raw,mixed,raw,2024-04-13,D,daily,0.3459049805382082,6,0,6,embedding
mixed_raw_daily,mixed_raw,mixed,raw,2024-04-14,D,daily,0.2958720619515537,14,0,14,embedding
mixed_raw_daily,mixed_raw,mixed,raw,2024-04-15,D,daily,0.452347530786801,6,6,0,embedding
mixed_raw_daily,mixed_raw,mixed,raw,2024-04-16,D,daily,0.7237394220586908,23,3,20,embedding
mixed_raw_daily,mixed_raw,mixed,raw,2024-04-17,D,daily,0.7625869408533629,8,3,5,embedding
mixed_raw_daily,mixed_raw,mixed,raw,2024-04-20,D,daily,0.5737638125227411,5,0,5,embedding
mixed_raw_daily,mixed_raw,mixed,raw,2024-04-21,D,daily,0.36275369962587023,12,0,12,embedding
mixed_raw_daily,mixed_raw,mixed,raw,2024-04-23,D,daily,0.591219622104035,16,0,16,embedding
mixed_raw_daily,mixed_raw,mixed,raw,2024-04-24,D,daily,0.5727296127170379,26,6,20,embedding
mixed_raw_daily,mixed_raw,mixed,raw,2024-04-25,D,daily,0.5282708856375541,23,3,20,embedding
mixed_raw_daily,mixed_raw,mixed,raw,2024-04-26,D,daily,0.4929360677511869,17,2,15,embedding
mixed_raw_daily,mixed_raw,mixed,raw,2024-04-27,D,daily,0.6064037932741593,19,1,18,embedding
mixed_raw_daily,mixed_raw,mixed,raw,2024-04-28,D,daily,0.40646371949080307,10,0,10,embedding
mixed_raw_daily,mixed_raw,mixed,raw,2024-04-29,D,daily,0.5146495559134561,33,1,32,embedding
mixed_raw_daily,mixed_raw,mixed,raw,2024-04-30,D,daily,0.6200666583999048,42,6,36,embedding
mixed_raw_daily,mixed_raw,mixed,raw,2024-05-01,D,daily,0.30158873367664163,32,3,29,embedding
mixed_raw_daily,mixed_raw,mixed,raw,2024-05-02,D,daily,0.4307149842148916,23,3,20,embedding
mixed_raw_daily,mixed_raw,mixed,raw,2024-05-03,D,daily,0.6211396411091255,17,6,11,embedding
mixed_raw_daily,mixed_raw,mixed,raw,2024-05-04,D,daily,0.7876057032564344,8,0,8,embedding
mixed_raw_daily,mixed_raw,mixed,raw,2024-05-05,D,daily,0.457495916211738,19,1,18,embedding
mixed_raw_daily,mixed_raw,mixed,raw,2024-05-06,D,daily,0.3739768449328601,10,0,10,embedding
mixed_raw_daily,mixed_raw,mixed,raw,2024-05-07,D,daily,0.4398441938223605,17,4,13,embedding
mixed_raw_daily,mixed_raw,mixed,raw,2024-05-08,D,daily,0.5950070193665772,13,4,9,embedding
mixed_raw_daily,mixed_raw,mixed,raw,2024-05-09,D,daily,0.6903100260145365,21,1,20,embedding
mixed_raw_daily,mixed_raw,mixed,raw,2024-05-10,D,daily,0.7116864594963571,14,5,9,embedding
mixed_raw_daily,mixed_raw,mixed,raw,2024-05-12,D,daily,0.4903765554927605,21,1,20,embedding
mixed_raw_daily,mixed_raw,mixed,raw,2024-05-13,D,daily,0.3448597010188451,11,1,10,embedding
mixed_raw_daily,mixed_raw,mixed,raw,2024-05-14,D,daily,0.7033665483488138,15,2,13,embedding
mixed_raw_daily,mixed_raw,mixed,raw,2024-05-15,D,daily,0.7646180092381261,18,2,16,embedding
mixed_raw_daily,mixed_raw,mixed,raw,2024-05-16,D,daily,0.5912676116704221,21,5,16,embedding
mixed_raw_daily,mixed_raw,mixed,raw,2024-05-17,D,daily,0.5762600328503245,15,0,15,embedding
mixed_raw_daily,mixed_raw,mixed,raw,2024-05-18,D,daily,0.34905176496220014,5,0,5,embedding
mixed_raw_daily,mixed_raw,mixed,raw,2024-05-19,D,daily,0.5208955127492283,19,1,18,embedding
mixed_raw_daily,mixed_raw,mixed,raw,2024-05-20,D,daily,0.41882619278762423,24,4,20,embedding
mixed_raw_daily,mixed_raw,mixed,raw,2024-05-21,D,daily,0.46837627938056936,5,2,3,embedding
mixed_raw_daily,mixed_raw,mixed,raw,2024-05-22,D,daily,0.2873093480386748,19,1,18,embedding
mixed_raw_daily,mixed_raw,mixed,raw,2024-05-23,D,daily,0.32870727647913567,6,0,6,embedding
mixed_raw_daily,mixed_raw,mixed,raw,2024-05-25,D,daily,0.47056252835664014,6,0,6,embedding
mixed_raw_daily,mixed_raw,mixed,raw,2024-05-26,D,daily,0.5633470321974554,18,1,17,embedding
mixed_raw_daily,mixed_raw,mixed,raw,2024-05-27,D,daily,0.4377470523930367,7,0,7,embedding
mixed_raw_daily,mixed_raw,mixed,raw,2024-05-28,D,daily,0.5805025289649859,21,3,18,embedding
mixed_raw_daily,mixed_raw,mixed,raw,2024-05-29,D,daily,0.639685518538313,14,2,12,embedding
mixed_raw_daily,mixed_raw,mixed,raw,2024-05-30,D,daily,0.6426323693106499,17,2,15,embedding
mixed_raw_daily,mixed_raw,mixed,raw,2024-05-31,D,daily,0.3925990484379053,15,3,12,embedding
mixed_raw_daily,mixed_raw,mixed,raw,2024-06-01,D,daily,0.3688484723254084,51,0,51,embedding
mixed_raw_daily,mixed_raw,mixed,raw,2024-06-02,D,daily,0.47904431647379664,21,0,21,embedding
mixed_raw_daily,mixed_raw,mixed,raw,2024-06-03,D,daily,0.4393617215204113,15,3,12,embedding
mixed_raw_daily,mixed_raw,mixed,raw,2024-06-04,D,daily,0.47723095325824527,14,6,8,embedding
mixed_raw_daily,mixed_raw,mixed,raw,2024-06-05,D,daily,0.3742808339144106,20,0,20,embedding
mixed_raw_daily,mixed_raw,mixed,raw,2024-06-07,D,daily,0.4384891950753894,15,4,11,embedding
mixed_raw_daily,mixed_raw,mixed,raw,2024-06-09,D,daily,0.2790000268695437,18,2,16,embedding
mixed_raw_daily,mixed_raw,mixed,raw,2024-06-10,D,daily,0.35456403668306447,7,1,6,embedding
mixed_raw_daily,mixed_raw,mixed,raw,2024-06-11,D,daily,0.6864024021446797,24,4,20,embedding
mixed_raw_daily,mixed_raw,mixed,raw,2024-06-12,D,daily,0.5996879406479024,18,2,16,embedding
mixed_raw_daily,mixed_raw,mixed,raw,2024-06-13,D,daily,0.6142161011907926,22,6,16,embedding
mixed_raw_daily,mixed_raw,mixed,raw,2024-06-14,D,daily,0.5417347751507656,13,4,9,embedding
mixed_raw_daily,mixed_raw,mixed,raw,2024-06-15,D,daily,0.5850293505165822,6,1,5,embedding
mixed_raw_daily,mixed_raw,mixed,raw,2024-06-16,D,daily,0.7245260037466335,21,1,20,embedding
mixed_raw_daily,mixed_raw,mixed,raw,2024-06-18,D,daily,0.3826444461189298,20,1,19,embedding
mixed_raw_daily,mixed_raw,mixed,raw,2024-06-19,D,daily,0.4121054174361023,19,0,19,embedding
mixed_raw_daily,mixed_raw,mixed,raw,2024-06-20,D,daily,0.3841197215321286,19,2,17,embedding
mixed_raw_daily,mixed_raw,mixed,raw,2024-06-21,D,daily,0.4769113898860864,14,3,11,embedding
mixed_raw_daily,mixed_raw,mixed,raw,2024-06-22,D,daily,0.38199028010602787,8,1,7,embedding
mixed_raw_daily,mixed_raw,mixed,raw,2024-06-23,D,daily,0.572501147601377,12,1,11,embedding
mixed_raw_daily,mixed_raw,mixed,raw,2024-06-24,D,daily,0.6471363178412497,23,2,21,embedding
mixed_raw_daily,mixed_raw,mixed,raw,2024-06-25,D,daily,0.7653970945485762,12,1,11,embedding
mixed_raw_daily,mixed_raw,mixed,raw,2024-06-26,D,daily,0.5153868468855275,22,2,20,embedding
mixed_raw_daily,mixed_raw,mixed,raw,2024-06-27,D,daily,0.37793954272090147,15,2,13,embedding
mixed_raw_daily,mixed_raw,mixed,raw,2024-06-28,D,daily,0.4098130767817274,28,7,21,embedding
mixed_raw_daily,mixed_raw,mixed,raw,2024-06-29,D,daily,0.5484713515950804,15,1,14,embedding
mixed_raw_daily,mixed_raw,mixed,raw,2024-06-30,D,daily,0.5091528306008389,20,0,20,embedding
mixed_raw_daily,mixed_raw,mixed,raw,2024-07-01,D,daily,0.4809516027669889,43,1,42,embedding
mixed_raw_daily,mixed_raw,mixed,raw,2024-07-02,D,daily,0.4607287890304388,32,7,25,embedding
mixed_raw_daily,mixed_raw,mixed,raw,2024-07-03,D,daily,0.6361791812286067,16,2,14,embedding
mixed_raw_daily,mixed_raw,mixed,raw,2024-07-04,D,daily,0.696204175025876,12,0,12,embedding
mixed_raw_daily,mixed_raw,mixed,raw,2024-07-05,D,daily,0.5515253595430991,7,2,5,embedding
mixed_raw_daily,mixed_raw,mixed,raw,2024-07-06,D,daily,0.5987596176850025,6,1,5,embedding
mixed_raw_daily,mixed_raw,mixed,raw,2024-07-07,D,daily,0.3565368930668815,11,1,10,embedding
mixed_raw_daily,mixed_raw,mixed,raw,2024-07-08,D,daily,0.2906317009578415,19,5,14,embedding
mixed_raw_daily,mixed_raw,mixed,raw,2024-07-09,D,daily,0.2875564175599865,10,1,9,embedding
mixed_raw_daily,mixed_raw,mixed,raw,2024-07-10,D,daily,0.26770302380237143,22,1,21,embedding
mixed_raw_daily,mixed_raw,mixed,raw,2024-07-11,D,daily,0.2995016053577516,24,4,20,embedding
mixed_raw_daily,mixed_raw,mixed,raw,2024-07-13,D,daily,0.13728752106756148,8,1,7,embedding
mixed_raw_daily,mixed_raw,mixed,raw,2024-07-14,D,daily,0.48079008770285714,33,2,31,embedding
mixed_raw_daily,mixed_raw,mixed,raw,2024-07-15,D,daily,0.23391803285518198,20,0,20,embedding
mixed_raw_daily,mixed_raw,mixed,raw,2024-07-16,D,daily,0.39780901168924976,6,6,0,embedding
mixed_raw_daily,mixed_raw,mixed,raw,2024-07-17,D,daily,0.7475939086292297,25,5,20,embedding
mixed_raw_daily,mixed_raw,mixed,raw,2024-07-18,D,daily,0.6816970994999403,28,8,20,embedding
mixed_raw_daily,mixed_raw,mixed,raw,2024-07-19,D,daily,0.44190701224025375,21,1,20,embedding
mixed_raw_daily,mixed_raw,mixed,raw,2024-07-20,D,daily,0.28751630448508925,15,2,13,embedding
mixed_raw_daily,mixed_raw,mixed,raw,2024-07-21,D,daily,0.23439238421992736,15,2,13,embedding
mixed_raw_daily,mixed_raw,mixed,raw,2024-07-22,D,daily,0.3976132520674287,20,0,20,embedding
mixed_raw_daily,mixed_raw,mixed,raw,2024-07-23,D,daily,0.6559552017613951,25,5,20,embedding
mixed_raw_daily,mixed_raw,mixed,raw,2024-07-24,D,daily,0.6350025583710348,19,0,19,embedding
mixed_raw_daily,mixed_raw,mixed,raw,2024-07-25,D,daily,0.2635711949919828,15,4,11,embedding
mixed_raw_daily,mixed_raw,mixed,raw,2024-07-26,D,daily,0.14997500306910938,23,2,21,embedding
mixed_raw_daily,mixed_raw,mixed,raw,2024-07-27,D,daily,0.3550643228417314,11,3,8,embedding
mixed_raw_daily,mixed_raw,mixed,raw,2024-07-29,D,daily,0.5042871346298057,12,0,12,embedding
mixed_raw_daily,mixed_raw,mixed,raw,2024-07-30,D,daily,0.42263533462398317,21,1,20,embedding
mixed_raw_daily,mixed_raw,mixed,raw,2024-07-31,D,daily,0.31418937387023105,16,0,16,embedding
mixed_raw_daily,mixed_raw,mixed,raw,2024-08-01,D,daily,0.3432848280124734,74,6,68,embedding
mixed_raw_daily,mixed_raw,mixed,raw,2024-08-02,D,daily,0.23572254716202923,22,7,15,embedding
mixed_raw_daily,mixed_raw,mixed,raw,2024-08-03,D,daily,0.20025889073046055,22,1,21,embedding
mixed_raw_daily,mixed_raw,mixed,raw,2024-08-04,D,daily,0.44593076338242765,16,1,15,embedding
mixed_raw_daily,mixed_raw,mixed,raw,2024-08-05,D,daily,0.9067883647613629,7,4,3,embedding
mixed_raw_daily,mixed_raw,mixed,raw,2024-08-06,D,daily,0.7729588324692689,20,3,17,embedding
mixed_raw_daily,mixed_raw,mixed,raw,2024-08-07,D,daily,0.5118359758109489,14,5,9,embedding
mixed_raw_daily,mixed_raw,mixed,raw,2024-08-08,D,daily,0.42224636770510426,15,1,14,embedding
mixed_raw_daily,mixed_raw,mixed,raw,2024-08-09,D,daily,0.22833132040593607,9,1,8,embedding
mixed_raw_daily,mixed_raw,mixed,raw,2024-08-10,D,daily,0.14049905999517176,9,0,9,embedding
mixed_raw_daily,mixed_raw,mixed,raw,2024-08-11,D,daily,0.2355620172066899,8,0,8,embedding
mixed_raw_daily,mixed_raw,mixed,raw,2024-08-12,D,daily,0.2788114995414047,9,0,9,embedding
mixed_raw_daily,mixed_raw,mixed,raw,2024-08-13,D,daily,0.36118319280813804,26,3,23,embedding
mixed_raw_daily,mixed_raw,mixed,raw,2024-08-14,D,daily,0.34984811885431566,22,5,17,embedding
mixed_raw_daily,mixed_raw,mixed,raw,2024-08-15,D,daily,0.274762489911087,25,3,22,embedding
mixed_raw_daily,mixed_raw,mixed,raw,2024-08-16,D,daily,0.5354111170951262,9,4,5,embedding
mixed_raw_daily,mixed_raw,mixed,raw,2024-08-17,D,daily,0.5437564901640601,10,3,7,embedding
mixed_raw_daily,mixed_raw,mixed,raw,2024-08-18,D,daily,0.29335954359701233,26,0,26,embedding
mixed_raw_daily,mixed_raw,mixed,raw,2024-08-19,D,daily,0.5180549257973719,15,0,15,embedding
mixed_raw_daily,mixed_raw,mixed,raw,2024-08-20,D,daily,0.6040461495662438,16,2,14,embedding
mixed_raw_daily,mixed_raw,mixed,raw,2024-08-21,D,daily,0.21661934263971894,28,9,19,embedding
mixed_raw_daily,mixed_raw,mixed,raw,2024-08-22,D,daily,0.3332937237682674,26,7,19,embedding
mixed_raw_daily,mixed_raw,mixed,raw,2024-08-23,D,daily,0.4385306999376486,16,1,15,embedding
mixed_raw_daily,mixed_raw,mixed,raw,2024-08-24,D,daily,0.38630829477341977,16,4,12,embedding
mixed_raw_daily,mixed_raw,mixed,raw,2024-08-25,D,daily,0.40149985377746056,24,0,24,embedding
mixed_raw_daily,mixed_raw,mixed,raw,2024-08-26,D,daily,0.5984655254955281,14,1,13,embedding
mixed_raw_daily,mixed_raw,mixed,raw,2024-08-27,D,daily,0.4859999531504613,24,9,15,embedding
mixed_raw_daily,mixed_raw,mixed,raw,2024-08-28,D,daily,0.38289813919532456,23,4,19,embedding
mixed_raw_daily,mixed_raw,mixed,raw,2024-08-29,D,daily,0.5724383197806825,17,0,17,embedding
mixed_raw_daily,mixed_raw,mixed,raw,2024-08-30,D,daily,0.4713215705246574,42,0,42,embedding
mixed_raw_daily,mixed_raw,mixed,raw,2024-08-31,D,daily,0.19197587637224633,17,1,16,embedding
mixed_raw_daily,mixed_raw,mixed,raw,2024-09-01,D,daily,0.3087314128020495,31,0,31,embedding
mixed_raw_daily,mixed_raw,mixed,raw,2024-09-02,D,daily,0.48787346429755196,19,4,15,embedding
mixed_raw_daily,mixed_raw,mixed,raw,2024-09-03,D,daily,0.5843845726683176,10,4,6,embedding
mixed_raw_daily,mixed_raw,mixed,raw,2024-09-04,D,daily,0.4068917727857678,23,6,17,embedding
mixed_raw_daily,mixed_raw,mixed,raw,2024-09-05,D,daily,0.34363697876984034,18,3,15,embedding
mixed_raw_daily,mixed_raw,mixed,raw,2024-09-06,D,daily,0.42142304595044655,22,5,17,embedding
mixed_raw_daily,mixed_raw,mixed,raw,2024-09-07,D,daily,0.3012231679137374,7,0,7,embedding
mixed_raw_daily,mixed_raw,mixed,raw,2024-09-08,D,daily,0.25270902755831315,20,0,20,embedding
mixed_raw_daily,mixed_raw,mixed,raw,2024-09-09,D,daily,0.6460068897416018,22,2,20,embedding
mixed_raw_daily,mixed_raw,mixed,raw,2024-09-10,D,daily,0.6195806229445163,18,5,13,embedding
mixed_raw_daily,mixed_raw,mixed,raw,2024-09-11,D,daily,0.42412171580983116,23,3,20,embedding
mixed_raw_daily,mixed_raw,mixed,raw,2024-09-12,D,daily,0.3722066623972642,13,4,9,embedding
mixed_raw_daily,mixed_raw,mixed,raw,2024-09-13,D,daily,0.6489960652835463,25,5,20,embedding
mixed_raw_daily,mixed_raw,mixed,raw,2024-09-14,D,daily,0.5437983417828671,5,2,3,embedding
mixed_raw_daily,mixed_raw,mixed,raw,2024-09-15,D,daily,0.3172138828073058,20,0,20,embedding
mixed_raw_daily,mixed_raw,mixed,raw,2024-09-16,D,daily,0.2804100089925172,14,3,11,embedding
mixed_raw_daily,mixed_raw,mixed,raw,2024-09-17,D,daily,0.30527281587464383,22,2,20,embedding
mixed_raw_daily,mixed_raw,mixed,raw,2024-09-18,D,daily,0.3833870345660326,15,1,14,embedding
mixed_raw_daily,mixed_raw,mixed,raw,2024-09-19,D,daily,0.5593848874030284,16,3,13,embedding
mixed_raw_daily,mixed_raw,mixed,raw,2024-09-20,D,daily,0.6610679930253044,25,5,20,embedding
mixed_raw_daily,mixed_raw,mixed,raw,2024-09-21,D,daily,0.7162196142870371,6,0,6,embedding
mixed_raw_daily,mixed_raw,mixed,raw,2024-09-22,D,daily,0.5945783146558167,21,0,21,embedding
mixed_raw_daily,mixed_raw,mixed,raw,2024-09-23,D,daily,0.6080183760602028,25,5,20,embedding
mixed_raw_daily,mixed_raw,mixed,raw,2024-09-24,D,daily,0.47966934578677245,18,2,16,embedding
mixed_raw_daily,mixed_raw,mixed,raw,2024-09-25,D,daily,0.3873025991589971,32,11,21,embedding
mixed_raw_daily,mixed_raw,mixed,raw,2024-09-26,D,daily,0.32025980812573396,16,0,16,embedding
mixed_raw_daily,mixed_raw,mixed,raw,2024-09-27,D,daily,0.39263062325234865,23,7,16,embedding
mixed_raw_daily,mixed_raw,mixed,raw,2024-09-29,D,daily,0.403755726492645,18,0,18,embedding
mixed_raw_daily,mixed_raw,mixed,raw,2024-09-30,D,daily,0.40512122910684734,26,2,24,embedding
mixed_raw_daily,mixed_raw,mixed,raw,2024-10-01,D,daily,0.3893596413750462,65,1,64,embedding
mixed_raw_daily,mixed_raw,mixed,raw,2024-10-02,D,daily,0.45368615584270966,12,2,10,embedding
mixed_raw_daily,mixed_raw,mixed,raw,2024-10-03,D,daily,0.33608667628637834,19,2,17,embedding
mixed_raw_daily,mixed_raw,mixed,raw,2024-10-04,D,daily,0.28857801382207393,15,3,12,embedding
mixed_raw_daily,mixed_raw,mixed,raw,2024-10-05,D,daily,0.3072953314163278,12,2,10,embedding
mixed_raw_daily,mixed_raw,mixed,raw,2024-10-06,D,daily,0.5284846480046331,15,0,15,embedding
mixed_raw_daily,mixed_raw,mixed,raw,2024-10-07,D,daily,0.31920991790925735,16,5,11,embedding
mixed_raw_daily,mixed_raw,mixed,raw,2024-10-08,D,daily,0.5186716388590132,20,0,20,embedding
mixed_raw_daily,mixed_raw,mixed,raw,2024-10-09,D,daily,0.6304883008270648,14,2,12,embedding
mixed_raw_daily,mixed_raw,mixed,raw,2024-10-10,D,daily,0.3845087070908413,17,5,12,embedding
mixed_raw_daily,mixed_raw,mixed,raw,2024-10-11,D,daily,0.48940856060616333,29,4,25,embedding
mixed_raw_daily,mixed_raw,mixed,raw,2024-10-12,D,daily,0.5442549283545526,13,2,11,embedding
mixed_raw_daily,mixed_raw,mixed,raw,2024-10-13,D,daily,0.38542272252403176,23,1,22,embedding
mixed_raw_daily,mixed_raw,mixed,raw,2024-10-14,D,daily,0.6020702799681995,15,2,13,embedding
mixed_raw_daily,mixed_raw,mixed,raw,2024-10-15,D,daily,0.592495460699864,6,2,4,embedding
mixed_raw_daily,mixed_raw,mixed,raw,2024-10-16,D,daily,0.6711839905220142,26,1,25,embedding
mixed_raw_daily,mixed_raw,mixed,raw,2024-10-17,D,daily,0.48129017520182116,18,1,17,embedding
mixed_raw_daily,mixed_raw,mixed,raw,2024-10-18,D,daily,0.3012822712473786,17,3,14,embedding
mixed_raw_daily,mixed_raw,mixed,raw,2024-10-19,D,daily,0.3718494319814247,8,1,7,embedding
mixed_raw_daily,mixed_raw,mixed,raw,2024-10-20,D,daily,0.8527576304285547,18,2,16,embedding
mixed_raw_daily,mixed_raw,mixed,raw,2024-10-21,D,daily,0.7302272206783904,14,10,4,embedding
mixed_raw_daily,mixed_raw,mixed,raw,2024-10-23,D,daily,0.28774343749318154,21,1,20,embedding
mixed_raw_daily,mixed_raw,mixed,raw,2024-10-24,D,daily,0.5594529372355693,22,5,17,embedding
mixed_raw_daily,mixed_raw,mixed,raw,2024-10-25,D,daily,0.652264857545193,28,5,23,embedding
mixed_raw_daily,mixed_raw,mixed,raw,2024-10-26,D,daily,0.2622195618843266,8,3,5,embedding
mixed_raw_daily,mixed_raw,mixed,raw,2024-10-27,D,daily,0.3413247613375443,24,3,21,embedding
mixed_raw_daily,mixed_raw,mixed,raw,2024-10-28,D,daily,0.4188191846681937,23,4,19,embedding
mixed_raw_daily,mixed_raw,mixed,raw,2024-10-29,D,daily,0.4846974871932235,9,0,9,embedding
mixed_raw_daily,mixed_raw,mixed,raw,2024-10-31,D,daily,0.4357802286320741,40,2,38,embedding
mixed_raw_daily,mixed_raw,mixed,raw,2024-11-01,D,daily,0.2628083819020217,61,8,53,embedding
mixed_raw_daily,mixed_raw,mixed,raw,2024-11-02,D,daily,0.2802850278973651,10,0,10,embedding
mixed_raw_daily,mixed_raw,mixed,raw,2024-11-03,D,daily,0.5602482405805106,15,3,12,embedding
mixed_raw_daily,mixed_raw,mixed,raw,2024-11-04,D,daily,0.6095686304164667,29,2,27,embedding
mixed_raw_daily,mixed_raw,mixed,raw,2024-11-05,D,daily,0.46866795126187943,25,5,20,embedding
mixed_raw_daily,mixed_raw,mixed,raw,2024-11-06,D,daily,0.33229798944918065,23,3,20,embedding
mixed_raw_daily,mixed_raw,mixed,raw,2024-11-08,D,daily,0.40816951191808615,23,3,20,embedding
mixed_raw_daily,mixed_raw,mixed,raw,2024-11-09,D,daily,0.27022753084395656,6,1,5,embedding
mixed_raw_daily,mixed_raw,mixed,raw,2024-11-10,D,daily,0.3855571572871279,23,0,23,embedding
mixed_raw_daily,mixed_raw,mixed,raw,2024-11-11,D,daily,0.3333084903653134,6,6,0,embedding
mixed_raw_daily,mixed_raw,mixed,raw,2024-11-13,D,daily,0.2745453645679624,20,5,15,embedding
mixed_raw_daily,mixed_raw,mixed,raw,2024-11-14,D,daily,0.23284848299340988,5,1,4,embedding
mixed_raw_daily,mixed_raw,mixed,raw,2024-11-15,D,daily,0.43536800904836137,25,7,18,embedding
mixed_raw_daily,mixed_raw,mixed,raw,2024-11-16,D,daily,0.4894535620833538,11,0,11,embedding
mixed_raw_daily,mixed_raw,mixed,raw,2024-11-17,D,daily,0.608173413065223,9,1,8,embedding
mixed_raw_daily,mixed_raw,mixed,raw,2024-11-18,D,daily,0.6101719967474672,11,2,9,embedding
mixed_raw_daily,mixed_raw,mixed,raw,2024-11-19,D,daily,0.4938962879396467,12,0,12,embedding
mixed_raw_daily,mixed_raw,mixed,raw,2024-11-20,D,daily,0.3060649797471465,26,3,23,embedding
mixed_raw_daily,mixed_raw,mixed,raw,2024-11-21,D,daily,0.5200074278503486,18,3,15,embedding
mixed_raw_daily,mixed_raw,mixed,raw,2024-11-22,D,daily,0.5457923251728616,8,1,7,embedding
mixed_raw_daily,mixed_raw,mixed,raw,2024-11-23,D,daily,0.48079684521891175,23,4,19,embedding
mixed_raw_daily,mixed_raw,mixed,raw,2024-11-24,D,daily,0.7372052887413973,16,2,14,embedding
mixed_raw_daily,mixed_raw,mixed,raw,2024-11-25,D,daily,0.812812987405474,14,7,7,embedding
mixed_raw_daily,mixed_raw,mixed,raw,2024-11-26,D,daily,0.4940042093156647,13,3,10,embedding
mixed_raw_daily,mixed_raw,mixed,raw,2024-11-27,D,daily,0.39195628252671133,16,4,12,embedding
mixed_raw_daily,mixed_raw,mixed,raw,2024-11-28,D,daily,0.29395031112290226,14,1,13,embedding
mixed_raw_daily,mixed_raw,mixed,raw,2024-11-29,D,daily,0.6725316078479988,26,1,25,embedding
mixed_raw_daily,mixed_raw,mixed,raw,2024-11-30,D,daily,0.6027001633741206,18,0,18,embedding
mixed_raw_daily,mixed_raw,mixed,raw,2024-12-01,D,daily,0.42520902793108695,35,2,33,embedding
mixed_raw_daily,mixed_raw,mixed,raw,2024-12-03,D,daily,0.48402546900017185,25,5,20,embedding
mixed_raw_daily,mixed_raw,mixed,raw,2024-12-04,D,daily,0.317071958586431,23,4,19,embedding
mixed_raw_daily,mixed_raw,mixed,raw,2024-12-05,D,daily,0.35330279202748716,17,0,17,embedding
mixed_raw_daily,mixed_raw,mixed,raw,2024-12-06,D,daily,0.39973861578190173,12,1,11,embedding
mixed_raw_daily,mixed_raw,mixed,raw,2024-12-08,D,daily,0.5366971863951407,20,1,19,embedding
mixed_raw_daily,mixed_raw,mixed,raw,2024-12-09,D,daily,0.3510414214751816,10,5,5,embedding
mixed_raw_daily,mixed_raw,mixed,raw,2024-12-10,D,daily,0.34606094936379916,16,0,16,embedding
mixed_raw_daily,mixed_raw,mixed,raw,2024-12-11,D,daily,0.3097102919880247,14,3,11,embedding
mixed_raw_daily,mixed_raw,mixed,raw,2024-12-12,D,daily,0.5361698007842566,7,3,4,embedding
mixed_raw_daily,mixed_raw,mixed,raw,2024-12-13,D,daily,0.6130457475233235,16,3,13,embedding
mixed_raw_daily,mixed_raw,mixed,raw,2024-12-14,D,daily,0.538999397607121,9,0,9,embedding
mixed_raw_daily,mixed_raw,mixed,raw,2024-12-15,D,daily,0.364672432536552,18,1,17,embedding
mixed_raw_daily,mixed_raw,mixed,raw,2024-12-16,D,daily,0.4519944600778537,16,3,13,embedding
mixed_raw_daily,mixed_raw,mixed,raw,2024-12-17,D,daily,0.31531039019649676,24,6,18,embedding
mixed_raw_daily,mixed_raw,mixed,raw,2024-12-18,D,daily,0.6977559111736428,28,8,20,embedding
mixed_raw_daily,mixed_raw,mixed,raw,2024-12-19,D,daily,0.6016055223365673,18,2,16,embedding
mixed_raw_daily,mixed_raw,mixed,raw,2024-12-20,D,daily,0.3467013857352481,14,1,13,embedding
mixed_raw_daily,mixed_raw,mixed,raw,2024-12-21,D,daily,0.38733806611389165,11,1,10,embedding
mixed_raw_daily,mixed_raw,mixed,raw,2024-12-22,D,daily,0.6138733452121574,6,0,6,embedding
mixed_raw_daily,mixed_raw,mixed,raw,2024-12-23,D,daily,0.5353673007481621,9,1,8,embedding
mixed_raw_daily,mixed_raw,mixed,raw,2024-12-24,D,daily,0.2989184006339676,9,1,8,embedding
mixed_raw_daily,mixed_raw,mixed,raw,2024-12-25,D,daily,0.3674264368524712,7,0,7,embedding
mixed_raw_daily,mixed_raw,mixed,raw,2024-12-26,D,daily,0.3736600065045327,14,0,14,embedding
mixed_raw_daily,mixed_raw,mixed,raw,2024-12-27,D,daily,0.32470405855026363,17,4,13,embedding
mixed_raw_daily,mixed_raw,mixed,raw,2024-12-28,D,daily,0.3106660470316196,10,0,10,embedding
mixed_raw_daily,mixed_raw,mixed,raw,2024-12-29,D,daily,0.5748055938526693,8,0,8,embedding
mixed_raw_daily,mixed_raw,mixed,raw,2024-12-30,D,daily,0.6997017208326755,17,3,14,embedding
mixed_raw_daily,mixed_raw,mixed,raw,2024-12-31,D,daily,0.4688234855391299,45,0,45,embedding
mixed_raw_daily,mixed_raw,mixed,raw,2025-01-01,D,daily,0.32573966066452154,18,2,16,embedding
mixed_raw_daily,mixed_raw,mixed,raw,2025-01-02,D,daily,0.4032591828561034,13,0,13,embedding
mixed_raw_daily,mixed_raw,mixed,raw,2025-01-03,D,daily,0.5379793555472004,16,1,15,embedding
mixed_raw_daily,mixed_raw,mixed,raw,2025-01-04,D,daily,0.4988439377561813,7,2,5,embedding
mixed_raw_daily,mixed_raw,mixed,raw,2025-01-05,D,daily,0.32427193267801635,19,1,18,embedding
mixed_raw_daily,mixed_raw,mixed,raw,2025-01-06,D,daily,0.35410052422096516,21,5,16,embedding
mixed_raw_daily,mixed_raw,mixed,raw,2025-01-07,D,daily,0.41176591566176457,9,1,8,embedding
mixed_raw_daily,mixed_raw,mixed,raw,2025-01-08,D,daily,0.31668201063513335,22,2,20,embedding
mixed_raw_daily,mixed_raw,mixed,raw,2025-01-09,D,daily,0.30632879839471905,20,6,14,embedding
mixed_raw_daily,mixed_raw,mixed,raw,2025-01-10,D,daily,0.360542208961421,5,2,3,embedding
mixed_raw_daily,mixed_raw,mixed,raw,2025-01-11,D,daily,0.3512479842566629,18,1,17,embedding
mixed_raw_daily,mixed_raw,mixed,raw,2025-01-12,D,daily,0.30802413637826176,6,1,5,embedding
mixed_raw_daily,mixed_raw,mixed,raw,2025-01-13,D,daily,0.7137695137093452,8,5,3,embedding
mixed_raw_daily,mixed_raw,mixed,raw,2025-01-14,D,daily,0.6288227404667281,18,1,17,embedding
mixed_raw_daily,mixed_raw,mixed,raw,2025-01-15,D,daily,0.4806694342256681,22,1,21,embedding
mixed_raw_daily,mixed_raw,mixed,raw,2025-01-16,D,daily,0.7193370741448568,16,5,11,embedding
mixed_raw_daily,mixed_raw,mixed,raw,2025-01-17,D,daily,0.7120076268118558,21,2,19,embedding
mixed_raw_daily,mixed_raw,mixed,raw,2025-01-19,D,daily,0.6023632226038772,14,1,13,embedding
mixed_raw_daily,mixed_raw,mixed,raw,2025-01-20,D,daily,0.5149308263981056,27,7,20,embedding
mixed_raw_daily,mixed_raw,mixed,raw,2025-01-21,D,daily,0.46416248612347544,20,2,18,embedding
mixed_raw_daily,mixed_raw,mixed,raw,2025-01-22,D,daily,0.49314434439674504,20,1,19,embedding
mixed_raw_daily,mixed_raw,mixed,raw,2025-01-23,D,daily,0.48032215304426573,26,7,19,embedding
mixed_raw_daily,mixed_raw,mixed,raw,2025-01-24,D,daily,0.2877116317386901,20,5,15,embedding
mixed_raw_daily,mixed_raw,mixed,raw,2025-01-25,D,daily,0.392279402470903,12,1,11,embedding
mixed_raw_daily,mixed_raw,mixed,raw,2025-01-26,D,daily,0.6048336175667922,16,1,15,embedding
mixed_raw_daily,mixed_raw,mixed,raw,2025-01-27,D,daily,0.6836012828718229,10,2,8,embedding
mixed_raw_daily,mixed_raw,mixed,raw,2025-01-28,D,daily,0.4385805666172471,19,2,17,embedding
mixed_raw_daily,mixed_raw,mixed,raw,2025-01-29,D,daily,0.23699049057879862,23,3,20,embedding
mixed_raw_daily,mixed_raw,mixed,raw,2025-01-30,D,daily,0.4664189013559368,26,5,21,embedding
mixed_raw_daily,mixed_raw,mixed,raw,2025-01-31,D,daily,0.406011139529038,32,3,29,embedding
mixed_raw_daily,mixed_raw,mixed,raw,2025-02-01,D,daily,0.6623547187909226,30,0,30,embedding
mixed_raw_daily,mixed_raw,mixed,raw,2025-02-02,D,daily,0.5679672797723173,14,0,14,embedding
mixed_raw_daily,mixed_raw,mixed,raw,2025-02-03,D,daily,0.3991501070600967,26,6,20,embedding
mixed_raw_daily,mixed_raw,mixed,raw,2025-02-04,D,daily,0.3071605344576426,26,5,21,embedding
mixed_raw_daily,mixed_raw,mixed,raw,2025-02-05,D,daily,0.33042194416461323,23,3,20,embedding
mixed_raw_daily,mixed_raw,mixed,raw,2025-02-06,D,daily,0.42067232992205716,27,7,20,embedding
mixed_raw_daily,mixed_raw,mixed,raw,2025-02-07,D,daily,0.41843196184282583,20,5,15,embedding
mixed_raw_daily,mixed_raw,mixed,raw,2025-02-08,D,daily,0.32618160480310954,9,0,9,embedding
mixed_raw_daily,mixed_raw,mixed,raw,2025-02-09,D,daily,0.6590931242435081,16,1,15,embedding
mixed_raw_daily,mixed_raw,mixed,raw,2025-02-10,D,daily,0.603588624097112,11,1,10,embedding
mixed_raw_daily,mixed_raw,mixed,raw,2025-02-12,D,daily,0.5994546086617905,21,4,17,embedding
mixed_raw_daily,mixed_raw,mixed,raw,2025-02-13,D,daily,0.40023269588375576,15,5,10,embedding
mixed_raw_daily,mixed_raw,mixed,raw,2025-02-14,D,daily,0.3991171266935041,21,4,17,embedding
mixed_raw_daily,mixed_raw,mixed,raw,2025-02-16,D,daily,0.42256021640172725,20,0,20,embedding
mixed_raw_daily,mixed_raw,mixed,raw,2025-02-17,D,daily,0.42454378727477726,10,2,8,embedding
mixed_raw_daily,mixed_raw,mixed,raw,2025-02-18,D,daily,0.42315328293035037,20,0,20,embedding
mixed_raw_daily,mixed_raw,mixed,raw,2025-02-19,D,daily,0.3488321915208632,29,5,24,embedding
mixed_split_minority_day_daily,mixed_split_minority_day,mixed,split_minority_day,2024-02-07,D,daily,0.24892960417445764,8,4,4,embedding
mixed_split_minority_day_daily,mixed_split_minority_day,mixed,split_minority_day,2024-02-08,D,daily,0.4166129559658891,36,18,18,embedding
mixed_split_minority_day_daily,mixed_split_minority_day,mixed,split_minority_day,2024-02-11,D,daily,0.4072532349931095,38,19,19,embedding
mixed_split_minority_day_daily,mixed_split_minority_day,mixed,split_minority_day,2024-02-12,D,daily,0.4338191382378537,38,19,19,embedding
mixed_split_minority_day_daily,mixed_split_minority_day,mixed,split_minority_day,2024-02-15,D,daily,0.4628913500330013,40,20,20,embedding
mixed_split_minority_day_daily,mixed_split_minority_day,mixed,split_minority_day,2024-02-16,D,daily,0.429811214335291,40,20,20,embedding
mixed_split_minority_day_daily,mixed_split_minority_day,mixed,split_minority_day,2024-02-17,D,daily,0.36899822819157024,30,15,15,embedding
mixed_split_minority_day_daily,mixed_split_minority_day,mixed,split_minority_day,2024-02-20,D,daily,0.5286683173284417,38,19,19,embedding
mixed_split_minority_day_daily,mixed_split_minority_day,mixed,split_minority_day,2024-02-22,D,daily,0.5773803273051743,34,17,17,embedding
mixed_split_minority_day_daily,mixed_split_minority_day,mixed,split_minority_day,2024-02-23,D,daily,0.4143407950078475,32,16,16,embedding
mixed_split_minority_day_daily,mixed_split_minority_day,mixed,split_minority_day,2024-02-25,D,daily,0.43078686849086223,46,23,23,embedding
mixed_split_minority_day_daily,mixed_split_minority_day,mixed,split_minority_day,2024-02-26,D,daily,0.6543944040159922,26,13,13,embedding
mixed_split_minority_day_daily,mixed_split_minority_day,mixed,split_minority_day,2024-02-27,D,daily,0.6437935393703426,12,6,6,embedding
mixed_split_minority_day_daily,mixed_split_minority_day,mixed,split_minority_day,2024-02-28,D,daily,0.4452791095959192,44,22,22,embedding
mixed_split_minority_day_daily,mixed_split_minority_day,mixed,split_minority_day,2024-02-29,D,daily,0.9712966233249118,38,19,19,embedding
mixed_split_minority_day_daily,mixed_split_minority_day,mixed,split_minority_day,2024-03-01,D,daily,0.9828343942685572,128,64,64,embedding
mixed_split_minority_day_daily,mixed_split_minority_day,mixed,split_minority_day,2024-03-03,D,daily,0.30278495199986866,30,15,15,embedding
mixed_split_minority_day_daily,mixed_split_minority_day,mixed,split_minority_day,2024-03-04,D,daily,0.34129563166220667,40,20,20,embedding
mixed_split_minority_day_daily,mixed_split_minority_day,mixed,split_minority_day,2024-03-06,D,daily,0.4833293264833064,22,11,11,embedding
mixed_split_minority_day_daily,mixed_split_minority_day,mixed,split_minority_day,2024-03-07,D,daily,0.4973522008207336,30,15,15,embedding
mixed_split_minority_day_daily,mixed_split_minority_day,mixed,split_minority_day,2024-03-08,D,daily,0.45109967536069284,6,3,3,embedding
mixed_split_minority_day_daily,mixed_split_minority_day,mixed,split_minority_day,2024-03-10,D,daily,0.34237626029341395,40,20,20,embedding
mixed_split_minority_day_daily,mixed_split_minority_day,mixed,split_minority_day,2024-03-11,D,daily,0.40222592700849935,32,16,16,embedding
mixed_split_minority_day_daily,mixed_split_minority_day,mixed,split_minority_day,2024-03-12,D,daily,0.5153689272788795,26,13,13,embedding
mixed_split_minority_day_daily,mixed_split_minority_day,mixed,split_minority_day,2024-03-13,D,daily,0.20832593063071314,40,20,20,embedding
mixed_split_minority_day_daily,mixed_split_minority_day,mixed,split_minority_day,2024-03-14,D,daily,0.5179522620749929,28,14,14,embedding
mixed_split_minority_day_daily,mixed_split_minority_day,mixed,split_minority_day,2024-03-16,D,daily,0.4550023926563519,18,9,9,embedding
mixed_split_minority_day_daily,mixed_split_minority_day,mixed,split_minority_day,2024-03-17,D,daily,0.5592918130470448,42,21,21,embedding
mixed_split_minority_day_daily,mixed_split_minority_day,mixed,split_minority_day,2024-03-19,D,daily,0.4578730869446286,8,4,4,embedding
mixed_split_minority_day_daily,mixed_split_minority_day,mixed,split_minority_day,2024-03-20,D,daily,0.518431649935539,38,19,19,embedding
mixed_split_minority_day_daily,mixed_split_minority_day,mixed,split_minority_day,2024-03-21,D,daily,0.3158996725649692,18,9,9,embedding
mixed_split_minority_day_daily,mixed_split_minority_day,mixed,split_minority_day,2024-03-22,D,daily,0.3730131711261554,24,12,12,embedding
mixed_split_minority_day_daily,mixed_split_minority_day,mixed,split_minority_day,2024-03-24,D,daily,0.34899127894407334,30,15,15,embedding
mixed_split_minority_day_daily,mixed_split_minority_day,mixed,split_minority_day,2024-03-25,D,daily,0.411896786971626,24,12,12,embedding
mixed_split_minority_day_daily,mixed_split_minority_day,mixed,split_minority_day,2024-03-26,D,daily,0.5517215586357436,40,20,20,embedding
mixed_split_minority_day_daily,mixed_split_minority_day,mixed,split_minority_day,2024-03-27,D,daily,0.7340644892255246,22,11,11,embedding
mixed_split_minority_day_daily,mixed_split_minority_day,mixed,split_minority_day,2024-03-28,D,daily,0.7210914822794963,36,18,18,embedding
mixed_split_minority_day_daily,mixed_split_minority_day,mixed,split_minority_day,2024-03-29,D,daily,0.41044165166624724,60,30,30,embedding
mixed_split_minority_day_daily,mixed_split_minority_day,mixed,split_minority_day,2024-03-31,D,daily,0.6451004712882861,14,7,7,embedding
mixed_split_minority_day_daily,mixed_split_minority_day,mixed,split_minority_day,2024-04-01,D,daily,0.527270623837185,60,30,30,embedding
mixed_split_minority_day_daily,mixed_split_minority_day,mixed,split_minority_day,2024-04-02,D,daily,0.6059266332385637,36,18,18,embedding
mixed_split_minority_day_daily,mixed_split_minority_day,mixed,split_minority_day,2024-04-04,D,daily,0.5533835895056455,40,20,20,embedding
mixed_split_minority_day_daily,mixed_split_minority_day,mixed,split_minority_day,2024-04-05,D,daily,0.6811574424558063,40,20,20,embedding
mixed_split_minority_day_daily,mixed_split_minority_day,mixed,split_minority_day,2024-04-06,D,daily,0.5278196829857289,26,13,13,embedding
mixed_split_minority_day_daily,mixed_split_minority_day,mixed,split_minority_day,2024-04-07,D,daily,0.37504854090800255,24,12,12,embedding
mixed_split_minority_day_daily,mixed_split_minority_day,mixed,split_minority_day,2024-04-08,D,daily,0.491705581396524,34,17,17,embedding
mixed_split_minority_day_daily,mixed_split_minority_day,mixed,split_minority_day,2024-04-09,D,daily,0.48947125503965705,34,17,17,embedding
mixed_split_minority_day_daily,mixed_split_minority_day,mixed,split_minority_day,2024-04-10,D,daily,0.5583454551252911,40,20,20,embedding
mixed_split_minority_day_daily,mixed_split_minority_day,mixed,split_minority_day,2024-04-12,D,daily,0.5681836637659653,16,8,8,embedding
mixed_split_minority_day_daily,mixed_split_minority_day,mixed,split_minority_day,2024-04-16,D,daily,0.7202495326103083,40,20,20,embedding
mixed_split_minority_day_daily,mixed_split_minority_day,mixed,split_minority_day,2024-04-17,D,daily,0.7810510313421859,10,5,5,embedding
mixed_split_minority_day_daily,mixed_split_minority_day,mixed,split_minority_day,2024-04-24,D,daily,0.5133712446642222,40,20,20,embedding
mixed_split_minority_day_daily,mixed_split_minority_day,mixed,split_minority_day,2024-04-25,D,daily,0.5290807134214125,40,20,20,embedding
mixed_split_minority_day_daily,mixed_split_minority_day,mixed,split_minority_day,2024-04-26,D,daily,0.4148472367271312,30,15,15,embedding
mixed_split_minority_day_daily,mixed_split_minority_day,mixed,split_minority_day,2024-04-27,D,daily,0.5761485620541824,36,18,18,embedding
mixed_split_minority_day_daily,mixed_split_minority_day,mixed,split_minority_day,2024-04-29,D,daily,0.5058837413675776,64,32,32,embedding
mixed_split_minority_day_daily,mixed_split_minority_day,mixed,split_minority_day,2024-04-30,D,daily,0.4603334543524089,72,36,36,embedding
mixed_split_minority_day_daily,mixed_split_minority_day,mixed,split_minority_day,2024-05-01,D,daily,0.30158873367664163,58,29,29,embedding
mixed_split_minority_day_daily,mixed_split_minority_day,mixed,split_minority_day,2024-05-02,D,daily,0.4421737314159322,40,20,20,embedding
mixed_split_minority_day_daily,mixed_split_minority_day,mixed,split_minority_day,2024-05-03,D,daily,0.6249326357675816,22,11,11,embedding
mixed_split_minority_day_daily,mixed_split_minority_day,mixed,split_minority_day,2024-05-05,D,daily,0.6040374897244003,36,18,18,embedding
mixed_split_minority_day_daily,mixed_split_minority_day,mixed,split_minority_day,2024-05-07,D,daily,0.5042998029300674,26,13,13,embedding
mixed_split_minority_day_daily,mixed_split_minority_day,mixed,split_minority_day,2024-05-08,D,daily,0.5864462792318016,18,9,9,embedding
mixed_split_minority_day_daily,mixed_split_minority_day,mixed,split_minority_day,2024-05-09,D,daily,0.7407188206987068,40,20,20,embedding
mixed_split_minority_day_daily,mixed_split_minority_day,mixed,split_minority_day,2024-05-10,D,daily,0.7292285978215444,18,9,9,embedding
mixed_split_minority_day_daily,mixed_split_minority_day,mixed,split_minority_day,2024-05-12,D,daily,0.49577999850712484,40,20,20,embedding
mixed_split_minority_day_daily,mixed_split_minority_day,mixed,split_minority_day,2024-05-13,D,daily,0.36376877108674743,20,10,10,embedding
mixed_split_minority_day_daily,mixed_split_minority_day,mixed,split_minority_day,2024-05-14,D,daily,0.7063600968868899,26,13,13,embedding
mixed_split_minority_day_daily,mixed_split_minority_day,mixed,split_minority_day,2024-05-15,D,daily,0.7809968544224298,32,16,16,embedding
mixed_split_minority_day_daily,mixed_split_minority_day,mixed,split_minority_day,2024-05-16,D,daily,0.5404009674581198,32,16,16,embedding
mixed_split_minority_day_daily,mixed_split_minority_day,mixed,split_minority_day,2024-05-19,D,daily,0.5116819719558716,36,18,18,embedding
mixed_split_minority_day_daily,mixed_split_minority_day,mixed,split_minority_day,2024-05-20,D,daily,0.411381787909916,40,20,20,embedding
mixed_split_minority_day_daily,mixed_split_minority_day,mixed,split_minority_day,2024-05-21,D,daily,0.47001588862535915,6,3,3,embedding
mixed_split_minority_day_daily,mixed_split_minority_day,mixed,split_minority_day,2024-05-22,D,daily,0.30578492776392474,36,18,18,embedding
mixed_split_minority_day_daily,mixed_split_minority_day,mixed,split_minority_day,2024-05-26,D,daily,0.5259092308361388,34,17,17,embedding
mixed_split_minority_day_daily,mixed_split_minority_day,mixed,split_minority_day,2024-05-28,D,daily,0.6275424856276266,36,18,18,embedding
mixed_split_minority_day_daily,mixed_split_minority_day,mixed,split_minority_day,2024-05-29,D,daily,0.6087145935454319,24,12,12,embedding
mixed_split_minority_day_daily,mixed_split_minority_day,mixed,split_minority_day,2024-05-30,D,daily,0.649504048432628,30,15,15,embedding
mixed_split_minority_day_daily,mixed_split_minority_day,mixed,split_minority_day,2024-05-31,D,daily,0.3944854254728343,24,12,12,embedding
mixed_split_minority_day_daily,mixed_split_minority_day,mixed,split_minority_day,2024-06-03,D,daily,0.42247216294360657,24,12,12,embedding
mixed_split_minority_day_daily,mixed_split_minority_day,mixed,split_minority_day,2024-06-04,D,daily,0.44060910254108476,16,8,8,embedding
mixed_split_minority_day_daily,mixed_split_minority_day,mixed,split_minority_day,2024-06-07,D,daily,0.3971167209808112,22,11,11,embedding
mixed_split_minority_day_daily,mixed_split_minority_day,mixed,split_minority_day,2024-06-09,D,daily,0.2790000268695437,32,16,16,embedding
mixed_split_minority_day_daily,mixed_split_minority_day,mixed,split_minority_day,2024-06-10,D,daily,0.33217946687900457,12,6,6,embedding
mixed_split_minority_day_daily,mixed_split_minority_day,mixed,split_minority_day,2024-06-11,D,daily,0.6510095130809115,40,20,20,embedding
mixed_split_minority_day_daily,mixed_split_minority_day,mixed,split_minority_day,2024-06-12,D,daily,0.5874413569470491,32,16,16,embedding
mixed_split_minority_day_daily,mixed_split_minority_day,mixed,split_minority_day,2024-06-13,D,daily,0.7452093330661725,32,16,16,embedding
mixed_split_minority_day_daily,mixed_split_minority_day,mixed,split_minority_day,2024-06-14,D,daily,0.7081293080665789,18,9,9,embedding
mixed_split_minority_day_daily,mixed_split_minority_day,mixed,split_minority_day,2024-06-15,D,daily,0.5649412611848537,10,5,5,embedding
mixed_split_minority_day_daily,mixed_split_minority_day,mixed,split_minority_day,2024-06-16,D,daily,0.634068862343382,40,20,20,embedding
mixed_split_minority_day_daily,mixed_split_minority_day,mixed,split_minority_day,2024-06-18,D,daily,0.4332056291677615,38,19,19,embedding
mixed_split_minority_day_daily,mixed_split_minority_day,mixed,split_minority_day,2024-06-20,D,daily,0.4720266309666814,34,17,17,embedding
mixed_split_minority_day_daily,mixed_split_minority_day,mixed,split_minority_day,2024-06-21,D,daily,0.42775515431270095,22,11,11,embedding
mixed_split_minority_day_daily,mixed_split_minority_day,mixed,split_minority_day,2024-06-22,D,daily,0.38225086253382656,14,7,7,embedding
mixed_split_minority_day_daily,mixed_split_minority_day,mixed,split_minority_day,2024-06-23,D,daily,0.5866623620312115,22,11,11,embedding
mixed_split_minority_day_daily,mixed_split_minority_day,mixed,split_minority_day,2024-06-24,D,daily,0.563569706502346,42,21,21,embedding
mixed_split_minority_day_daily,mixed_split_minority_day,mixed,split_minority_day,2024-06-25,D,daily,0.702636586076911,22,11,11,embedding
mixed_split_minority_day_daily,mixed_split_minority_day,mixed,split_minority_day,2024-06-26,D,daily,0.5564053429760367,40,20,20,embedding
mixed_split_minority_day_daily,mixed_split_minority_day,mixed,split_minority_day,2024-06-27,D,daily,0.42211355926413796,26,13,13,embedding
mixed_split_minority_day_daily,mixed_split_minority_day,mixed,split_minority_day,2024-06-28,D,daily,0.41931173295756485,42,21,21,embedding
mixed_split_minority_day_daily,mixed_split_minority_day,mixed,split_minority_day,2024-06-29,D,daily,0.521118412664836,28,14,14,embedding
mixed_split_minority_day_daily,mixed_split_minority_day,mixed,split_minority_day,2024-07-01,D,daily,0.5065193433608793,84,42,42,embedding
mixed_split_minority_day_daily,mixed_split_minority_day,mixed,split_minority_day,2024-07-02,D,daily,0.3200261828449126,50,25,25,embedding
mixed_split_minority_day_daily,mixed_split_minority_day,mixed,split_minority_day,2024-07-03,D,daily,0.5398842698477836,28,14,14,embedding
mixed_split_minority_day_daily,mixed_split_minority_day,mixed,split_minority_day,2024-07-05,D,daily,0.6535311548286704,10,5,5,embedding
mixed_split_minority_day_daily,mixed_split_minority_day,mixed,split_minority_day,2024-07-06,D,daily,0.6036150382702723,10,5,5,embedding
mixed_split_minority_day_daily,mixed_split_minority_day,mixed,split_minority_day,2024-07-07,D,daily,0.46731015820998545,20,10,10,embedding
mixed_split_minority_day_daily,mixed_split_minority_day,mixed,split_minority_day,2024-07-08,D,daily,0.49471676365997475,28,14,14,embedding
mixed_split_minority_day_daily,mixed_split_minority_day,mixed,split_minority_day,2024-07-09,D,daily,0.39978919053114537,18,9,9,embedding
mixed_split_minority_day_daily,mixed_split_minority_day,mixed,split_minority_day,2024-07-10,D,daily,0.26770302380237143,42,21,21,embedding
mixed_split_minority_day_daily,mixed_split_minority_day,mixed,split_minority_day,2024-07-11,D,daily,0.2995016053577516,40,20,20,embedding
mixed_split_minority_day_daily,mixed_split_minority_day,mixed,split_minority_day,2024-07-13,D,daily,0.13108623762351979,14,7,7,embedding
mixed_split_minority_day_daily,mixed_split_minority_day,mixed,split_minority_day,2024-07-14,D,daily,0.49245015365332145,62,31,31,embedding
mixed_split_minority_day_daily,mixed_split_minority_day,mixed,split_minority_day,2024-07-17,D,daily,0.7625079393066696,40,20,20,embedding
mixed_split_minority_day_daily,mixed_split_minority_day,mixed,split_minority_day,2024-07-18,D,daily,0.6750839091081065,40,20,20,embedding
mixed_split_minority_day_daily,mixed_split_minority_day,mixed,split_minority_day,2024-07-19,D,daily,0.3922603997872196,40,20,20,embedding
mixed_split_minority_day_daily,mixed_split_minority_day,mixed,split_minority_day,2024-07-20,D,daily,0.2672459215472518,26,13,13,embedding
mixed_split_minority_day_daily,mixed_split_minority_day,mixed,split_minority_day,2024-07-21,D,daily,0.23490376193405937,26,13,13,embedding
mixed_split_minority_day_daily,mixed_split_minority_day,mixed,split_minority_day,2024-07-23,D,daily,0.6359194544170145,40,20,20,embedding
mixed_split_minority_day_daily,mixed_split_minority_day,mixed,split_minority_day,2024-07-25,D,daily,0.6885757948621858,22,11,11,embedding
mixed_split_minority_day_daily,mixed_split_minority_day,mixed,split_minority_day,2024-07-26,D,daily,0.14527871771260248,42,21,21,embedding
mixed_split_minority_day_daily,mixed_split_minority_day,mixed,split_minority_day,2024-07-27,D,daily,0.21038141367998098,16,8,8,embedding
mixed_split_minority_day_daily,mixed_split_minority_day,mixed,split_minority_day,2024-07-30,D,daily,0.47260918133428154,40,20,20,embedding
mixed_split_minority_day_daily,mixed_split_minority_day,mixed,split_minority_day,2024-08-01,D,daily,0.48075767918261414,136,68,68,embedding
mixed_split_minority_day_daily,mixed_split_minority_day,mixed,split_minority_day,2024-08-02,D,daily,0.2735218382370366,30,15,15,embedding
mixed_split_minority_day_daily,mixed_split_minority_day,mixed,split_minority_day,2024-08-03,D,daily,0.19729845169881544,42,21,21,embedding
mixed_split_minority_day_daily,mixed_split_minority_day,mixed,split_minority_day,2024-08-04,D,daily,0.42971426769775634,30,15,15,embedding
mixed_split_minority_day_daily,mixed_split_minority_day,mixed,split_minority_day,2024-08-05,D,daily,0.9041393324839004,8,4,4,embedding
mixed_split_minority_day_daily,mixed_split_minority_day,mixed,split_minority_day,2024-08-06,D,daily,0.7750642466764419,34,17,17,embedding
mixed_split_minority_day_daily,mixed_split_minority_day,mixed,split_minority_day,2024-08-07,D,daily,0.5299161361228024,18,9,9,embedding
mixed_split_minority_day_daily,mixed_split_minority_day,mixed,split_minority_day,2024-08-08,D,daily,0.40183969269724706,28,14,14,embedding
mixed_split_minority_day_daily,mixed_split_minority_day,mixed,split_minority_day,2024-08-09,D,daily,0.19225814720568613,16,8,8,embedding
mixed_split_minority_day_daily,mixed_split_minority_day,mixed,split_minority_day,2024-08-13,D,daily,0.30629186283115795,46,23,23,embedding
mixed_split_minority_day_daily,mixed_split_minority_day,mixed,split_minority_day,2024-08-14,D,daily,0.3246640182594672,34,17,17,embedding
mixed_split_minority_day_daily,mixed_split_minority_day,mixed,split_minority_day,2024-08-15,D,daily,0.23422703742600626,44,22,22,embedding
mixed_split_minority_day_daily,mixed_split_minority_day,mixed,split_minority_day,2024-08-16,D,daily,0.5444383280548948,10,5,5,embedding
mixed_split_minority_day_daily,mixed_split_minority_day,mixed,split_minority_day,2024-08-17,D,daily,0.5453206267402699,14,7,7,embedding
mixed_split_minority_day_daily,mixed_split_minority_day,mixed,split_minority_day,2024-08-20,D,daily,0.24074418950703125,28,14,14,embedding
mixed_split_minority_day_daily,mixed_split_minority_day,mixed,split_minority_day,2024-08-21,D,daily,0.23233653257117926,38,19,19,embedding
mixed_split_minority_day_daily,mixed_split_minority_day,mixed,split_minority_day,2024-08-22,D,daily,0.3355265247516581,38,19,19,embedding
mixed_split_minority_day_daily,mixed_split_minority_day,mixed,split_minority_day,2024-08-23,D,daily,0.3533433982455232,30,15,15,embedding
mixed_split_minority_day_daily,mixed_split_minority_day,mixed,split_minority_day,2024-08-24,D,daily,0.3341950548103406,24,12,12,embedding
mixed_split_minority_day_daily,mixed_split_minority_day,mixed,split_minority_day,2024-08-26,D,daily,0.4393780822498584,26,13,13,embedding
mixed_split_minority_day_daily,mixed_split_minority_day,mixed,split_minority_day,2024-08-27,D,daily,0.4859999531504613,30,15,15,embedding
mixed_split_minority_day_daily,mixed_split_minority_day,mixed,split_minority_day,2024-08-28,D,daily,0.38649963743675964,38,19,19,embedding
mixed_split_minority_day_daily,mixed_split_minority_day,mixed,split_minority_day,2024-08-31,D,daily,0.45230755028569225,32,16,16,embedding
mixed_split_minority_day_daily,mixed_split_minority_day,mixed,split_minority_day,2024-09-02,D,daily,0.35798895349329696,30,15,15,embedding
mixed_split_minority_day_daily,mixed_split_minority_day,mixed,split_minority_day,2024-09-03,D,daily,0.5577953715621435,12,6,6,embedding
mixed_split_minority_day_daily,mixed_split_minority_day,mixed,split_minority_day,2024-09-04,D,daily,0.24764313998805654,34,17,17,embedding
mixed_split_minority_day_daily,mixed_split_minority_day,mixed,split_minority_day,2024-09-05,D,daily,0.34363697876984034,30,15,15,embedding
mixed_split_minority_day_daily,mixed_split_minority_day,mixed,split_minority_day,2024-09-06,D,daily,0.42651669486586663,34,17,17,embedding
mixed_split_minority_day_daily,mixed_split_minority_day,mixed,split_minority_day,2024-09-09,D,daily,0.5439228493169309,40,20,20,embedding
mixed_split_minority_day_daily,mixed_split_minority_day,mixed,split_minority_day,2024-09-10,D,daily,0.7292375698136053,26,13,13,embedding
mixed_split_minority_day_daily,mixed_split_minority_day,mixed,split_minority_day,2024-09-11,D,daily,0.4590993396960549,40,20,20,embedding
mixed_split_minority_day_daily,mixed_split_minority_day,mixed,split_minority_day,2024-09-12,D,daily,0.33599066901495067,18,9,9,embedding
mixed_split_minority_day_daily,mixed_split_minority_day,mixed,split_minority_day,2024-09-13,D,daily,0.7261894786203774,40,20,20,embedding
mixed_split_minority_day_daily,mixed_split_minority_day,mixed,split_minority_day,2024-09-14,D,daily,0.6812769753979312,6,3,3,embedding
mixed_split_minority_day_daily,mixed_split_minority_day,mixed,split_minority_day,2024-09-16,D,daily,0.3392350938485843,22,11,11,embedding
mixed_split_minority_day_daily,mixed_split_minority_day,mixed,split_minority_day,2024-09-17,D,daily,0.4021652345387827,40,20,20,embedding
mixed_split_minority_day_daily,mixed_split_minority_day,mixed,split_minority_day,2024-09-18,D,daily,0.2543643782925856,28,14,14,embedding
mixed_split_minority_day_daily,mixed_split_minority_day,mixed,split_minority_day,2024-09-19,D,daily,0.5523168071928226,26,13,13,embedding
mixed_split_minority_day_daily,mixed_split_minority_day,mixed,split_minority_day,2024-09-20,D,daily,0.6472132540708135,40,20,20,embedding
mixed_split_minority_day_daily,mixed_split_minority_day,mixed,split_minority_day,2024-09-23,D,daily,0.6208165988587707,40,20,20,embedding
mixed_split_minority_day_daily,mixed_split_minority_day,mixed,split_minority_day,2024-09-24,D,daily,0.36324932560534173,32,16,16,embedding
mixed_split_minority_day_daily,mixed_split_minority_day,mixed,split_minority_day,2024-09-25,D,daily,0.38759223761128436,42,21,21,embedding
mixed_split_minority_day_daily,mixed_split_minority_day,mixed,split_minority_day,2024-09-27,D,daily,0.3806698603558659,32,16,16,embedding
mixed_split_minority_day_daily,mixed_split_minority_day,mixed,split_minority_day,2024-09-30,D,daily,0.34040187679793865,48,24,24,embedding
mixed_split_minority_day_daily,mixed_split_minority_day,mixed,split_minority_day,2024-10-01,D,daily,0.562238067432734,128,64,64,embedding
mixed_split_minority_day_daily,mixed_split_minority_day,mixed,split_minority_day,2024-10-02,D,daily,0.5376589036298696,20,10,10,embedding
mixed_split_minority_day_daily,mixed_split_minority_day,mixed,split_minority_day,2024-10-03,D,daily,0.46836301905655087,34,17,17,embedding
mixed_split_minority_day_daily,mixed_split_minority_day,mixed,split_minority_day,2024-10-04,D,daily,0.4446572563407485,24,12,12,embedding
mixed_split_minority_day_daily,mixed_split_minority_day,mixed,split_minority_day,2024-10-05,D,daily,0.31015619203218403,20,10,10,embedding
mixed_split_minority_day_daily,mixed_split_minority_day,mixed,split_minority_day,2024-10-07,D,daily,0.3199227325489905,22,11,11,embedding
mixed_split_minority_day_daily,mixed_split_minority_day,mixed,split_minority_day,2024-10-09,D,daily,0.28121419563520733,24,12,12,embedding
mixed_split_minority_day_daily,mixed_split_minority_day,mixed,split_minority_day,2024-10-10,D,daily,0.3687093315705843,24,12,12,embedding
mixed_split_minority_day_daily,mixed_split_minority_day,mixed,split_minority_day,2024-10-11,D,daily,0.37349954027070265,50,25,25,embedding
mixed_split_minority_day_daily,mixed_split_minority_day,mixed,split_minority_day,2024-10-12,D,daily,0.24855856276077493,22,11,11,embedding
mixed_split_minority_day_daily,mixed_split_minority_day,mixed,split_minority_day,2024-10-13,D,daily,0.38896269164811026,44,22,22,embedding
mixed_split_minority_day_daily,mixed_split_minority_day,mixed,split_minority_day,2024-10-14,D,daily,0.42615669358679265,26,13,13,embedding
mixed_split_minority_day_daily,mixed_split_minority_day,mixed,split_minority_day,2024-10-15,D,daily,0.644313042090592,8,4,4,embedding
mixed_split_minority_day_daily,mixed_split_minority_day,mixed,split_minority_day,2024-10-16,D,daily,0.6370716472277604,50,25,25,embedding
mixed_split_minority_day_daily,mixed_split_minority_day,mixed,split_minority_day,2024-10-17,D,daily,0.4164509991939609,34,17,17,embedding
mixed_split_minority_day_daily,mixed_split_minority_day,mixed,split_minority_day,2024-10-18,D,daily,0.28080741148740085,28,14,14,embedding
mixed_split_minority_day_daily,mixed_split_minority_day,mixed,split_minority_day,2024-10-19,D,daily,0.36072547405229693,14,7,7,embedding
mixed_split_minority_day_daily,mixed_split_minority_day,mixed,split_minority_day,2024-10-20,D,daily,0.8631151981106888,32,16,16,embedding
mixed_split_minority_day_daily,mixed_split_minority_day,mixed,split_minority_day,2024-10-21,D,daily,0.7330001612542878,20,10,10,embedding
mixed_split_minority_day_daily,mixed_split_minority_day,mixed,split_minority_day,2024-10-23,D,daily,0.2616198742963357,40,20,20,embedding
mixed_split_minority_day_daily,mixed_split_minority_day,mixed,split_minority_day,2024-10-24,D,daily,0.5594529372355693,34,17,17,embedding
mixed_split_minority_day_daily,mixed_split_minority_day,mixed,split_minority_day,2024-10-25,D,daily,0.6707164927071873,46,23,23,embedding
mixed_split_minority_day_daily,mixed_split_minority_day,mixed,split_minority_day,2024-10-26,D,daily,0.25663932332487327,10,5,5,embedding
mixed_split_minority_day_daily,mixed_split_minority_day,mixed,split_minority_day,2024-10-27,D,daily,0.3377028790669001,42,21,21,embedding
mixed_split_minority_day_daily,mixed_split_minority_day,mixed,split_minority_day,2024-10-28,D,daily,0.4370132860950463,38,19,19,embedding
mixed_split_minority_day_daily,mixed_split_minority_day,mixed,split_minority_day,2024-10-31,D,daily,0.42682942180521943,76,38,38,embedding
mixed_split_minority_day_daily,mixed_split_minority_day,mixed,split_minority_day,2024-11-01,D,daily,0.2628083819020217,106,53,53,embedding
mixed_split_minority_day_daily,mixed_split_minority_day,mixed,split_minority_day,2024-11-03,D,daily,0.3794947655686798,24,12,12,embedding
mixed_split_minority_day_daily,mixed_split_minority_day,mixed,split_minority_day,2024-11-04,D,daily,0.502026932138649,54,27,27,embedding
mixed_split_minority_day_daily,mixed_split_minority_day,mixed,split_minority_day,2024-11-05,D,daily,0.4335673615652931,40,20,20,embedding
mixed_split_minority_day_daily,mixed_split_minority_day,mixed,split_minority_day,2024-11-06,D,daily,0.3226253727332353,40,20,20,embedding
mixed_split_minority_day_daily,mixed_split_minority_day,mixed,split_minority_day,2024-11-08,D,daily,0.4144929424952486,40,20,20,embedding
mixed_split_minority_day_daily,mixed_split_minority_day,mixed,split_minority_day,2024-11-09,D,daily,0.3048817199349365,10,5,5,embedding
mixed_split_minority_day_daily,mixed_split_minority_day,mixed,split_minority_day,2024-11-13,D,daily,0.5347558980575796,30,15,15,embedding
mixed_split_minority_day_daily,mixed_split_minority_day,mixed,split_minority_day,2024-11-14,D,daily,0.28612369779137925,8,4,4,embedding
mixed_split_minority_day_daily,mixed_split_minority_day,mixed,split_minority_day,2024-11-15,D,daily,0.45065006476587166,36,18,18,embedding
mixed_split_minority_day_daily,mixed_split_minority_day,mixed,split_minority_day,2024-11-17,D,daily,0.4804519870298366,16,8,8,embedding
mixed_split_minority_day_daily,mixed_split_minority_day,mixed,split_minority_day,2024-11-18,D,daily,0.5997960256137516,18,9,9,embedding
mixed_split_minority_day_daily,mixed_split_minority_day,mixed,split_minority_day,2024-11-20,D,daily,0.40558453758229973,46,23,23,embedding
mixed_split_minority_day_daily,mixed_split_minority_day,mixed,split_minority_day,2024-11-21,D,daily,0.27783179747970954,30,15,15,embedding
mixed_split_minority_day_daily,mixed_split_minority_day,mixed,split_minority_day,2024-11-22,D,daily,0.2793415444626183,14,7,7,embedding
mixed_split_minority_day_daily,mixed_split_minority_day,mixed,split_minority_day,2024-11-23,D,daily,0.2247461682271853,38,19,19,embedding
mixed_split_minority_day_daily,mixed_split_minority_day,mixed,split_minority_day,2024-11-24,D,daily,0.6805196415639967,28,14,14,embedding
mixed_split_minority_day_daily,mixed_split_minority_day,mixed,split_minority_day,2024-11-25,D,daily,0.639781534715024,14,7,7,embedding
mixed_split_minority_day_daily,mixed_split_minority_day,mixed,split_minority_day,2024-11-26,D,daily,0.496461780993795,20,10,10,embedding
mixed_split_minority_day_daily,mixed_split_minority_day,mixed,split_minority_day,2024-11-27,D,daily,0.3248396761157454,24,12,12,embedding
mixed_split_minority_day_daily,mixed_split_minority_day,mixed,split_minority_day,2024-11-28,D,daily,0.2868671071961577,26,13,13,embedding
mixed_split_minority_day_daily,mixed_split_minority_day,mixed,split_minority_day,2024-11-29,D,daily,0.5439069200226267,50,25,25,embedding
mixed_split_minority_day_daily,mixed_split_minority_day,mixed,split_minority_day,2024-12-01,D,daily,0.6302374631262462,66,33,33,embedding
mixed_split_minority_day_daily,mixed_split_minority_day,mixed,split_minority_day,2024-12-03,D,daily,0.42985200275055413,40,20,20,embedding
mixed_split_minority_day_daily,mixed_split_minority_day,mixed,split_minority_day,2024-12-04,D,daily,0.34239166577381397,38,19,19,embedding
mixed_split_minority_day_daily,mixed_split_minority_day,mixed,split_minority_day,2024-12-06,D,daily,0.4340334398325988,22,11,11,embedding
mixed_split_minority_day_daily,mixed_split_minority_day,mixed,split_minority_day,2024-12-08,D,daily,0.5530949594988486,38,19,19,embedding
mixed_split_minority_day_daily,mixed_split_minority_day,mixed,split_minority_day,2024-12-09,D,daily,0.35611867980308265,10,5,5,embedding
mixed_split_minority_day_daily,mixed_split_minority_day,mixed,split_minority_day,2024-12-11,D,daily,0.46361752210662033,22,11,11,embedding
mixed_split_minority_day_daily,mixed_split_minority_day,mixed,split_minority_day,2024-12-12,D,daily,0.5097459599651858,8,4,4,embedding
mixed_split_minority_day_daily,mixed_split_minority_day,mixed,split_minority_day,2024-12-13,D,daily,0.7023391379227917,26,13,13,embedding
mixed_split_minority_day_daily,mixed_split_minority_day,mixed,split_minority_day,2024-12-15,D,daily,0.6141881154063703,34,17,17,embedding
mixed_split_minority_day_daily,mixed_split_minority_day,mixed,split_minority_day,2024-12-16,D,daily,0.43633986130299485,26,13,13,embedding
mixed_split_minority_day_daily,mixed_split_minority_day,mixed,split_minority_day,2024-12-17,D,daily,0.30188808737058803,36,18,18,embedding
mixed_split_minority_day_daily,mixed_split_minority_day,mixed,split_minority_day,2024-12-18,D,daily,0.6856925658581734,40,20,20,embedding
mixed_split_minority_day_daily,mixed_split_minority_day,mixed,split_minority_day,2024-12-19,D,daily,0.6471133575781653,32,16,16,embedding
mixed_split_minority_day_daily,mixed_split_minority_day,mixed,split_minority_day,2024-12-20,D,daily,0.34754149394260847,26,13,13,embedding
mixed_split_minority_day_daily,mixed_split_minority_day,mixed,split_minority_day,2024-12-21,D,daily,0.3630641759458344,20,10,10,embedding
mixed_split_minority_day_daily,mixed_split_minority_day,mixed,split_minority_day,2024-12-23,D,daily,0.340277539619125,16,8,8,embedding
mixed_split_minority_day_daily,mixed_split_minority_day,mixed,split_minority_day,2024-12-24,D,daily,0.29912197759039505,16,8,8,embedding
mixed_split_minority_day_daily,mixed_split_minority_day,mixed,split_minority_day,2024-12-27,D,daily,0.3523943123956411,26,13,13,embedding
mixed_split_minority_day_daily,mixed_split_minority_day,mixed,split_minority_day,2024-12-30,D,daily,0.47070487463177835,28,14,14,embedding
mixed_split_minority_day_daily,mixed_split_minority_day,mixed,split_minority_day,2025-01-01,D,daily,0.4432588164960296,32,16,16,embedding
mixed_split_minority_day_daily,mixed_split_minority_day,mixed,split_minority_day,2025-01-03,D,daily,0.43816858273201786,30,15,15,embedding
mixed_split_minority_day_daily,mixed_split_minority_day,mixed,split_minority_day,2025-01-04,D,daily,0.4916034461843448,10,5,5,embedding
mixed_split_minority_day_daily,mixed_split_minority_day,mixed,split_minority_day,2025-01-05,D,daily,0.3810382994983921,36,18,18,embedding
mixed_split_minority_day_daily,mixed_split_minority_day,mixed,split_minority_day,2025-01-06,D,daily,0.3496572660329422,32,16,16,embedding
mixed_split_minority_day_daily,mixed_split_minority_day,mixed,split_minority_day,2025-01-07,D,daily,0.3772223033084714,16,8,8,embedding
mixed_split_minority_day_daily,mixed_split_minority_day,mixed,split_minority_day,2025-01-08,D,daily,0.29673734833591536,40,20,20,embedding
mixed_split_minority_day_daily,mixed_split_minority_day,mixed,split_minority_day,2025-01-09,D,daily,0.29216728124458013,28,14,14,embedding
mixed_split_minority_day_daily,mixed_split_minority_day,mixed,split_minority_day,2025-01-10,D,daily,0.3353984438036689,6,3,3,embedding
mixed_split_minority_day_daily,mixed_split_minority_day,mixed,split_minority_day,2025-01-11,D,daily,0.32025010169438006,34,17,17,embedding
mixed_split_minority_day_daily,mixed_split_minority_day,mixed,split_minority_day,2025-01-12,D,daily,0.31154308004092135,10,5,5,embedding
mixed_split_minority_day_daily,mixed_split_minority_day,mixed,split_minority_day,2025-01-13,D,daily,0.714896369296002,10,5,5,embedding
mixed_split_minority_day_daily,mixed_split_minority_day,mixed,split_minority_day,2025-01-14,D,daily,0.6200044188764475,34,17,17,embedding
mixed_split_minority_day_daily,mixed_split_minority_day,mixed,split_minority_day,2025-01-15,D,daily,0.4605424335528534,42,21,21,embedding
mixed_split_minority_day_daily,mixed_split_minority_day,mixed,split_minority_day,2025-01-16,D,daily,0.7065475694792107,22,11,11,embedding
mixed_split_minority_day_daily,mixed_split_minority_day,mixed,split_minority_day,2025-01-17,D,daily,0.5971869711681311,38,19,19,embedding
mixed_split_minority_day_daily,mixed_split_minority_day,mixed,split_minority_day,2025-01-19,D,daily,0.5035606394473411,26,13,13,embedding
mixed_split_minority_day_daily,mixed_split_minority_day,mixed,split_minority_day,2025-01-20,D,daily,0.47872997373500636,40,20,20,embedding
mixed_split_minority_day_daily,mixed_split_minority_day,mixed,split_minority_day,2025-01-21,D,daily,0.443948572567855,36,18,18,embedding
mixed_split_minority_day_daily,mixed_split_minority_day,mixed,split_minority_day,2025-01-22,D,daily,0.4875852705196798,38,19,19,embedding
mixed_split_minority_day_daily,mixed_split_minority_day,mixed,split_minority_day,2025-01-23,D,daily,0.48032215304426573,38,19,19,embedding
mixed_split_minority_day_daily,mixed_split_minority_day,mixed,split_minority_day,2025-01-24,D,daily,0.26869081617190704,30,15,15,embedding
mixed_split_minority_day_daily,mixed_split_minority_day,mixed,split_minority_day,2025-01-25,D,daily,0.35098873376800743,22,11,11,embedding
mixed_split_minority_day_daily,mixed_split_minority_day,mixed,split_minority_day,2025-01-26,D,daily,0.5873918561367916,30,15,15,embedding
mixed_split_minority_day_daily,mixed_split_minority_day,mixed,split_minority_day,2025-01-27,D,daily,0.640434312429054,16,8,8,embedding
mixed_split_minority_day_daily,mixed_split_minority_day,mixed,split_minority_day,2025-01-28,D,daily,0.4385805666172471,34,17,17,embedding
mixed_split_minority_day_daily,mixed_split_minority_day,mixed,split_minority_day,2025-01-29,D,daily,0.23699049057879862,40,20,20,embedding
mixed_split_minority_day_daily,mixed_split_minority_day,mixed,split_minority_day,2025-01-30,D,daily,0.4664189013559368,42,21,21,embedding
mixed_split_minority_day_daily,mixed_split_minority_day,mixed,split_minority_day,2025-01-31,D,daily,0.4097839618643584,58,29,29,embedding
mixed_split_minority_day_daily,mixed_split_minority_day,mixed,split_minority_day,2025-02-03,D,daily,0.3864222479118786,40,20,20,embedding
mixed_split_minority_day_daily,mixed_split_minority_day,mixed,split_minority_day,2025-02-04,D,daily,0.3071605344576426,42,21,21,embedding
mixed_split_minority_day_daily,mixed_split_minority_day,mixed,split_minority_day,2025-02-05,D,daily,0.33042194416461323,40,20,20,embedding
mixed_split_minority_day_daily,mixed_split_minority_day,mixed,split_minority_day,2025-02-06,D,daily,0.3792583426420697,40,20,20,embedding
mixed_split_minority_day_daily,mixed_split_minority_day,mixed,split_minority_day,2025-02-07,D,daily,0.37839206608459974,30,15,15,embedding
mixed_split_minority_day_daily,mixed_split_minority_day,mixed,split_minority_day,2025-02-09,D,daily,0.6126904640196352,30,15,15,embedding
mixed_split_minority_day_daily,mixed_split_minority_day,mixed,split_minority_day,2025-02-10,D,daily,0.605207292941524,20,10,10,embedding
mixed_split_minority_day_daily,mixed_split_minority_day,mixed,split_minority_day,2025-02-12,D,daily,0.5976409136925063,34,17,17,embedding
mixed_split_minority_day_daily,mixed_split_minority_day,mixed,split_minority_day,2025-02-13,D,daily,0.41819142029398193,20,10,10,embedding
mixed_split_minority_day_daily,mixed_split_minority_day,mixed,split_minority_day,2025-02-14,D,daily,0.4215430475672767,34,17,17,embedding
mixed_split_minority_day_daily,mixed_split_minority_day,mixed,split_minority_day,2025-02-17,D,daily,0.39388648834188944,16,8,8,embedding
mixed_split_minority_day_daily,mixed_split_minority_day,mixed,split_minority_day,2025-02-19,D,daily,0.4082311652001197,48,24,24,embedding
right_none_daily,right_none,right,none,2024-02-06,D,daily,0.26930545014168605,16,0,16,embedding
right_none_daily,right_none,right,none,2024-02-08,D,daily,0.31149775257194146,18,0,18,embedding
right_none_daily,right_none,right,none,2024-02-10,D,daily,0.39606208884676364,13,0,13,embedding
right_none_daily,right_none,right,none,2024-02-11,D,daily,0.5094205908715342,19,0,19,embedding
right_none_daily,right_none,right,none,2024-02-12,D,daily,0.4338191382378537,19,0,19,embedding
right_none_daily,right_none,right,none,2024-02-15,D,daily,0.4744144974779927,20,0,20,embedding
right_none_daily,right_none,right,none,2024-02-16,D,daily,0.2850729966574247,20,0,20,embedding
right_none_daily,right_none,right,none,2024-02-17,D,daily,0.33773971382063683,15,0,15,embedding
right_none_daily,right_none,right,none,2024-02-18,D,daily,0.3879824972072917,21,0,21,embedding
right_none_daily,right_none,right,none,2024-02-19,D,daily,0.5448541504956871,9,0,9,embedding
right_none_daily,right_none,right,none,2024-02-20,D,daily,0.5635208145499466,19,0,19,embedding
right_none_daily,right_none,right,none,2024-02-22,D,daily,0.46364074670764976,17,0,17,embedding
right_none_daily,right_none,right,none,2024-02-23,D,daily,0.38920757521647553,16,0,16,embedding
right_none_daily,right_none,right,none,2024-02-25,D,daily,0.4561829867585344,23,0,23,embedding
right_none_daily,right_none,right,none,2024-02-26,D,daily,0.6379612369643249,13,0,13,embedding
right_none_daily,right_none,right,none,2024-02-27,D,daily,0.6409896942746804,6,0,6,embedding
right_none_daily,right_none,right,none,2024-02-28,D,daily,0.39228131808959366,22,0,22,embedding
right_none_daily,right_none,right,none,2024-02-29,D,daily,0.4597663006512378,19,0,19,embedding
right_none_daily,right_none,right,none,2024-03-01,D,daily,0.416097580435944,64,0,64,embedding
right_none_daily,right_none,right,none,2024-03-02,D,daily,0.42496658217105265,16,0,16,embedding
right_none_daily,right_none,right,none,2024-03-03,D,daily,0.3978042961580962,15,0,15,embedding
right_none_daily,right_none,right,none,2024-03-04,D,daily,0.3596816492024898,20,0,20,embedding
right_none_daily,right_none,right,none,2024-03-06,D,daily,0.3426487215847629,11,0,11,embedding
right_none_daily,right_none,right,none,2024-03-07,D,daily,0.43749222750662575,15,0,15,embedding
right_none_daily,right_none,right,none,2024-03-09,D,daily,0.42043563137644324,9,0,9,embedding
right_none_daily,right_none,right,none,2024-03-10,D,daily,0.47338886635508404,20,0,20,embedding
right_none_daily,right_none,right,none,2024-03-11,D,daily,0.505164426367106,16,0,16,embedding
right_none_daily,right_none,right,none,2024-03-12,D,daily,0.42527316583804864,13,0,13,embedding
right_none_daily,right_none,right,none,2024-03-13,D,daily,0.564611574711686,20,0,20,embedding
right_none_daily,right_none,right,none,2024-03-14,D,daily,0.3182403236301915,14,0,14,embedding
right_none_daily,right_none,right,none,2024-03-16,D,daily,0.42156375779628585,9,0,9,embedding
right_none_daily,right_none,right,none,2024-03-17,D,daily,0.5378247248259176,21,0,21,embedding
right_none_daily,right_none,right,none,2024-03-18,D,daily,0.5162534311715861,12,0,12,embedding
right_none_daily,right_none,right,none,2024-03-20,D,daily,0.4082699736612849,19,0,19,embedding
right_none_daily,right_none,right,none,2024-03-21,D,daily,0.3752220548664583,9,0,9,embedding
right_none_daily,right_none,right,none,2024-03-22,D,daily,0.3782554189211129,12,0,12,embedding
right_none_daily,right_none,right,none,2024-03-23,D,daily,0.4388499885158309,6,0,6,embedding
right_none_daily,right_none,right,none,2024-03-24,D,daily,0.3818125792832858,15,0,15,embedding
right_none_daily,right_none,right,none,2024-03-25,D,daily,0.41389160971323724,12,0,12,embedding
right_none_daily,right_none,right,none,2024-03-26,D,daily,0.2963879898425489,20,0,20,embedding
right_none_daily,right_none,right,none,2024-03-27,D,daily,0.27480518017420774,11,0,11,embedding
right_none_daily,right_none,right,none,2024-03-28,D,daily,0.332723886112964,18,0,18,embedding
right_none_daily,right_none,right,none,2024-03-29,D,daily,0.5577676986298459,30,0,30,embedding
right_none_daily,right_none,right,none,2024-03-30,D,daily,0.674628634450032,28,0,28,embedding
right_none_daily,right_none,right,none,2024-03-31,D,daily,0.3941578457814141,7,0,7,embedding
right_none_daily,right_none,right,none,2024-04-01,D,daily,0.18884166376634381,30,0,30,embedding
right_none_daily,right_none,right,none,2024-04-02,D,daily,0.30224918431414205,18,0,18,embedding
right_none_daily,right_none,right,none,2024-04-03,D,daily,0.2969995761794857,19,0,19,embedding
right_none_daily,right_none,right,none,2024-04-04,D,daily,0.34826837241650377,20,0,20,embedding
right_none_daily,right_none,right,none,2024-04-05,D,daily,0.5590423503495656,20,0,20,embedding
right_none_daily,right_none,right,none,2024-04-06,D,daily,0.3509360399517204,13,0,13,embedding
right_none_daily,right_none,right,none,2024-04-07,D,daily,0.31632957264985373,12,0,12,embedding
right_none_daily,right_none,right,none,2024-04-08,D,daily,0.4822319867181286,17,0,17,embedding
right_none_daily,right_none,right,none,2024-04-09,D,daily,0.4401840807027544,17,0,17,embedding
right_none_daily,right_none,right,none,2024-04-10,D,daily,0.42869645696328096,20,0,20,embedding
right_none_daily,right_none,right,none,2024-04-12,D,daily,0.37166309500368244,8,0,8,embedding
right_none_daily,right_none,right,none,2024-04-13,D,daily,0.3459049805382082,6,0,6,embedding
right_none_daily,right_none,right,none,2024-04-14,D,daily,0.33082212936096533,14,0,14,embedding
right_none_daily,right_none,right,none,2024-04-16,D,daily,0.38147692303528546,20,0,20,embedding
right_none_daily,right_none,right,none,2024-04-17,D,daily,0.5660966828063294,5,0,5,embedding
right_none_daily,right_none,right,none,2024-04-20,D,daily,0.5737638125227411,5,0,5,embedding
right_none_daily,right_none,right,none,2024-04-21,D,daily,0.35635816000872056,12,0,12,embedding
right_none_daily,right_none,right,none,2024-04-23,D,daily,0.6330777321413141,16,0,16,embedding
right_none_daily,right_none,right,none,2024-04-24,D,daily,0.4805125880750911,20,0,20,embedding
right_none_daily,right_none,right,none,2024-04-25,D,daily,0.5006615795931566,20,0,20,embedding
right_none_daily,right_none,right,none,2024-04-26,D,daily,0.35195725547865486,15,0,15,embedding
right_none_daily,right_none,right,none,2024-04-27,D,daily,0.5981299699786606,18,0,18,embedding
right_none_daily,right_none,right,none,2024-04-28,D,daily,0.4171695359473482,10,0,10,embedding
right_none_daily,right_none,right,none,2024-04-29,D,daily,0.5197900438238818,32,0,32,embedding
right_none_daily,right_none,right,none,2024-04-30,D,daily,0.6200666583999048,36,0,36,embedding
right_none_daily,right_none,right,none,2024-05-01,D,daily,0.30158873367664163,29,0,29,embedding
right_none_daily,right_none,right,none,2024-05-02,D,daily,0.3907626303548477,20,0,20,embedding
right_none_daily,right_none,right,none,2024-05-03,D,daily,0.567115638120545,11,0,11,embedding
right_none_daily,right_none,right,none,2024-05-04,D,daily,0.4190531069421386,8,0,8,embedding
right_none_daily,right_none,right,none,2024-05-05,D,daily,0.5121204597227081,18,0,18,embedding
right_none_daily,right_none,right,none,2024-05-06,D,daily,0.4669754952029346,10,0,10,embedding
right_none_daily,right_none,right,none,2024-05-07,D,daily,0.3293707964324336,13,0,13,embedding
right_none_daily,right_none,right,none,2024-05-08,D,daily,0.5025712254107512,9,0,9,embedding
right_none_daily,right_none,right,none,2024-05-09,D,daily,0.43055048168712196,20,0,20,embedding
right_none_daily,right_none,right,none,2024-05-10,D,daily,0.4674342921468999,9,0,9,embedding
right_none_daily,right_none,right,none,2024-05-12,D,daily,0.29840278568882384,20,0,20,embedding
right_none_daily,right_none,right,none,2024-05-13,D,daily,0.37075305357036314,10,0,10,embedding
right_none_daily,right_none,right,none,2024-05-14,D,daily,0.6318324596899308,13,0,13,embedding
right_none_daily,right_none,right,none,2024-05-15,D,daily,0.8223872806754985,16,0,16,embedding
right_none_daily,right_none,right,none,2024-05-16,D,daily,0.26093514176103294,16,0,16,embedding
right_none_daily,right_none,right,none,2024-05-17,D,daily,0.2812529321234398,15,0,15,embedding
right_none_daily,right_none,right,none,2024-05-18,D,daily,0.3279055771264274,5,0,5,embedding
right_none_daily,right_none,right,none,2024-05-19,D,daily,0.5495755268385258,18,0,18,embedding
right_none_daily,right_none,right,none,2024-05-20,D,daily,0.3828718995270888,20,0,20,embedding
right_none_daily,right_none,right,none,2024-05-22,D,daily,0.4280036891365824,18,0,18,embedding
right_none_daily,right_none,right,none,2024-05-23,D,daily,0.32870727647913567,6,0,6,embedding
right_none_daily,right_none,right,none,2024-05-25,D,daily,0.46997476675793926,6,0,6,embedding
right_none_daily,right_none,right,none,2024-05-26,D,daily,0.6473335693533533,17,0,17,embedding
right_none_daily,right_none,right,none,2024-05-27,D,daily,0.4927229214945803,7,0,7,embedding
right_none_daily,right_none,right,none,2024-05-28,D,daily,0.5393587785666065,18,0,18,embedding
right_none_daily,right_none,right,none,2024-05-29,D,daily,0.3449341322189585,12,0,12,embedding
right_none_daily,right_none,right,none,2024-05-30,D,daily,0.6426323693106499,15,0,15,embedding
right_none_daily,right_none,right,none,2024-05-31,D,daily,0.41728699829456906,12,0,12,embedding
right_none_daily,right_none,right,none,2024-06-01,D,daily,0.4557080850447155,51,0,51,embedding
right_none_daily,right_none,right,none,2024-06-02,D,daily,0.45712791567801236,21,0,21,embedding
right_none_daily,right_none,right,none,2024-06-03,D,daily,0.46625451165931997,12,0,12,embedding
right_none_daily,right_none,right,none,2024-06-04,D,daily,0.4507923595403507,8,0,8,embedding
right_none_daily,right_none,right,none,2024-06-05,D,daily,0.3164831891473314,20,0,20,embedding
right_none_daily,right_none,right,none,2024-06-07,D,daily,0.4181114828061202,11,0,11,embedding
right_none_daily,right_none,right,none,2024-06-09,D,daily,0.2790000268695437,16,0,16,embedding
right_none_daily,right_none,right,none,2024-06-10,D,daily,0.49740839362358646,6,0,6,embedding
right_none_daily,right_none,right,none,2024-06-11,D,daily,0.7142521223389375,20,0,20,embedding
right_none_daily,right_none,right,none,2024-06-12,D,daily,0.5874413569470491,16,0,16,embedding
right_none_daily,right_none,right,none,2024-06-13,D,daily,0.3758688964101302,16,0,16,embedding
right_none_daily,right_none,right,none,2024-06-14,D,daily,0.33210832519124844,9,0,9,embedding
right_none_daily,right_none,right,none,2024-06-15,D,daily,0.38661753422072254,5,0,5,embedding
right_none_daily,right_none,right,none,2024-06-16,D,daily,0.47281277641831676,20,0,20,embedding
right_none_daily,right_none,right,none,2024-06-18,D,daily,0.3931100298223904,19,0,19,embedding
right_none_daily,right_none,right,none,2024-06-19,D,daily,0.4121054174361023,19,0,19,embedding
right_none_daily,right_none,right,none,2024-06-20,D,daily,0.33942648954802457,17,0,17,embedding
right_none_daily,right_none,right,none,2024-06-21,D,daily,0.2280928388932426,11,0,11,embedding
right_none_daily,right_none,right,none,2024-06-22,D,daily,0.15647325523941924,7,0,7,embedding
right_none_daily,right_none,right,none,2024-06-23,D,daily,0.5803000651105745,11,0,11,embedding
right_none_daily,right_none,right,none,2024-06-24,D,daily,0.46169422907849844,21,0,21,embedding
right_none_daily,right_none,right,none,2024-06-25,D,daily,0.4895375543997036,11,0,11,embedding
right_none_daily,right_none,right,none,2024-06-26,D,daily,0.4624658653082726,20,0,20,embedding
right_none_daily,right_none,right,none,2024-06-27,D,daily,0.47499636588374716,13,0,13,embedding
right_none_daily,right_none,right,none,2024-06-28,D,daily,0.42425596861698833,21,0,21,embedding
right_none_daily,right_none,right,none,2024-06-29,D,daily,0.345163027662327,14,0,14,embedding
right_none_daily,right_none,right,none,2024-06-30,D,daily,0.49510779247059833,20,0,20,embedding
right_none_daily,right_none,right,none,2024-07-01,D,daily,0.5237776831375152,42,0,42,embedding
right_none_daily,right_none,right,none,2024-07-02,D,daily,0.508085794785188,25,0,25,embedding
right_none_daily,right_none,right,none,2024-07-03,D,daily,0.4689132055230547,14,0,14,embedding
right_none_daily,right_none,right,none,2024-07-04,D,daily,0.3673562100637018,12,0,12,embedding
right_none_daily,right_none,right,none,2024-07-05,D,daily,0.5783125012962193,5,0,5,embedding
right_none_daily,right_none,right,none,2024-07-06,D,daily,0.6013372876256833,5,0,5,embedding
right_none_daily,right_none,right,none,2024-07-07,D,daily,0.29366924626542,10,0,10,embedding
right_none_daily,right_none,right,none,2024-07-08,D,daily,0.469949039811526,14,0,14,embedding
right_none_daily,right_none,right,none,2024-07-09,D,daily,0.37740527568560855,9,0,9,embedding
right_none_daily,right_none,right,none,2024-07-10,D,daily,0.2619484730841777,21,0,21,embedding
right_none_daily,right_none,right,none,2024-07-11,D,daily,0.2995016053577516,20,0,20,embedding
right_none_daily,right_none,right,none,2024-07-13,D,daily,0.14036200173335334,7,0,7,embedding
right_none_daily,right_none,right,none,2024-07-14,D,daily,0.37687561102942746,31,0,31,embedding
right_none_daily,right_none,right,none,2024-07-15,D,daily,0.5338049961682451,20,0,20,embedding
right_none_daily,right_none,right,none,2024-07-17,D,daily,0.4136868702976094,20,0,20,embedding
right_none_daily,right_none,right,none,2024-07-18,D,daily,0.20572120741210687,20,0,20,embedding
right_none_daily,right_none,right,none,2024-07-19,D,daily,0.2080783084075466,20,0,20,embedding
right_none_daily,right_none,right,none,2024-07-20,D,daily,0.2895459760105884,13,0,13,embedding
right_none_daily,right_none,right,none,2024-07-21,D,daily,0.23851470046707024,13,0,13,embedding
right_none_daily,right_none,right,none,2024-07-22,D,daily,0.39184094460546226,20,0,20,embedding
right_none_daily,right_none,right,none,2024-07-23,D,daily,0.2329632895819005,20,0,20,embedding
right_none_daily,right_none,right,none,2024-07-24,D,daily,0.25546238445642977,19,0,19,embedding
right_none_daily,right_none,right,none,2024-07-25,D,daily,0.2635711949919828,11,0,11,embedding
right_none_daily,right_none,right,none,2024-07-26,D,daily,0.14997500306910938,21,0,21,embedding
right_none_daily,right_none,right,none,2024-07-27,D,daily,0.3550643228417314,8,0,8,embedding
right_none_daily,right_none,right,none,2024-07-29,D,daily,0.5042871346298057,12,0,12,embedding
right_none_daily,right_none,right,none,2024-07-30,D,daily,0.4124065462397055,20,0,20,embedding
right_none_daily,right_none,right,none,2024-07-31,D,daily,0.3276761655290812,16,0,16,embedding
right_none_daily,right_none,right,none,2024-08-01,D,daily,0.4287315737050583,68,0,68,embedding
right_none_daily,right_none,right,none,2024-08-02,D,daily,0.23572254716202923,15,0,15,embedding
right_none_daily,right_none,right,none,2024-08-03,D,daily,0.20349835716459996,21,0,21,embedding
right_none_daily,right_none,right,none,2024-08-04,D,daily,0.4369514876353028,15,0,15,embedding
right_none_daily,right_none,right,none,2024-08-06,D,daily,0.6051189358504019,17,0,17,embedding
right_none_daily,right_none,right,none,2024-08-07,D,daily,0.5026638444969691,9,0,9,embedding
right_none_daily,right_none,right,none,2024-08-08,D,daily,0.38249824595547965,14,0,14,embedding
right_none_daily,right_none,right,none,2024-08-09,D,daily,0.20777179709705518,8,0,8,embedding
right_none_daily,right_none,right,none,2024-08-10,D,daily,0.14049905999517176,9,0,9,embedding
right_none_daily,right_none,right,none,2024-08-11,D,daily,0.2355620172066899,8,0,8,embedding
right_none_daily,right_none,right,none,2024-08-12,D,daily,0.2788114995414047,9,0,9,embedding
right_none_daily,right_none,right,none,2024-08-13,D,daily,0.3679340539754812,23,0,23,embedding
right_none_daily,right_none,right,none,2024-08-14,D,daily,0.3748091133979641,17,0,17,embedding
right_none_daily,right_none,right,none,2024-08-15,D,daily,0.46852416566322974,22,0,22,embedding
right_none_daily,right_none,right,none,2024-08-16,D,daily,0.3749442581600141,5,0,5,embedding
right_none_daily,right_none,right,none,2024-08-17,D,daily,0.3348586071783405,7,0,7,embedding
right_none_daily,right_none,right,none,2024-08-18,D,daily,0.2313534011400421,26,0,26,embedding
right_none_daily,right_none,right,none,2024-08-19,D,daily,0.4646509048374441,15,0,15,embedding
right_none_daily,right_none,right,none,2024-08-20,D,daily,0.5047749665857064,14,0,14,embedding
right_none_daily,right_none,right,none,2024-08-21,D,daily,0.3067312174283563,19,0,19,embedding
right_none_daily,right_none,right,none,2024-08-22,D,daily,0.2687973837129989,19,0,19,embedding
right_none_daily,right_none,right,none,2024-08-23,D,daily,0.3181741446487062,15,0,15,embedding
right_none_daily,right_none,right,none,2024-08-24,D,daily,0.3311186421981701,12,0,12,embedding
right_none_daily,right_none,right,none,2024-08-25,D,daily,0.3356736119120287,24,0,24,embedding
right_none_daily,right_none,right,none,2024-08-26,D,daily,0.5870558622390742,13,0,13,embedding
right_none_daily,right_none,right,none,2024-08-27,D,daily,0.4859999531504613,15,0,15,embedding
right_none_daily,right_none,right,none,2024-08-28,D,daily,0.3633986941168228,19,0,19,embedding
right_none_daily,right_none,right,none,2024-08-29,D,daily,0.5288476147978913,17,0,17,embedding
right_none_daily,right_none,right,none,2024-08-30,D,daily,0.39798108326458514,42,0,42,embedding
right_none_daily,right_none,right,none,2024-08-31,D,daily,0.18695855190174548,16,0,16,embedding
right_none_daily,right_none,right,none,2024-09-01,D,daily,0.38638659197714076,31,0,31,embedding
right_none_daily,right_none,right,none,2024-09-02,D,daily,0.31587783800130276,15,0,15,embedding
right_none_daily,right_none,right,none,2024-09-03,D,daily,0.4014762576376061,6,0,6,embedding
right_none_daily,right_none,right,none,2024-09-04,D,daily,0.2465490596494173,17,0,17,embedding
right_none_daily,right_none,right,none,2024-09-05,D,daily,0.3564273111606169,15,0,15,embedding
right_none_daily,right_none,right,none,2024-09-06,D,daily,0.42142304595044655,17,0,17,embedding
right_none_daily,right_none,right,none,2024-09-07,D,daily,0.3012231679137374,7,0,7,embedding
right_none_daily,right_none,right,none,2024-09-08,D,daily,0.3197065998685793,20,0,20,embedding
right_none_daily,right_none,right,none,2024-09-09,D,daily,0.23618831106245874,20,0,20,embedding
right_none_daily,right_none,right,none,2024-09-10,D,daily,0.34468452448177955,13,0,13,embedding
right_none_daily,right_none,right,none,2024-09-11,D,daily,0.3426452904165491,20,0,20,embedding
right_none_daily,right_none,right,none,2024-09-12,D,daily,0.4749327246431527,9,0,9,embedding
right_none_daily,right_none,right,none,2024-09-13,D,daily,0.5782713020797162,20,0,20,embedding
right_none_daily,right_none,right,none,2024-09-15,D,daily,0.3840215215292755,20,0,20,embedding
right_none_daily,right_none,right,none,2024-09-16,D,daily,0.3950034828808393,11,0,11,embedding
right_none_daily,right_none,right,none,2024-09-17,D,daily,0.37483076346182587,20,0,20,embedding
right_none_daily,right_none,right,none,2024-09-18,D,daily,0.2900786199313645,14,0,14,embedding
right_none_daily,right_none,right,none,2024-09-19,D,daily,0.42012380909233005,13,0,13,embedding
right_none_daily,right_none,right,none,2024-09-20,D,daily,0.2169602954621921,20,0,20,embedding
right_none_daily,right_none,right,none,2024-09-21,D,daily,0.24198264015631188,6,0,6,embedding
right_none_daily,right_none,right,none,2024-09-22,D,daily,0.5945783146558167,21,0,21,embedding
right_none_daily,right_none,right,none,2024-09-23,D,daily,0.5683947731714016,20,0,20,embedding
right_none_daily,right_none,right,none,2024-09-24,D,daily,0.2836342430255754,16,0,16,embedding
right_none_daily,right_none,right,none,2024-09-25,D,daily,0.3691343796744302,21,0,21,embedding
right_none_daily,right_none,right,none,2024-09-26,D,daily,0.32025980812573396,16,0,16,embedding
right_none_daily,right_none,right,none,2024-09-27,D,daily,0.41778934744480334,16,0,16,embedding
right_none_daily,right_none,right,none,2024-09-29,D,daily,0.4496011344017561,18,0,18,embedding
right_none_daily,right_none,right,none,2024-09-30,D,daily,0.3836523221246513,24,0,24,embedding
right_none_daily,right_none,right,none,2024-10-01,D,daily,0.4271333132462034,64,0,64,embedding
right_none_daily,right_none,right,none,2024-10-02,D,daily,0.6128602967687501,10,0,10,embedding
right_none_daily,right_none,right,none,2024-10-03,D,daily,0.3837311456677359,17,0,17,embedding
right_none_daily,right_none,right,none,2024-10-04,D,daily,0.3444994718160541,12,0,12,embedding
right_none_daily,right_none,right,none,2024-10-05,D,daily,0.2723359818532397,10,0,10,embedding
right_none_daily,right_none,right,none,2024-10-06,D,daily,0.48114302448219126,15,0,15,embedding
right_none_daily,right_none,right,none,2024-10-07,D,daily,0.379246386657789,11,0,11,embedding
right_none_daily,right_none,right,none,2024-10-08,D,daily,0.5217223560025408,20,0,20,embedding
right_none_daily,right_none,right,none,2024-10-09,D,daily,0.6476796189343309,12,0,12,embedding
right_none_daily,right_none,right,none,2024-10-10,D,daily,0.24300436489280253,12,0,12,embedding
right_none_daily,right_none,right,none,2024-10-11,D,daily,0.4471026047564093,25,0,25,embedding
right_none_daily,right_none,right,none,2024-10-12,D,daily,0.5442549283545526,11,0,11,embedding
right_none_daily,right_none,right,none,2024-10-13,D,daily,0.38542272252403176,22,0,22,embedding
right_none_daily,right_none,right,none,2024-10-14,D,daily,0.3444313025255983,13,0,13,embedding
right_none_daily,right_none,right,none,2024-10-16,D,daily,0.40187802792588667,25,0,25,embedding
right_none_daily,right_none,right,none,2024-10-17,D,daily,0.5095679978069343,17,0,17,embedding
right_none_daily,right_none,right,none,2024-10-18,D,daily,0.28080741148740085,14,0,14,embedding
right_none_daily,right_none,right,none,2024-10-19,D,daily,0.36072547405229693,7,0,7,embedding
right_none_daily,right_none,right,none,2024-10-20,D,daily,0.5716665791241226,16,0,16,embedding
right_none_daily,right_none,right,none,2024-10-23,D,daily,0.40603275623433543,20,0,20,embedding
right_none_daily,right_none,right,none,2024-10-24,D,daily,0.5594529372355693,17,0,17,embedding
right_none_daily,right_none,right,none,2024-10-25,D,daily,0.6735950804133991,23,0,23,embedding
right_none_daily,right_none,right,none,2024-10-26,D,daily,0.28421909473881257,5,0,5,embedding
right_none_daily,right_none,right,none,2024-10-27,D,daily,0.302276073345795,21,0,21,embedding
right_none_daily,right_none,right,none,2024-10-28,D,daily,0.2999202155857176,19,0,19,embedding
right_none_daily,right_none,right,none,2024-10-29,D,daily,0.5050834030867866,9,0,9,embedding
right_none_daily,right_none,right,none,2024-10-31,D,daily,0.4357802286320741,38,0,38,embedding
right_none_daily,right_none,right,none,2024-11-01,D,daily,0.2781621973048525,53,0,53,embedding
right_none_daily,right_none,right,none,2024-11-02,D,daily,0.3218343365085159,10,0,10,embedding
right_none_daily,right_none,right,none,2024-11-03,D,daily,0.37980110390404,12,0,12,embedding
right_none_daily,right_none,right,none,2024-11-04,D,daily,0.4232718457689023,27,0,27,embedding
right_none_daily,right_none,right,none,2024-11-05,D,daily,0.4315602828600644,20,0,20,embedding
right_none_daily,right_none,right,none,2024-11-06,D,daily,0.3185526459877266,20,0,20,embedding
right_none_daily,right_none,right,none,2024-11-08,D,daily,0.36386968141727494,20,0,20,embedding
right_none_daily,right_none,right,none,2024-11-09,D,daily,0.3326778355194505,5,0,5,embedding
right_none_daily,right_none,right,none,2024-11-10,D,daily,0.3944435439633247,23,0,23,embedding
right_none_daily,right_none,right,none,2024-11-13,D,daily,0.27164328348559674,15,0,15,embedding
right_none_daily,right_none,right,none,2024-11-15,D,daily,0.40479308766520516,18,0,18,embedding
right_none_daily,right_none,right,none,2024-11-16,D,daily,0.6933918524994584,11,0,11,embedding
right_none_daily,right_none,right,none,2024-11-17,D,daily,0.6562231276280067,8,0,8,embedding
right_none_daily,right_none,right,none,2024-11-18,D,daily,0.4586957432049569,9,0,9,embedding
right_none_daily,right_none,right,none,2024-11-19,D,daily,0.3506284366167852,12,0,12,embedding
right_none_daily,right_none,right,none,2024-11-20,D,daily,0.28567494633087975,23,0,23,embedding
right_none_daily,right_none,right,none,2024-11-21,D,daily,0.35284385528752304,15,0,15,embedding
right_none_daily,right_none,right,none,2024-11-22,D,daily,0.3303830155175713,7,0,7,embedding
right_none_daily,right_none,right,none,2024-11-23,D,daily,0.2533779116158159,19,0,19,embedding
right_none_daily,right_none,right,none,2024-11-24,D,daily,0.3777706614371408,14,0,14,embedding
right_none_daily,right_none,right,none,2024-11-25,D,daily,0.34399747391376745,7,0,7,embedding
right_none_daily,right_none,right,none,2024-11-26,D,daily,0.3697757879343019,10,0,10,embedding
right_none_daily,right_none,right,none,2024-11-27,D,daily,0.36855159872279586,12,0,12,embedding
right_none_daily,right_none,right,none,2024-11-28,D,daily,0.30254212326284224,13,0,13,embedding
right_none_daily,right_none,right,none,2024-11-29,D,daily,0.62751051013097,25,0,25,embedding
right_none_daily,right_none,right,none,2024-11-30,D,daily,0.6171690844338361,18,0,18,embedding
right_none_daily,right_none,right,none,2024-12-01,D,daily,0.40726947474552655,33,0,33,embedding
right_none_daily,right_none,right,none,2024-12-03,D,daily,0.5054266172589922,20,0,20,embedding
right_none_daily,right_none,right,none,2024-12-04,D,daily,0.37251220486089065,19,0,19,embedding
right_none_daily,right_none,right,none,2024-12-05,D,daily,0.39381726651413174,17,0,17,embedding
right_none_daily,right_none,right,none,2024-12-06,D,daily,0.408611627891436,11,0,11,embedding
right_none_daily,right_none,right,none,2024-12-08,D,daily,0.5643731375324772,19,0,19,embedding
right_none_daily,right_none,right,none,2024-12-09,D,daily,0.3813105558106539,5,0,5,embedding
right_none_daily,right_none,right,none,2024-12-10,D,daily,0.3179408942311057,16,0,16,embedding
right_none_daily,right_none,right,none,2024-12-11,D,daily,0.43906900626730205,11,0,11,embedding
right_none_daily,right_none,right,none,2024-12-13,D,daily,0.49330372832593916,13,0,13,embedding
right_none_daily,right_none,right,none,2024-12-14,D,daily,0.5667235114416345,9,0,9,embedding
right_none_daily,right_none,right,none,2024-12-15,D,daily,0.36647738502155425,17,0,17,embedding
right_none_daily,right_none,right,none,2024-12-16,D,daily,0.3550772176749364,13,0,13,embedding
right_none_daily,right_none,right,none,2024-12-17,D,daily,0.3704549767360008,18,0,18,embedding
right_none_daily,right_none,right,none,2024-12-18,D,daily,0.4110658576536632,20,0,20,embedding
right_none_daily,right_none,right,none,2024-12-19,D,daily,0.3637324826210864,16,0,16,embedding
right_none_daily,right_none,right,none,2024-12-20,D,daily,0.3467013857352481,13,0,13,embedding
right_none_daily,right_none,right,none,2024-12-21,D,daily,0.44326883797649363,10,0,10,embedding
right_none_daily,right_none,right,none,2024-12-22,D,daily,0.4145589448394744,6,0,6,embedding
right_none_daily,right_none,right,none,2024-12-23,D,daily,0.4251784685384208,8,0,8,embedding
right_none_daily,right_none,right,none,2024-12-24,D,daily,0.4360264782171923,8,0,8,embedding
right_none_daily,right_none,right,none,2024-12-25,D,daily,0.3674264368524712,7,0,7,embedding
right_none_daily,right_none,right,none,2024-12-26,D,daily,0.37010090716652666,14,0,14,embedding
right_none_daily,right_none,right,none,2024-12-27,D,daily,0.3142562083370237,13,0,13,embedding
right_none_daily,right_none,right,none,2024-12-28,D,daily,0.25264185605355327,10,0,10,embedding
right_none_daily,right_none,right,none,2024-12-29,D,daily,0.5539244833695707,8,0,8,embedding
right_none_daily,right_none,right,none,2024-12-30,D,daily,0.7207838275670071,14,0,14,embedding
right_none_daily,right_none,right,none,2024-12-31,D,daily,0.49488806888396386,45,0,45,embedding
right_none_daily,right_none,right,none,2025-01-01,D,daily,0.3112856029752986,16,0,16,embedding
right_none_daily,right_none,right,none,2025-01-02,D,daily,0.40126941375810043,13,0,13,embedding
right_none_daily,right_none,right,none,2025-01-03,D,daily,0.5359619933868083,15,0,15,embedding
right_none_daily,right_none,right,none,2025-01-04,D,daily,0.6424382653861225,5,0,5,embedding
right_none_daily,right_none,right,none,2025-01-05,D,daily,0.395716625811803,18,0,18,embedding
right_none_daily,right_none,right,none,2025-01-06,D,daily,0.477823084293038,16,0,16,embedding
right_none_daily,right_none,right,none,2025-01-07,D,daily,0.2543848444987984,8,0,8,embedding
right_none_daily,right_none,right,none,2025-01-08,D,daily,0.2073439062792548,20,0,20,embedding
right_none_daily,right_none,right,none,2025-01-09,D,daily,0.294114345430617,14,0,14,embedding
right_none_daily,right_none,right,none,2025-01-11,D,daily,0.2412032489358802,17,0,17,embedding
right_none_daily,right_none,right,none,2025-01-12,D,daily,0.24935308357425456,5,0,5,embedding
right_none_daily,right_none,right,none,2025-01-14,D,daily,0.3512508981032658,17,0,17,embedding
right_none_daily,right_none,right,none,2025-01-15,D,daily,0.4794121517534343,21,0,21,embedding
right_none_daily,right_none,right,none,2025-01-16,D,daily,0.5215917100839151,11,0,11,embedding
right_none_daily,right_none,right,none,2025-01-17,D,daily,0.5476169255340592,19,0,19,embedding
right_none_daily,right_none,right,none,2025-01-19,D,daily,0.5849227043912548,13,0,13,embedding
right_none_daily,right_none,right,none,2025-01-20,D,daily,0.4349865832145946,20,0,20,embedding
right_none_daily,right_none,right,none,2025-01-21,D,daily,0.38245927065891905,18,0,18,embedding
right_none_daily,right_none,right,none,2025-01-22,D,daily,0.48984555875994906,19,0,19,embedding
right_none_daily,right_none,right,none,2025-01-23,D,daily,0.48032215304426573,19,0,19,embedding
right_none_daily,right_none,right,none,2025-01-24,D,daily,0.24230008440107342,15,0,15,embedding
right_none_daily,right_none,right,none,2025-01-25,D,daily,0.3096230961391586,11,0,11,embedding
right_none_daily,right_none,right,none,2025-01-26,D,daily,0.4238791987323244,15,0,15,embedding
right_none_daily,right_none,right,none,2025-01-27,D,daily,0.407155002904261,8,0,8,embedding
right_none_daily,right_none,right,none,2025-01-28,D,daily,0.42728270498144005,17,0,17,embedding
right_none_daily,right_none,right,none,2025-01-29,D,daily,0.2296807782227951,20,0,20,embedding
right_none_daily,right_none,right,none,2025-01-30,D,daily,0.46487016991488583,21,0,21,embedding
right_none_daily,right_none,right,none,2025-01-31,D,daily,0.3512573286234495,29,0,29,embedding
right_none_daily,right_none,right,none,2025-02-01,D,daily,0.4517210491648458,30,0,30,embedding
right_none_daily,right_none,right,none,2025-02-02,D,daily,0.5771153756718466,14,0,14,embedding
right_none_daily,right_none,right,none,2025-02-03,D,daily,0.419973530955547,20,0,20,embedding
right_none_daily,right_none,right,none,2025-02-04,D,daily,0.42348763999240324,21,0,21,embedding
right_none_daily,right_none,right,none,2025-02-05,D,daily,0.34807021282802575,20,0,20,embedding
right_none_daily,right_none,right,none,2025-02-06,D,daily,0.2189671442727329,20,0,20,embedding
right_none_daily,right_none,right,none,2025-02-07,D,daily,0.2347368769612037,15,0,15,embedding
right_none_daily,right_none,right,none,2025-02-08,D,daily,0.25062937091309145,9,0,9,embedding
right_none_daily,right_none,right,none,2025-02-09,D,daily,0.2645514186632656,15,0,15,embedding
right_none_daily,right_none,right,none,2025-02-10,D,daily,0.4694373464074346,10,0,10,embedding
right_none_daily,right_none,right,none,2025-02-12,D,daily,0.42450468504763383,17,0,17,embedding
right_none_daily,right_none,right,none,2025-02-13,D,daily,0.3506884220171649,10,0,10,embedding
right_none_daily,right_none,right,none,2025-02-14,D,daily,0.4215430475672767,17,0,17,embedding
right_none_daily,right_none,right,none,2025-02-16,D,daily,0.43774280280620137,20,0,20,embedding
right_none_daily,right_none,right,none,2025-02-17,D,daily,0.35209853806353597,8,0,8,embedding
right_none_daily,right_none,right,none,2025-02-18,D,daily,0.36378592341551974,20,0,20,embedding
right_none_daily,right_none,right,none,2025-02-19,D,daily,0.3488321915208632,24,0,24,embedding
