time_window,n_articles,left_articles,right_articles,labels,first_date,last_date,stream_source,stream_group,time_window_code,time_window_name,stream_family,sampling
2024-02-06,6,6,0,0,2024-02-06 02:45:00,2024-02-06 21:30:00,left_none,left_none_daily,D,daily,left,none
2024-02-08,7,7,0,0,2024-02-08 12:00:00,2024-02-08 21:15:00,left_none,left_none_daily,D,daily,left,none
2024-02-13,5,5,0,0,2024-02-13 11:30:00,2024-02-13 17:15:00,left_none,left_none_daily,D,daily,left,none
2024-02-16,6,6,0,0,2024-02-16 12:00:00,2024-02-16 21:45:00,left_none,left_none_daily,D,daily,left,none
2024-02-28,5,5,0,0,2024-02-28 11:30:00,2024-02-28 18:30:00,left_none,left_none_daily,D,daily,left,none
2024-03-11,5,5,0,0,2024-03-11 14:45:00,2024-03-11 15:15:00,left_none,left_none_daily,D,daily,left,none
2024-03-13,6,6,0,0,2024-03-13 09:30:00,2024-03-13 14:45:00,left_none,left_none_daily,D,daily,left,none
2024-04-01,5,5,0,0,2024-04-01 04:15:00,2024-04-01 23:30:00,left_none,left_none_daily,D,daily,left,none
2024-04-04,5,5,0,0,2024-04-04 16:15:00,2024-04-04 21:45:00,left_none,left_none_daily,D,daily,left,none
2024-04-10,6,6,0,0,2024-04-10 00:30:00,2024-04-10 19:00:00,left_none,left_none_daily,D,daily,left,none
2024-04-11,6,6,0,0,2024-04-11 13:45:00,2024-04-11 23:30:00,left_none,left_none_daily,D,daily,left,none
2024-04-15,6,6,0,0,2024-04-15 10:45:00,2024-04-15 23:15:00,left_none,left_none_daily,D,daily,left,none
2024-04-24,6,6,0,0,2024-04-24 14:45:00,2024-04-24 19:45:00,left_none,left_none_daily,D,daily,left,none
2024-04-30,6,6,0,0,2024-04-30 16:00:00,2024-04-30 21:00:00,left_none,left_none_daily,D,daily,left,none
2024-05-03,6,6,0,0,2024-05-03 08:00:00,2024-05-03 21:30:00,left_none,left_none_daily,D,daily,left,none
2024-05-10,5,5,0,0,2024-05-10 00:15:00,2024-05-10 19:30:00,left_none,left_none_daily,D,daily,left,none
2024-05-16,5,5,0,0,2024-05-16 01:00:00,2024-05-16 23:15:00,left_none,left_none_daily,D,daily,left,none
2024-06-04,6,6,0,0,2024-06-04 12:00:00,2024-06-04 20:15:00,left_none,left_none_daily,D,daily,left,none
2024-06-13,6,6,0,0,2024-06-13 07:30:00,2024-06-13 21:15:00,left_none,left_none_daily,D,daily,left,none
2024-06-28,7,7,0,0,2024-06-28 01:00:00,2024-06-28 20:15:00,left_none,left_none_daily,D,daily,left,none
2024-07-02,7,7,0,0,2024-07-02 01:00:00,2024-07-02 18:15:00,left_none,left_none_daily,D,daily,left,none
2024-07-08,5,5,0,0,2024-07-08 09:30:00,2024-07-08 18:45:00,left_none,left_none_daily,D,daily,left,none
2024-07-16,6,6,0,0,2024-07-16 15:45:00,2024-07-16 21:00:00,left_none,left_none_daily,D,daily,left,none
2024-07-17,5,5,0,0,2024-07-17 13:45:00,2024-07-17 18:30:00,left_none,left_none_daily,D,daily,left,none
2024-07-18,8,8,0,0,2024-07-18 10:45:00,2024-07-18 21:30:00,left_none,left_none_daily,D,daily,left,none
2024-07-23,5,5,0,0,2024-07-23 11:30:00,2024-07-23 20:45:00,left_none,left_none_daily,D,daily,left,none
2024-08-01,6,6,0,0,2024-08-01 16:00:00,2024-08-01 20:00:00,left_none,left_none_daily,D,daily,left,none
2024-08-02,7,7,0,0,2024-08-02 15:00:00,2024-08-02 20:45:00,left_none,left_none_daily,D,daily,left,none
2024-08-07,5,5,0,0,2024-08-07 12:30:00,2024-08-07 20:30:00,left_none,left_none_daily,D,daily,left,none
2024-08-14,5,5,0,0,2024-08-14 16:00:00,2024-08-14 16:30:00,left_none,left_none_daily,D,daily,left,none
2024-08-21,9,9,0,0,2024-08-21 15:30:00,2024-08-21 23:00:00,left_none,left_none_daily,D,daily,left,none
2024-08-22,7,7,0,0,2024-08-22 01:15:00,2024-08-22 22:15:00,left_none,left_none_daily,D,daily,left,none
2024-08-27,9,9,0,0,2024-08-27 15:00:00,2024-08-27 16:45:00,left_none,left_none_daily,D,daily,left,none
2024-09-04,6,6,0,0,2024-09-04 15:45:00,2024-09-04 20:45:00,left_none,left_none_daily,D,daily,left,none
2024-09-06,5,5,0,0,2024-09-06 12:00:00,2024-09-06 16:15:00,left_none,left_none_daily,D,daily,left,none
2024-09-10,5,5,0,0,2024-09-10 14:45:00,2024-09-10 19:45:00,left_none,left_none_daily,D,daily,left,none
2024-09-13,5,5,0,0,2024-09-13 10:45:00,2024-09-13 21:00:00,left_none,left_none_daily,D,daily,left,none
2024-09-20,5,5,0,0,2024-09-20 10:45:00,2024-09-20 22:15:00,left_none,left_none_daily,D,daily,left,none
2024-09-23,5,5,0,0,2024-09-23 12:45:00,2024-09-23 19:45:00,left_none,left_none_daily,D,daily,left,none
2024-09-25,11,11,0,0,2024-09-25 10:00:00,2024-09-25 23:00:00,left_none,left_none_daily,D,daily,left,none
2024-09-27,7,7,0,0,2024-09-27 11:30:00,2024-09-27 22:30:00,left_none,left_none_daily,D,daily,left,none
2024-10-07,5,5,0,0,2024-10-07 10:15:00,2024-10-07 21:30:00,left_none,left_none_daily,D,daily,left,none
2024-10-10,5,5,0,0,2024-10-10 11:15:00,2024-10-10 22:00:00,left_none,left_none_daily,D,daily,left,none
2024-10-21,10,10,0,0,2024-10-21 14:30:00,2024-10-21 21:45:00,left_none,left_none_daily,D,daily,left,none
2024-10-24,5,5,0,0,2024-10-24 13:00:00,2024-10-24 13:00:00,left_none,left_none_daily,D,daily,left,none
2024-10-25,5,5,0,0,2024-10-25 14:30:00,2024-10-25 22:45:00,left_none,left_none_daily,D,daily,left,none
2024-11-01,8,8,0,0,2024-11-01 11:15:00,2024-11-01 23:45:00,left_none,left_none_daily,D,daily,left,none
2024-11-05,5,5,0,0,2024-11-05 02:45:00,2024-11-05 22:15:00,left_none,left_none_daily,D,daily,left,none
2024-11-11,6,6,0,0,2024-11-11 15:45:00,2024-11-11 17:30:00,left_none,left_none_daily,D,daily,left,none
2024-11-13,5,5,0,0,2024-11-13 15:15:00,2024-11-13 19:45:00,left_none,left_none_daily,D,daily,left,none
2024-11-15,7,7,0,0,2024-11-15 17:30:00,2024-11-15 17:30:00,left_none,left_none_daily,D,daily,left,none
2024-11-25,7,7,0,0,2024-11-25 13:15:00,2024-11-25 17:30:00,left_none,left_none_daily,D,daily,left,none
2024-12-03,5,5,0,0,2024-12-03 15:30:00,2024-12-03 19:45:00,left_none,left_none_daily,D,daily,left,none
2024-12-09,5,5,0,0,2024-12-09 15:30:00,2024-12-09 17:45:00,left_none,left_none_daily,D,daily,left,none
2024-12-17,6,6,0,0,2024-12-17 14:30:00,2024-12-17 18:45:00,left_none,left_none_daily,D,daily,left,none
2024-12-18,8,8,0,0,2024-12-18 12:15:00,2024-12-18 17:45:00,left_none,left_none_daily,D,daily,left,none
2025-01-06,5,5,0,0,2025-01-06 18:30:00,2025-01-06 23:45:00,left_none,left_none_daily,D,daily,left,none
2025-01-09,6,6,0,0,2025-01-09 17:45:00,2025-01-09 18:00:00,left_none,left_none_daily,D,daily,left,none
2025-01-13,5,5,0,0,2025-01-13 12:45:00,2025-01-13 16:15:00,left_none,left_none_daily,D,daily,left,none
2025-01-16,5,5,0,0,2025-01-16 00:00:00,2025-01-16 23:30:00,left_none,left_none_daily,D,daily,left,none
2025-01-20,7,7,0,0,2025-01-20 14:30:00,2025-01-20 23:45:00,left_none,left_none_daily,D,daily,left,none
2025-01-23,7,7,0,0,2025-01-23 13:30:00,2025-01-23 23:30:00,left_none,left_none_daily,D,daily,left,none
2025-01-24,5,5,0,0,2025-01-24 03:15:00,2025-01-24 23:30:00,left_none,left_none_daily,D,daily,left,none
2025-01-30,5,5,0,0,2025-01-30 12:15:00,2025-01-30 19:30:00,left_none,left_none_daily,D,daily,left,none
2025-02-03,6,6,0,0,2025-02-03 09:00:00,2025-02-03 20:30:00,left_none,left_none_daily,D,daily,left,none
2025-02-04,5,5,0,0,2025-02-04 20:15:00,2025-02-04 23:45:00,left_none,left_none_daily,D,daily,left,none
2025-02-06,7,7,0,0,2025-02-06 14:00:00,2025-02-06 20:45:00,left_none,left_none_daily,D,daily,left,none
2025-02-07,5,5,0,0,2025-02-07 13:30:00,2025-02-07 23:00:00,left_none,left_none_daily,D,daily,left,none
2025-02-13,5,5,0,0,2025-02-13 14:45:00,2025-02-13 14:45:00,left_none,left_none_daily,D,daily,left,none
2025-02-19,5,5,0,0,2025-02-19 17:30:00,2025-02-19 22:15:00,left_none,left_none_daily,D,daily,left,none
2024-02-06,10,6,4,"0,1",2024-02-06 02:45:00,2024-02-06 22:30:00,mixed_global_undersampled,mixed_global_undersampled_daily,D,daily,mixed,global_undersampled
2024-02-08,9,7,2,"0,1",2024-02-08 12:00:00,2024-02-08 22:15:00,mixed_global_undersampled,mixed_global_undersampled_daily,D,daily,mixed,global_undersampled
2024-02-11,6,1,5,"0,1",2024-02-11 17:30:00,2024-02-11 23:45:00,mixed_global_undersampled,mixed_global_undersampled_daily,D,daily,mixed,global_undersampled
2024-02-12,8,2,6,"0,1",2024-02-12 00:30:00,2024-02-12 23:15:00,mixed_global_undersampled,mixed_global_undersampled_daily,D,daily,mixed,global_undersampled
2024-02-13,5,5,0,0,2024-02-13 11:30:00,2024-02-13 17:15:00,mixed_global_undersampled,mixed_global_undersampled_daily,D,daily,mixed,global_undersampled
2024-02-15,6,4,2,"0,1",2024-02-15 00:30:00,2024-02-15 21:45:00,mixed_global_undersampled,mixed_global_undersampled_daily,D,daily,mixed,global_undersampled
2024-02-16,9,6,3,"0,1",2024-02-16 12:00:00,2024-02-16 23:15:00,mixed_global_undersampled,mixed_global_undersampled_daily,D,daily,mixed,global_undersampled
2024-02-17,6,3,3,"0,1",2024-02-17 00:45:00,2024-02-17 22:00:00,mixed_global_undersampled,mixed_global_undersampled_daily,D,daily,mixed,global_undersampled
2024-02-18,5,0,5,1,2024-02-18 02:00:00,2024-02-18 22:45:00,mixed_global_undersampled,mixed_global_undersampled_daily,D,daily,mixed,global_undersampled
2024-02-20,6,3,3,"0,1",2024-02-20 11:45:00,2024-02-20 23:45:00,mixed_global_undersampled,mixed_global_undersampled_daily,D,daily,mixed,global_undersampled
2024-02-22,5,2,3,"0,1",2024-02-22 12:00:00,2024-02-22 21:15:00,mixed_global_undersampled,mixed_global_undersampled_daily,D,daily,mixed,global_undersampled
2024-02-23,7,3,4,"0,1",2024-02-23 04:00:00,2024-02-23 22:30:00,mixed_global_undersampled,mixed_global_undersampled_daily,D,daily,mixed,global_undersampled
2024-02-25,8,3,5,"0,1",2024-02-25 03:45:00,2024-02-25 23:15:00,mixed_global_undersampled,mixed_global_undersampled_daily,D,daily,mixed,global_undersampled
2024-02-27,5,4,1,"0,1",2024-02-27 04:00:00,2024-02-27 23:15:00,mixed_global_undersampled,mixed_global_undersampled_daily,D,daily,mixed,global_undersampled
2024-02-28,12,5,7,"0,1",2024-02-28 00:00:00,2024-02-28 23:00:00,mixed_global_undersampled,mixed_global_undersampled_daily,D,daily,mixed,global_undersampled
2024-02-29,7,3,4,"0,1",2024-02-29 13:45:00,2024-02-29 23:45:00,mixed_global_undersampled,mixed_global_undersampled_daily,D,daily,mixed,global_undersampled
2024-03-01,11,3,8,"0,1",2024-03-01 01:45:00,2024-03-01 23:45:00,mixed_global_undersampled,mixed_global_undersampled_daily,D,daily,mixed,global_undersampled
2024-03-03,7,3,4,"0,1",2024-03-03 00:30:00,2024-03-03 22:00:00,mixed_global_undersampled,mixed_global_undersampled_daily,D,daily,mixed,global_undersampled
2024-03-04,10,4,6,"0,1",2024-03-04 03:45:00,2024-03-04 23:30:00,mixed_global_undersampled,mixed_global_undersampled_daily,D,daily,mixed,global_undersampled
2024-03-06,7,4,3,"0,1",2024-03-06 00:45:00,2024-03-06 22:15:00,mixed_global_undersampled,mixed_global_undersampled_daily,D,daily,mixed,global_undersampled
2024-03-07,5,3,2,"0,1",2024-03-07 19:00:00,2024-03-07 22:15:00,mixed_global_undersampled,mixed_global_undersampled_daily,D,daily,mixed,global_undersampled
2024-03-10,5,1,4,"0,1",2024-03-10 16:15:00,2024-03-10 21:00:00,mixed_global_undersampled,mixed_global_undersampled_daily,D,daily,mixed,global_undersampled
2024-03-11,7,5,2,"0,1",2024-03-11 03:45:00,2024-03-11 20:15:00,mixed_global_undersampled,mixed_global_undersampled_daily,D,daily,mixed,global_undersampled
2024-03-13,10,6,4,"0,1",2024-03-13 09:30:00,2024-03-13 21:00:00,mixed_global_undersampled,mixed_global_undersampled_daily,D,daily,mixed,global_undersampled
2024-03-17,8,3,5,"0,1",2024-03-17 15:15:00,2024-03-17 22:15:00,mixed_global_undersampled,mixed_global_undersampled_daily,D,daily,mixed,global_undersampled
2024-03-20,7,3,4,"0,1",2024-03-20 02:45:00,2024-03-20 22:00:00,mixed_global_undersampled,mixed_global_undersampled_daily,D,daily,mixed,global_undersampled
2024-03-26,5,1,4,"0,1",2024-03-26 14:00:00,2024-03-26 22:00:00,mixed_global_undersampled,mixed_global_undersampled_daily,D,daily,mixed,global_undersampled
2024-03-27,5,2,3,"0,1",2024-03-27 10:30:00,2024-03-27 19:30:00,mixed_global_undersampled,mixed_global_undersampled_daily,D,daily,mixed,global_undersampled
2024-03-29,11,4,7,"0,1",2024-03-29 01:45:00,2024-03-29 18:45:00,mixed_global_undersampled,mixed_global_undersampled_daily,D,daily,mixed,global_undersampled
2024-03-30,5,0,5,1,2024-03-30 00:15:00,2024-03-30 21:45:00,mixed_global_undersampled,mixed_global_undersampled_daily,D,daily,mixed,global_undersampled
2024-04-01,12,5,7,"0,1",2024-04-01 04:15:00,2024-04-01 23:30:00,mixed_global_undersampled,mixed_global_undersampled_daily,D,daily,mixed,global_undersampled
2024-04-02,5,3,2,"0,1",2024-04-02 00:00:00,2024-04-02 17:00:00,mixed_global_undersampled,mixed_global_undersampled_daily,D,daily,mixed,global_undersampled
2024-04-04,9,5,4,"0,1",2024-04-04 14:15:00,2024-04-04 21:45:00,mixed_global_undersampled,mixed_global_undersampled_daily,D,daily,mixed,global_undersampled
2024-04-05,8,4,4,"0,1",2024-04-05 11:00:00,2024-04-05 22:30:00,mixed_global_undersampled,mixed_global_undersampled_daily,D,daily,mixed,global_undersampled
2024-04-08,6,4,2,"0,1",2024-04-08 11:00:00,2024-04-08 20:00:00,mixed_global_undersampled,mixed_global_undersampled_daily,D,daily,mixed,global_undersampled
2024-04-10,9,6,3,"0,1",2024-04-10 00:30:00,2024-04-10 22:15:00,mixed_global_undersampled,mixed_global_undersampled_daily,D,daily,mixed,global_undersampled
2024-04-11,6,6,0,0,2024-04-11 13:45:00,2024-04-11 23:30:00,mixed_global_undersampled,mixed_global_undersampled_daily,D,daily,mixed,global_undersampled
2024-04-15,6,6,0,0,2024-04-15 10:45:00,2024-04-15 23:15:00,mixed_global_undersampled,mixed_global_undersampled_daily,D,daily,mixed,global_undersampled
2024-04-16,6,3,3,"0,1",2024-04-16 08:00:00,2024-04-16 20:30:00,mixed_global_undersampled,mixed_global_undersampled_daily,D,daily,mixed,global_undersampled
2024-04-17,5,3,2,"0,1",2024-04-17 02:30:00,2024-04-17 20:30:00,mixed_global_undersampled,mixed_global_undersampled_daily,D,daily,mixed,global_undersampled
2024-04-24,11,6,5,"0,1",2024-04-24 14:45:00,2024-04-24 22:30:00,mixed_global_undersampled,mixed_global_undersampled_daily,D,daily,mixed,global_undersampled
2024-04-25,9,3,6,"0,1",2024-04-25 03:00:00,2024-04-25 18:30:00,mixed_global_undersampled,mixed_global_undersampled_daily,D,daily,mixed,global_undersampled
2024-04-26,6,2,4,"0,1",2024-04-26 00:00:00,2024-04-26 19:15:00,mixed_global_undersampled,mixed_global_undersampled_daily,D,daily,mixed,global_undersampled
2024-04-29,10,1,9,"0,1",2024-04-29 15:45:00,2024-04-29 23:30:00,mixed_global_undersampled,mixed_global_undersampled_daily,D,daily,mixed,global_undersampled
2024-04-30,15,6,9,"0,1",2024-04-30 02:15:00,2024-04-30 23:30:00,mixed_global_undersampled,mixed_global_undersampled_daily,D,daily,mixed,global_undersampled
2024-05-01,8,3,5,"0,1",2024-05-01 01:30:00,2024-05-01 23:00:00,mixed_global_undersampled,mixed_global_undersampled_daily,D,daily,mixed,global_undersampled
2024-05-02,6,3,3,"0,1",2024-05-02 12:45:00,2024-05-02 22:30:00,mixed_global_undersampled,mixed_global_undersampled_daily,D,daily,mixed,global_undersampled
2024-05-03,7,6,1,"0,1",2024-05-03 08:00:00,2024-05-03 21:30:00,mixed_global_undersampled,mixed_global_undersampled_daily,D,daily,mixed,global_undersampled
2024-05-05,6,1,5,"0,1",2024-05-05 16:30:00,2024-05-05 21:30:00,mixed_global_undersampled,mixed_global_undersampled_daily,D,daily,mixed,global_undersampled
2024-05-07,8,4,4,"0,1",2024-05-07 12:00:00,2024-05-07 19:45:00,mixed_global_undersampled,mixed_global_undersampled_daily,D,daily,mixed,global_undersampled
2024-05-08,5,4,1,"0,1",2024-05-08 01:15:00,2024-05-08 19:15:00,mixed_global_undersampled,mixed_global_undersampled_daily,D,daily,mixed,global_undersampled
2024-05-09,5,1,4,"0,1",2024-05-09 11:15:00,2024-05-09 21:00:00,mixed_global_undersampled,mixed_global_undersampled_daily,D,daily,mixed,global_undersampled
2024-05-10,5,5,0,0,2024-05-10 00:15:00,2024-05-10 19:30:00,mixed_global_undersampled,mixed_global_undersampled_daily,D,daily,mixed,global_undersampled
2024-05-15,5,2,3,"0,1",2024-05-15 01:00:00,2024-05-15 23:15:00,mixed_global_undersampled,mixed_global_undersampled_daily,D,daily,mixed,global_undersampled
2024-05-16,9,5,4,"0,1",2024-05-16 01:00:00,2024-05-16 23:15:00,mixed_global_undersampled,mixed_global_undersampled_daily,D,daily,mixed,global_undersampled
2024-05-20,8,4,4,"0,1",2024-05-20 15:00:00,2024-05-20 23:45:00,mixed_global_undersampled,mixed_global_undersampled_daily,D,daily,mixed,global_undersampled
2024-05-22,7,1,6,"0,1",2024-05-22 00:30:00,2024-05-22 20:00:00,mixed_global_undersampled,mixed_global_undersampled_daily,D,daily,mixed,global_undersampled
2024-05-26,6,1,5,"0,1",2024-05-26 11:00:00,2024-05-26 17:45:00,mixed_global_undersampled,mixed_global_undersampled_daily,D,daily,mixed,global_undersampled
2024-05-28,9,3,6,"0,1",2024-05-28 02:15:00,2024-05-28 17:00:00,mixed_global_undersampled,mixed_global_undersampled_daily,D,daily,mixed,global_undersampled
2024-05-31,6,3,3,"0,1",2024-05-31 01:15:00,2024-05-31 22:15:00,mixed_global_undersampled,mixed_global_undersampled_daily,D,daily,mixed,global_undersampled
2024-06-01,11,0,11,1,2024-06-01 00:15:00,2024-06-01 22:00:00,mixed_global_undersampled,mixed_global_undersampled_daily,D,daily,mixed,global_undersampled
2024-06-04,8,6,2,"0,1",2024-06-04 12:00:00,2024-06-04 21:30:00,mixed_global_undersampled,mixed_global_undersampled_daily,D,daily,mixed,global_undersampled
2024-06-07,6,4,2,"0,1",2024-06-07 01:00:00,2024-06-07 20:15:00,mixed_global_undersampled,mixed_global_undersampled_daily,D,daily,mixed,global_undersampled
2024-06-09,6,2,4,"0,1",2024-06-09 00:30:00,2024-06-09 23:15:00,mixed_global_undersampled,mixed_global_undersampled_daily,D,daily,mixed,global_undersampled
2024-06-11,10,4,6,"0,1",2024-06-11 01:15:00,2024-06-11 23:30:00,mixed_global_undersampled,mixed_global_undersampled_daily,D,daily,mixed,global_undersampled
2024-06-13,7,6,1,"0,1",2024-06-13 07:30:00,2024-06-13 21:15:00,mixed_global_undersampled,mixed_global_undersampled_daily,D,daily,mixed,global_undersampled
2024-06-14,6,4,2,"0,1",2024-06-14 03:30:00,2024-06-14 21:45:00,mixed_global_undersampled,mixed_global_undersampled_daily,D,daily,mixed,global_undersampled
2024-06-16,6,1,5,"0,1",2024-06-16 15:30:00,2024-06-16 17:30:00,mixed_global_undersampled,mixed_global_undersampled_daily,D,daily,mixed,global_undersampled
2024-06-20,6,2,4,"0,1",2024-06-20 01:30:00,2024-06-20 22:30:00,mixed_global_undersampled,mixed_global_undersampled_daily,D,daily,mixed,global_undersampled
2024-06-24,5,2,3,"0,1",2024-06-24 01:00:00,2024-06-24 20:30:00,mixed_global_undersampled,mixed_global_undersampled_daily,D,daily,mixed,global_undersampled
2024-06-28,10,7,3,"0,1",2024-06-28 01:00:00,2024-06-28 23:30:00,mixed_global_undersampled,mixed_global_undersampled_daily,D,daily,mixed,global_undersampled
2024-07-01,6,1,5,"0,1",2024-07-01 16:15:00,2024-07-01 20:30:00,mixed_global_undersampled,mixed_global_undersampled_daily,D,daily,mixed,global_undersampled
2024-07-02,19,7,12,"0,1",2024-07-02 00:00:00,2024-07-02 21:45:00,mixed_global_undersampled,mixed_global_undersampled_daily,D,daily,mixed,global_undersampled
2024-07-08,6,5,1,"0,1",2024-07-08 00:00:00,2024-07-08 18:45:00,mixed_global_undersampled,mixed_global_undersampled_daily,D,daily,mixed,global_undersampled
2024-07-11,9,4,5,"0,1",2024-07-11 14:15:00,2024-07-11 22:15:00,mixed_global_undersampled,mixed_global_undersampled_daily,D,daily,mixed,global_undersampled
2024-07-14,6,2,4,"0,1",2024-07-14 03:15:00,2024-07-14 23:15:00,mixed_global_undersampled,mixed_global_undersampled_daily,D,daily,mixed,global_undersampled
2024-07-16,6,6,0,0,2024-07-16 15:45:00,2024-07-16 21:00:00,mixed_global_undersampled,mixed_global_undersampled_daily,D,daily,mixed,global_undersampled
2024-07-17,6,5,1,"0,1",2024-07-17 13:45:00,2024-07-17 18:45:00,mixed_global_undersampled,mixed_global_undersampled_daily,D,daily,mixed,global_undersampled
2024-07-18,11,8,3,"0,1",2024-07-18 10:45:00,2024-07-18 21:30:00,mixed_global_undersampled,mixed_global_undersampled_daily,D,daily,mixed,global_undersampled
2024-07-19,5,1,4,"0,1",2024-07-19 04:30:00,2024-07-19 23:45:00,mixed_global_undersampled,mixed_global_undersampled_daily,D,daily,mixed,global_undersampled
2024-07-23,7,5,2,"0,1",2024-07-23 11:30:00,2024-07-23 20:45:00,mixed_global_undersampled,mixed_global_undersampled_daily,D,daily,mixed,global_undersampled
2024-07-25,7,4,3,"0,1",2024-07-25 16:15:00,2024-07-25 21:00:00,mixed_global_undersampled,mixed_global_undersampled_daily,D,daily,mixed,global_undersampled
2024-07-30,5,1,4,"0,1",2024-07-30 00:15:00,2024-07-30 20:15:00,mixed_global_undersampled,mixed_global_undersampled_daily,D,daily,mixed,global_undersampled
2024-07-31,5,0,5,1,2024-07-31 20:15:00,2024-07-31 22:15:00,mixed_global_undersampled,mixed_global_undersampled_daily,D,daily,mixed,global_undersampled
2024-08-01,15,6,9,"0,1",2024-08-01 00:00:00,2024-08-01 20:45:00,mixed_global_undersampled,mixed_global_undersampled_daily,D,daily,mixed,global_undersampled
2024-08-02,10,7,3,"0,1",2024-08-02 00:15:00,2024-08-02 20:45:00,mixed_global_undersampled,mixed_global_undersampled_daily,D,daily,mixed,global_undersampled
2024-08-03,6,1,5,"0,1",2024-08-03 04:15:00,2024-08-03 22:15:00,mixed_global_undersampled,mixed_global_undersampled_daily,D,daily,mixed,global_undersampled
2024-08-06,7,3,4,"0,1",2024-08-06 02:15:00,2024-08-06 18:00:00,mixed_global_undersampled,mixed_global_undersampled_daily,D,daily,mixed,global_undersampled
2024-08-07,7,5,2,"0,1",2024-08-07 01:00:00,2024-08-07 20:30:00,mixed_global_undersampled,mixed_global_undersampled_daily,D,daily,mixed,global_undersampled
2024-08-13,5,3,2,"0,1",2024-08-13 14:15:00,2024-08-13 22:30:00,mixed_global_undersampled,mixed_global_undersampled_daily,D,daily,mixed,global_undersampled
2024-08-14,8,5,3,"0,1",2024-08-14 16:00:00,2024-08-14 21:15:00,mixed_global_undersampled,mixed_global_undersampled_daily,D,daily,mixed,global_undersampled
2024-08-15,8,3,5,"0,1",2024-08-15 00:15:00,2024-08-15 21:30:00,mixed_global_undersampled,mixed_global_undersampled_daily,D,daily,mixed,global_undersampled
2024-08-16,5,4,1,"0,1",2024-08-16 15:30:00,2024-08-16 21:00:00,mixed_global_undersampled,mixed_global_undersampled_daily,D,daily,mixed,global_undersampled
2024-08-17,5,3,2,"0,1",2024-08-17 05:00:00,2024-08-17 16:30:00,mixed_global_undersampled,mixed_global_undersampled_daily,D,daily,mixed,global_undersampled
2024-08-18,5,0,5,1,2024-08-18 02:00:00,2024-08-18 23:45:00,mixed_global_undersampled,mixed_global_undersampled_daily,D,daily,mixed,global_undersampled
2024-08-20,5,2,3,"0,1",2024-08-20 01:00:00,2024-08-20 23:30:00,mixed_global_undersampled,mixed_global_undersampled_daily,D,daily,mixed,global_undersampled
2024-08-21,12,9,3,"0,1",2024-08-21 15:30:00,2024-08-21 23:00:00,mixed_global_undersampled,mixed_global_undersampled_daily,D,daily,mixed,global_undersampled
2024-08-22,9,7,2,"0,1",2024-08-22 01:15:00,2024-08-22 22:15:00,mixed_global_undersampled,mixed_global_undersampled_daily,D,daily,mixed,global_undersampled
2024-08-24,7,4,3,"0,1",2024-08-24 00:15:00,2024-08-24 22:15:00,mixed_global_undersampled,mixed_global_undersampled_daily,D,daily,mixed,global_undersampled
2024-08-27,11,9,2,"0,1",2024-08-27 01:30:00,2024-08-27 16:45:00,mixed_global_undersampled,mixed_global_undersampled_daily,D,daily,mixed,global_undersampled
2024-08-28,6,4,2,"0,1",2024-08-28 00:15:00,2024-08-28 19:45:00,mixed_global_undersampled,mixed_global_undersampled_daily,D,daily,mixed,global_undersampled
2024-08-30,8,0,8,1,2024-08-30 14:45:00,2024-08-30 23:00:00,mixed_global_undersampled,mixed_global_undersampled_daily,D,daily,mixed,global_undersampled
2024-09-02,7,4,3,"0,1",2024-09-02 00:30:00,2024-09-02 22:45:00,mixed_global_undersampled,mixed_global_undersampled_daily,D,daily,mixed,global_undersampled
2024-09-04,10,6,4,"0,1",2024-09-04 01:45:00,2024-09-04 21:00:00,mixed_global_undersampled,mixed_global_undersampled_daily,D,daily,mixed,global_undersampled
2024-09-05,5,3,2,"0,1",2024-09-05 00:15:00,2024-09-05 19:30:00,mixed_global_undersampled,mixed_global_undersampled_daily,D,daily,mixed,global_undersampled
2024-09-06,6,5,1,"0,1",2024-09-06 12:00:00,2024-09-06 23:45:00,mixed_global_undersampled,mixed_global_undersampled_daily,D,daily,mixed,global_undersampled
2024-09-09,6,2,4,"0,1",2024-09-09 05:30:00,2024-09-09 23:00:00,mixed_global_undersampled,mixed_global_undersampled_daily,D,daily,mixed,global_undersampled
2024-09-10,8,5,3,"0,1",2024-09-10 02:30:00,2024-09-10 19:45:00,mixed_global_undersampled,mixed_global_undersampled_daily,D,daily,mixed,global_undersampled
2024-09-12,6,4,2,"0,1",2024-09-12 00:45:00,2024-09-12 17:30:00,mixed_global_undersampled,mixed_global_undersampled_daily,D,daily,mixed,global_undersampled
2024-09-13,7,5,2,"0,1",2024-09-13 10:45:00,2024-09-13 23:15:00,mixed_global_undersampled,mixed_global_undersampled_daily,D,daily,mixed,global_undersampled
2024-09-16,6,3,3,"0,1",2024-09-16 10:45:00,2024-09-16 17:45:00,mixed_global_undersampled,mixed_global_undersampled_daily,D,daily,mixed,global_undersampled
2024-09-17,8,2,6,"0,1",2024-09-17 01:45:00,2024-09-17 22:00:00,mixed_global_undersampled,mixed_global_undersampled_daily,D,daily,mixed,global_undersampled
2024-09-20,7,5,2,"0,1",2024-09-20 10:45:00,2024-09-20 22:15:00,mixed_global_undersampled,mixed_global_undersampled_daily,D,daily,mixed,global_undersampled
2024-09-23,7,5,2,"0,1",2024-09-23 12:45:00,2024-09-23 19:45:00,mixed_global_undersampled,mixed_global_undersampled_daily,D,daily,mixed,global_undersampled
2024-09-24,5,2,3,"0,1",2024-09-24 19:15:00,2024-09-24 21:15:00,mixed_global_undersampled,mixed_global_undersampled_daily,D,daily,mixed,global_undersampled
2024-09-25,14,11,3,"0,1",2024-09-25 00:00:00,2024-09-25 23:00:00,mixed_global_undersampled,mixed_global_undersampled_daily,D,daily,mixed,global_undersampled
2024-09-27,10,7,3,"0,1",2024-09-27 03:30:00,2024-09-27 22:30:00,mixed_global_undersampled,mixed_global_undersampled_daily,D,daily,mixed,global_undersampled
2024-09-30,6,2,4,"0,1",2024-09-30 00:15:00,2024-09-30 23:15:00,mixed_global_undersampled,mixed_global_undersampled_daily,D,daily,mixed,global_undersampled
2024-10-01,6,1,5,"0,1",2024-10-01 01:45:00,2024-10-01 21:45:00,mixed_global_undersampled,mixed_global_undersampled_daily,D,daily,mixed,global_undersampled
2024-10-03,7,2,5,"0,1",2024-10-03 11:30:00,2024-10-03 23:30:00,mixed_global_undersampled,mixed_global_undersampled_daily,D,daily,mixed,global_undersampled
2024-10-04,6,3,3,"0,1",2024-10-04 00:45:00,2024-10-04 20:30:00,mixed_global_undersampled,mixed_global_undersampled_daily,D,daily,mixed,global_undersampled
2024-10-07,7,5,2,"0,1",2024-10-07 00:45:00,2024-10-07 21:30:00,mixed_global_undersampled,mixed_global_undersampled_daily,D,daily,mixed,global_undersampled
2024-10-10,7,5,2,"0,1",2024-10-10 11:15:00,2024-10-10 22:00:00,mixed_global_undersampled,mixed_global_undersampled_daily,D,daily,mixed,global_undersampled
2024-10-11,8,4,4,"0,1",2024-10-11 00:00:00,2024-10-11 18:45:00,mixed_global_undersampled,mixed_global_undersampled_daily,D,daily,mixed,global_undersampled
2024-10-13,5,1,4,"0,1",2024-10-13 16:15:00,2024-10-13 22:00:00,mixed_global_undersampled,mixed_global_undersampled_daily,D,daily,mixed,global_undersampled
2024-10-14,5,2,3,"0,1",2024-10-14 13:30:00,2024-10-14 22:45:00,mixed_global_undersampled,mixed_global_undersampled_daily,D,daily,mixed,global_undersampled
2024-10-18,5,3,2,"0,1",2024-10-18 01:30:00,2024-10-18 23:15:00,mixed_global_undersampled,mixed_global_undersampled_daily,D,daily,mixed,global_undersampled
2024-10-20,5,2,3,"0,1",2024-10-20 10:30:00,2024-10-20 22:45:00,mixed_global_undersampled,mixed_global_undersampled_daily,D,daily,mixed,global_undersampled
2024-10-21,11,10,1,"0,1",2024-10-21 00:00:00,2024-10-21 21:45:00,mixed_global_undersampled,mixed_global_undersampled_daily,D,daily,mixed,global_undersampled
2024-10-24,10,5,5,"0,1",2024-10-24 02:30:00,2024-10-24 21:45:00,mixed_global_undersampled,mixed_global_undersampled_daily,D,daily,mixed,global_undersampled
2024-10-25,10,5,5,"0,1",2024-10-25 00:15:00,2024-10-25 23:30:00,mixed_global_undersampled,mixed_global_undersampled_daily,D,daily,mixed,global_undersampled
2024-10-27,11,3,8,"0,1",2024-10-27 01:15:00,2024-10-27 21:00:00,mixed_global_undersampled,mixed_global_undersampled_daily,D,daily,mixed,global_undersampled
2024-10-31,5,2,3,"0,1",2024-10-31 14:00:00,2024-10-31 18:30:00,mixed_global_undersampled,mixed_global_undersampled_daily,D,daily,mixed,global_undersampled
2024-11-01,17,8,9,"0,1",2024-11-01 01:15:00,2024-11-01 23:45:00,mixed_global_undersampled,mixed_global_undersampled_daily,D,daily,mixed,global_undersampled
2024-11-03,5,3,2,"0,1",2024-11-03 17:15:00,2024-11-03 23:00:00,mixed_global_undersampled,mixed_global_undersampled_daily,D,daily,mixed,global_undersampled
2024-11-05,9,5,4,"0,1",2024-11-05 01:15:00,2024-11-05 22:30:00,mixed_global_undersampled,mixed_global_undersampled_daily,D,daily,mixed,global_undersampled
2024-11-11,6,6,0,0,2024-11-11 15:45:00,2024-11-11 17:30:00,mixed_global_undersampled,mixed_global_undersampled_daily,D,daily,mixed,global_undersampled
2024-11-13,5,5,0,0,2024-11-13 15:15:00,2024-11-13 19:45:00,mixed_global_undersampled,mixed_global_undersampled_daily,D,daily,mixed,global_undersampled
2024-11-15,11,7,4,"0,1",2024-11-15 03:00:00,2024-11-15 19:45:00,mixed_global_undersampled,mixed_global_undersampled_daily,D,daily,mixed,global_undersampled
2024-11-20,8,3,5,"0,1",2024-11-20 02:45:00,2024-11-20 21:45:00,mixed_global_undersampled,mixed_global_undersampled_daily,D,daily,mixed,global_undersampled
2024-11-21,7,3,4,"0,1",2024-11-21 04:15:00,2024-11-21 22:15:00,mixed_global_undersampled,mixed_global_undersampled_daily,D,daily,mixed,global_undersampled
2024-11-23,6,4,2,"0,1",2024-11-23 01:00:00,2024-11-23 13:30:00,mixed_global_undersampled,mixed_global_undersampled_daily,D,daily,mixed,global_undersampled
2024-11-24,7,2,5,"0,1",2024-11-24 12:00:00,2024-11-24 19:45:00,mixed_global_undersampled,mixed_global_undersampled_daily,D,daily,mixed,global_undersampled
2024-11-25,10,7,3,"0,1",2024-11-25 00:00:00,2024-11-25 19:30:00,mixed_global_undersampled,mixed_global_undersampled_daily,D,daily,mixed,global_undersampled
2024-11-26,7,3,4,"0,1",2024-11-26 03:00:00,2024-11-26 22:15:00,mixed_global_undersampled,mixed_global_undersampled_daily,D,daily,mixed,global_undersampled
2024-11-27,5,4,1,"0,1",2024-11-27 04:45:00,2024-11-27 18:30:00,mixed_global_undersampled,mixed_global_undersampled_daily,D,daily,mixed,global_undersampled
2024-12-01,8,2,6,"0,1",2024-12-01 00:30:00,2024-12-01 22:30:00,mixed_global_undersampled,mixed_global_undersampled_daily,D,daily,mixed,global_undersampled
2024-12-03,11,5,6,"0,1",2024-12-03 00:45:00,2024-12-03 19:45:00,mixed_global_undersampled,mixed_global_undersampled_daily,D,daily,mixed,global_undersampled
2024-12-04,9,4,5,"0,1",2024-12-04 04:30:00,2024-12-04 23:45:00,mixed_global_undersampled,mixed_global_undersampled_daily,D,daily,mixed,global_undersampled
2024-12-09,5,5,0,0,2024-12-09 15:30:00,2024-12-09 17:45:00,mixed_global_undersampled,mixed_global_undersampled_daily,D,daily,mixed,global_undersampled
2024-12-13,6,3,3,"0,1",2024-12-13 04:00:00,2024-12-13 19:15:00,mixed_global_undersampled,mixed_global_undersampled_daily,D,daily,mixed,global_undersampled
2024-12-16,5,3,2,"0,1",2024-12-16 01:30:00,2024-12-16 23:45:00,mixed_global_undersampled,mixed_global_undersampled_daily,D,daily,mixed,global_undersampled
2024-12-17,8,6,2,"0,1",2024-12-17 14:30:00,2024-12-17 23:00:00,mixed_global_undersampled,mixed_global_undersampled_daily,D,daily,mixed,global_undersampled
2024-12-18,12,8,4,"0,1",2024-12-18 12:15:00,2024-12-18 22:45:00,mixed_global_undersampled,mixed_global_undersampled_daily,D,daily,mixed,global_undersampled
2024-12-27,7,4,3,"0,1",2024-12-27 10:30:00,2024-12-27 21:00:00,mixed_global_undersampled,mixed_global_undersampled_daily,D,daily,mixed,global_undersampled
2024-12-31,11,0,11,1,2024-12-31 02:15:00,2024-12-31 20:00:00,mixed_global_undersampled,mixed_global_undersampled_daily,D,daily,mixed,global_undersampled
2025-01-03,5,1,4,"0,1",2025-01-03 14:15:00,2025-01-03 22:45:00,mixed_global_undersampled,mixed_global_undersampled_daily,D,daily,mixed,global_undersampled
2025-01-05,5,1,4,"0,1",2025-01-05 15:00:00,2025-01-05 19:30:00,mixed_global_undersampled,mixed_global_undersampled_daily,D,daily,mixed,global_undersampled
2025-01-06,9,5,4,"0,1",2025-01-06 18:30:00,2025-01-06 23:45:00,mixed_global_undersampled,mixed_global_undersampled_daily,D,daily,mixed,global_undersampled
2025-01-09,9,6,3,"0,1",2025-01-09 01:30:00,2025-01-09 18:00:00,mixed_global_undersampled,mixed_global_undersampled_daily,D,daily,mixed,global_undersampled
2025-01-13,5,5,0,0,2025-01-13 12:45:00,2025-01-13 16:15:00,mixed_global_undersampled,mixed_global_undersampled_daily,D,daily,mixed,global_undersampled
2025-01-16,7,5,2,"0,1",2025-01-16 00:00:00,2025-01-16 23:30:00,mixed_global_undersampled,mixed_global_undersampled_daily,D,daily,mixed,global_undersampled
2025-01-17,5,2,3,"0,1",2025-01-17 03:30:00,2025-01-17 18:15:00,mixed_global_undersampled,mixed_global_undersampled_daily,D,daily,mixed,global_undersampled
2025-01-20,12,7,5,"0,1",2025-01-20 14:30:00,2025-01-20 23:45:00,mixed_global_undersampled,mixed_global_undersampled_daily,D,daily,mixed,global_undersampled
2025-01-21,5,2,3,"0,1",2025-01-21 00:00:00,2025-01-21 18:30:00,mixed_global_undersampled,mixed_global_undersampled_daily,D,daily,mixed,global_undersampled
2025-01-23,10,7,3,"0,1",2025-01-23 05:30:00,2025-01-23 23:30:00,mixed_global_undersampled,mixed_global_undersampled_daily,D,daily,mixed,global_undersampled
2025-01-24,8,5,3,"0,1",2025-01-24 02:45:00,2025-01-24 23:30:00,mixed_global_undersampled,mixed_global_undersampled_daily,D,daily,mixed,global_undersampled
2025-01-28,5,2,3,"0,1",2025-01-28 03:00:00,2025-01-28 19:45:00,mixed_global_undersampled,mixed_global_undersampled_daily,D,daily,mixed,global_undersampled
2025-01-29,8,3,5,"0,1",2025-01-29 02:15:00,2025-01-29 23:30:00,mixed_global_undersampled,mixed_global_undersampled_daily,D,daily,mixed,global_undersampled
2025-01-30,9,5,4,"0,1",2025-01-30 12:15:00,2025-01-30 20:15:00,mixed_global_undersampled,mixed_global_undersampled_daily,D,daily,mixed,global_undersampled
2025-01-31,9,3,6,"0,1",2025-01-31 01:00:00,2025-01-31 19:45:00,mixed_global_undersampled,mixed_global_undersampled_daily,D,daily,mixed,global_undersampled
2025-02-03,10,6,4,"0,1",2025-02-03 00:00:00,2025-02-03 23:15:00,mixed_global_undersampled,mixed_global_undersampled_daily,D,daily,mixed,global_undersampled
2025-02-04,10,5,5,"0,1",2025-02-04 18:45:00,2025-02-04 23:45:00,mixed_global_undersampled,mixed_global_undersampled_daily,D,daily,mixed,global_undersampled
2025-02-05,6,3,3,"0,1",2025-02-05 05:15:00,2025-02-05 22:30:00,mixed_global_undersampled,mixed_global_undersampled_daily,D,daily,mixed,global_undersampled
2025-02-06,11,7,4,"0,1",2025-02-06 14:00:00,2025-02-06 22:00:00,mixed_global_undersampled,mixed_global_undersampled_daily,D,daily,mixed,global_undersampled
2025-02-07,8,5,3,"0,1",2025-02-07 04:00:00,2025-02-07 23:30:00,mixed_global_undersampled,mixed_global_undersampled_daily,D,daily,mixed,global_undersampled
2025-02-09,5,1,4,"0,1",2025-02-09 11:45:00,2025-02-09 23:30:00,mixed_global_undersampled,mixed_global_undersampled_daily,D,daily,mixed,global_undersampled
2025-02-13,6,5,1,"0,1",2025-02-13 03:45:00,2025-02-13 14:45:00,mixed_global_undersampled,mixed_global_undersampled_daily,D,daily,mixed,global_undersampled
2025-02-14,7,4,3,"0,1",2025-02-14 03:15:00,2025-02-14 19:45:00,mixed_global_undersampled,mixed_global_undersampled_daily,D,daily,mixed,global_undersampled
2025-02-19,9,5,4,"0,1",2025-02-19 00:00:00,2025-02-19 23:15:00,mixed_global_undersampled,mixed_global_undersampled_daily,D,daily,mixed,global_undersampled
2024-02-06,6,3,3,"0,1",2024-02-06 02:45:00,2024-02-06 22:30:00,mixed_max3_per_class_day,mixed_max3_per_class_day_daily,D,daily,mixed,max3_per_class_day
2024-02-07,5,2,3,"0,1",2024-02-07 00:00:00,2024-02-07 12:15:00,mixed_max3_per_class_day,mixed_max3_per_class_day_daily,D,daily,mixed,max3_per_class_day
2024-02-08,6,3,3,"0,1",2024-02-08 14:15:00,2024-02-08 23:00:00,mixed_max3_per_class_day,mixed_max3_per_class_day_daily,D,daily,mixed,max3_per_class_day
2024-02-12,5,2,3,"0,1",2024-02-12 19:00:00,2024-02-12 23:15:00,mixed_max3_per_class_day,mixed_max3_per_class_day_daily,D,daily,mixed,max3_per_class_day
2024-02-15,6,3,3,"0,1",2024-02-15 03:45:00,2024-02-15 22:00:00,mixed_max3_per_class_day,mixed_max3_per_class_day_daily,D,daily,mixed,max3_per_class_day
2024-02-16,6,3,3,"0,1",2024-02-16 12:15:00,2024-02-16 21:45:00,mixed_max3_per_class_day,mixed_max3_per_class_day_daily,D,daily,mixed,max3_per_class_day
2024-02-17,6,3,3,"0,1",2024-02-17 02:00:00,2024-02-17 22:00:00,mixed_max3_per_class_day,mixed_max3_per_class_day_daily,D,daily,mixed,max3_per_class_day
2024-02-20,6,3,3,"0,1",2024-02-20 11:45:00,2024-02-20 23:45:00,mixed_max3_per_class_day,mixed_max3_per_class_day_daily,D,daily,mixed,max3_per_class_day
2024-02-22,5,2,3,"0,1",2024-02-22 00:15:00,2024-02-22 19:45:00,mixed_max3_per_class_day,mixed_max3_per_class_day_daily,D,daily,mixed,max3_per_class_day
2024-02-23,6,3,3,"0,1",2024-02-23 13:45:00,2024-02-23 22:30:00,mixed_max3_per_class_day,mixed_max3_per_class_day_daily,D,daily,mixed,max3_per_class_day
2024-02-25,6,3,3,"0,1",2024-02-25 18:45:00,2024-02-25 23:15:00,mixed_max3_per_class_day,mixed_max3_per_class_day_daily,D,daily,mixed,max3_per_class_day
2024-02-26,5,2,3,"0,1",2024-02-26 13:45:00,2024-02-26 21:30:00,mixed_max3_per_class_day,mixed_max3_per_class_day_daily,D,daily,mixed,max3_per_class_day
2024-02-27,6,3,3,"0,1",2024-02-27 01:15:00,2024-02-27 23:15:00,mixed_max3_per_class_day,mixed_max3_per_class_day_daily,D,daily,mixed,max3_per_class_day
2024-02-28,6,3,3,"0,1",2024-02-28 00:00:00,2024-02-28 23:00:00,mixed_max3_per_class_day,mixed_max3_per_class_day_daily,D,daily,mixed,max3_per_class_day
2024-02-29,6,3,3,"0,1",2024-02-29 13:45:00,2024-02-29 21:00:00,mixed_max3_per_class_day,mixed_max3_per_class_day_daily,D,daily,mixed,max3_per_class_day
2024-03-01,6,3,3,"0,1",2024-03-01 01:45:00,2024-03-01 23:45:00,mixed_max3_per_class_day,mixed_max3_per_class_day_daily,D,daily,mixed,max3_per_class_day
2024-03-03,6,3,3,"0,1",2024-03-03 01:15:00,2024-03-03 20:00:00,mixed_max3_per_class_day,mixed_max3_per_class_day_daily,D,daily,mixed,max3_per_class_day
2024-03-04,6,3,3,"0,1",2024-03-04 03:45:00,2024-03-04 23:30:00,mixed_max3_per_class_day,mixed_max3_per_class_day_daily,D,daily,mixed,max3_per_class_day
2024-03-06,6,3,3,"0,1",2024-03-06 00:45:00,2024-03-06 22:15:00,mixed_max3_per_class_day,mixed_max3_per_class_day_daily,D,daily,mixed,max3_per_class_day
2024-03-07,6,3,3,"0,1",2024-03-07 00:30:00,2024-03-07 20:00:00,mixed_max3_per_class_day,mixed_max3_per_class_day_daily,D,daily,mixed,max3_per_class_day
2024-03-08,6,3,3,"0,1",2024-03-08 03:45:00,2024-03-08 15:30:00,mixed_max3_per_class_day,mixed_max3_per_class_day_daily,D,daily,mixed,max3_per_class_day
2024-03-11,6,3,3,"0,1",2024-03-11 14:45:00,2024-03-11 21:00:00,mixed_max3_per_class_day,mixed_max3_per_class_day_daily,D,daily,mixed,max3_per_class_day
2024-03-12,6,3,3,"0,1",2024-03-12 11:00:00,2024-03-12 23:30:00,mixed_max3_per_class_day,mixed_max3_per_class_day_daily,D,daily,mixed,max3_per_class_day
2024-03-13,6,3,3,"0,1",2024-03-13 12:00:00,2024-03-13 23:45:00,mixed_max3_per_class_day,mixed_max3_per_class_day_daily,D,daily,mixed,max3_per_class_day
2024-03-16,5,2,3,"0,1",2024-03-16 15:30:00,2024-03-16 21:45:00,mixed_max3_per_class_day,mixed_max3_per_class_day_daily,D,daily,mixed,max3_per_class_day
2024-03-17,6,3,3,"0,1",2024-03-17 11:15:00,2024-03-17 22:15:00,mixed_max3_per_class_day,mixed_max3_per_class_day_daily,D,daily,mixed,max3_per_class_day
2024-03-20,6,3,3,"0,1",2024-03-20 02:45:00,2024-03-20 22:00:00,mixed_max3_per_class_day,mixed_max3_per_class_day_daily,D,daily,mixed,max3_per_class_day
2024-03-22,6,3,3,"0,1",2024-03-22 03:30:00,2024-03-22 21:45:00,mixed_max3_per_class_day,mixed_max3_per_class_day_daily,D,daily,mixed,max3_per_class_day
2024-03-27,5,2,3,"0,1",2024-03-27 10:30:00,2024-03-27 17:00:00,mixed_max3_per_class_day,mixed_max3_per_class_day_daily,D,daily,mixed,max3_per_class_day
2024-03-29,6,3,3,"0,1",2024-03-29 14:15:00,2024-03-29 18:45:00,mixed_max3_per_class_day,mixed_max3_per_class_day_daily,D,daily,mixed,max3_per_class_day
2024-03-31,5,2,3,"0,1",2024-03-31 11:00:00,2024-03-31 18:30:00,mixed_max3_per_class_day,mixed_max3_per_class_day_daily,D,daily,mixed,max3_per_class_day
2024-04-01,6,3,3,"0,1",2024-04-01 04:15:00,2024-04-01 23:30:00,mixed_max3_per_class_day,mixed_max3_per_class_day_daily,D,daily,mixed,max3_per_class_day
2024-04-02,6,3,3,"0,1",2024-04-02 00:00:00,2024-04-02 17:00:00,mixed_max3_per_class_day,mixed_max3_per_class_day_daily,D,daily,mixed,max3_per_class_day
2024-04-04,6,3,3,"0,1",2024-04-04 16:45:00,2024-04-04 21:45:00,mixed_max3_per_class_day,mixed_max3_per_class_day_daily,D,daily,mixed,max3_per_class_day
2024-04-05,6,3,3,"0,1",2024-04-05 11:00:00,2024-04-05 22:30:00,mixed_max3_per_class_day,mixed_max3_per_class_day_daily,D,daily,mixed,max3_per_class_day
2024-04-07,6,3,3,"0,1",2024-04-07 01:15:00,2024-04-07 22:15:00,mixed_max3_per_class_day,mixed_max3_per_class_day_daily,D,daily,mixed,max3_per_class_day
2024-04-08,6,3,3,"0,1",2024-04-08 11:00:00,2024-04-08 19:30:00,mixed_max3_per_class_day,mixed_max3_per_class_day_daily,D,daily,mixed,max3_per_class_day
2024-04-10,6,3,3,"0,1",2024-04-10 00:30:00,2024-04-10 23:15:00,mixed_max3_per_class_day,mixed_max3_per_class_day_daily,D,daily,mixed,max3_per_class_day
2024-04-12,5,2,3,"0,1",2024-04-12 00:45:00,2024-04-12 18:30:00,mixed_max3_per_class_day,mixed_max3_per_class_day_daily,D,daily,mixed,max3_per_class_day
2024-04-16,6,3,3,"0,1",2024-04-16 08:00:00,2024-04-16 20:30:00,mixed_max3_per_class_day,mixed_max3_per_class_day_daily,D,daily,mixed,max3_per_class_day
2024-04-17,6,3,3,"0,1",2024-04-17 02:30:00,2024-04-17 20:30:00,mixed_max3_per_class_day,mixed_max3_per_class_day_daily,D,daily,mixed,max3_per_class_day
2024-04-24,6,3,3,"0,1",2024-04-24 14:45:00,2024-04-24 22:30:00,mixed_max3_per_class_day,mixed_max3_per_class_day_daily,D,daily,mixed,max3_per_class_day
2024-04-25,6,3,3,"0,1",2024-04-25 14:15:00,2024-04-25 22:00:00,mixed_max3_per_class_day,mixed_max3_per_class_day_daily,D,daily,mixed,max3_per_class_day
2024-04-26,5,2,3,"0,1",2024-04-26 00:00:00,2024-04-26 14:30:00,mixed_max3_per_class_day,mixed_max3_per_class_day_daily,D,daily,mixed,max3_per_class_day
2024-04-30,6,3,3,"0,1",2024-04-30 16:00:00,2024-04-30 23:30:00,mixed_max3_per_class_day,mixed_max3_per_class_day_daily,D,daily,mixed,max3_per_class_day
2024-05-01,6,3,3,"0,1",2024-05-01 05:00:00,2024-05-01 22:15:00,mixed_max3_per_class_day,mixed_max3_per_class_day_daily,D,daily,mixed,max3_per_class_day
2024-05-02,6,3,3,"0,1",2024-05-02 12:45:00,2024-05-02 22:30:00,mixed_max3_per_class_day,mixed_max3_per_class_day_daily,D,daily,mixed,max3_per_class_day
2024-05-03,6,3,3,"0,1",2024-05-03 08:00:00,2024-05-03 23:30:00,mixed_max3_per_class_day,mixed_max3_per_class_day_daily,D,daily,mixed,max3_per_class_day
2024-05-07,6,3,3,"0,1",2024-05-07 12:00:00,2024-05-07 19:45:00,mixed_max3_per_class_day,mixed_max3_per_class_day_daily,D,daily,mixed,max3_per_class_day
2024-05-08,6,3,3,"0,1",2024-05-08 01:15:00,2024-05-08 19:15:00,mixed_max3_per_class_day,mixed_max3_per_class_day_daily,D,daily,mixed,max3_per_class_day
2024-05-10,6,3,3,"0,1",2024-05-10 00:15:00,2024-05-10 19:30:00,mixed_max3_per_class_day,mixed_max3_per_class_day_daily,D,daily,mixed,max3_per_class_day
2024-05-14,5,2,3,"0,1",2024-05-14 12:15:00,2024-05-14 21:15:00,mixed_max3_per_class_day,mixed_max3_per_class_day_daily,D,daily,mixed,max3_per_class_day
2024-05-15,5,2,3,"0,1",2024-05-15 13:45:00,2024-05-15 20:00:00,mixed_max3_per_class_day,mixed_max3_per_class_day_daily,D,daily,mixed,max3_per_class_day
2024-05-16,6,3,3,"0,1",2024-05-16 12:15:00,2024-05-16 22:30:00,mixed_max3_per_class_day,mixed_max3_per_class_day_daily,D,daily,mixed,max3_per_class_day
2024-05-20,6,3,3,"0,1",2024-05-20 15:45:00,2024-05-20 23:45:00,mixed_max3_per_class_day,mixed_max3_per_class_day_daily,D,daily,mixed,max3_per_class_day
2024-05-21,5,2,3,"0,1",2024-05-21 03:00:00,2024-05-21 19:30:00,mixed_max3_per_class_day,mixed_max3_per_class_day_daily,D,daily,mixed,max3_per_class_day
2024-05-28,6,3,3,"0,1",2024-05-28 14:45:00,2024-05-28 17:00:00,mixed_max3_per_class_day,mixed_max3_per_class_day_daily,D,daily,mixed,max3_per_class_day
2024-05-29,5,2,3,"0,1",2024-05-29 20:45:00,2024-05-29 23:30:00,mixed_max3_per_class_day,mixed_max3_per_class_day_daily,D,daily,mixed,max3_per_class_day
2024-05-30,5,2,3,"0,1",2024-05-30 15:45:00,2024-05-30 22:30:00,mixed_max3_per_class_day,mixed_max3_per_class_day_daily,D,daily,mixed,max3_per_class_day
2024-05-31,6,3,3,"0,1",2024-05-31 01:15:00,2024-05-31 22:00:00,mixed_max3_per_class_day,mixed_max3_per_class_day_daily,D,daily,mixed,max3_per_class_day
2024-06-03,6,3,3,"0,1",2024-06-03 11:30:00,2024-06-03 22:15:00,mixed_max3_per_class_day,mixed_max3_per_class_day_daily,D,daily,mixed,max3_per_class_day
2024-06-04,6,3,3,"0,1",2024-06-04 01:00:00,2024-06-04 21:30:00,mixed_max3_per_class_day,mixed_max3_per_class_day_daily,D,daily,mixed,max3_per_class_day
2024-06-07,6,3,3,"0,1",2024-06-07 16:00:00,2024-06-07 22:45:00,mixed_max3_per_class_day,mixed_max3_per_class_day_daily,D,daily,mixed,max3_per_class_day
2024-06-09,5,2,3,"0,1",2024-06-09 03:15:00,2024-06-09 23:15:00,mixed_max3_per_class_day,mixed_max3_per_class_day_daily,D,daily,mixed,max3_per_class_day
2024-06-11,6,3,3,"0,1",2024-06-11 15:30:00,2024-06-11 23:30:00,mixed_max3_per_class_day,mixed_max3_per_class_day_daily,D,daily,mixed,max3_per_class_day
2024-06-12,5,2,3,"0,1",2024-06-12 16:15:00,2024-06-12 23:15:00,mixed_max3_per_class_day,mixed_max3_per_class_day_daily,D,daily,mixed,max3_per_class_day
2024-06-13,6,3,3,"0,1",2024-06-13 07:30:00,2024-06-13 21:15:00,mixed_max3_per_class_day,mixed_max3_per_class_day_daily,D,daily,mixed,max3_per_class_day
2024-06-14,6,3,3,"0,1",2024-06-14 16:45:00,2024-06-14 21:45:00,mixed_max3_per_class_day,mixed_max3_per_class_day_daily,D,daily,mixed,max3_per_class_day
2024-06-20,5,2,3,"0,1",2024-06-20 00:00:00,2024-06-20 22:30:00,mixed_max3_per_class_day,mixed_max3_per_class_day_daily,D,daily,mixed,max3_per_class_day
2024-06-21,6,3,3,"0,1",2024-06-21 13:30:00,2024-06-21 23:00:00,mixed_max3_per_class_day,mixed_max3_per_class_day_daily,D,daily,mixed,max3_per_class_day
2024-06-24,5,2,3,"0,1",2024-06-24 01:00:00,2024-06-24 21:45:00,mixed_max3_per_class_day,mixed_max3_per_class_day_daily,D,daily,mixed,max3_per_class_day
2024-06-26,5,2,3,"0,1",2024-06-26 03:45:00,2024-06-26 19:15:00,mixed_max3_per_class_day,mixed_max3_per_class_day_daily,D,daily,mixed,max3_per_class_day
2024-06-27,5,2,3,"0,1",2024-06-27 03:00:00,2024-06-27 18:45:00,mixed_max3_per_class_day,mixed_max3_per_class_day_daily,D,daily,mixed,max3_per_class_day
2024-06-28,6,3,3,"0,1",2024-06-28 00:15:00,2024-06-28 23:30:00,mixed_max3_per_class_day,mixed_max3_per_class_day_daily,D,daily,mixed,max3_per_class_day
2024-07-02,6,3,3,"0,1",2024-07-02 03:30:00,2024-07-02 21:45:00,mixed_max3_per_class_day,mixed_max3_per_class_day_daily,D,daily,mixed,max3_per_class_day
2024-07-03,5,2,3,"0,1",2024-07-03 00:00:00,2024-07-03 23:00:00,mixed_max3_per_class_day,mixed_max3_per_class_day_daily,D,daily,mixed,max3_per_class_day
2024-07-05,5,2,3,"0,1",2024-07-05 02:45:00,2024-07-05 19:00:00,mixed_max3_per_class_day,mixed_max3_per_class_day_daily,D,daily,mixed,max3_per_class_day
2024-07-08,6,3,3,"0,1",2024-07-08 09:30:00,2024-07-08 22:45:00,mixed_max3_per_class_day,mixed_max3_per_class_day_daily,D,daily,mixed,max3_per_class_day
2024-07-11,6,3,3,"0,1",2024-07-11 02:45:00,2024-07-11 19:30:00,mixed_max3_per_class_day,mixed_max3_per_class_day_daily,D,daily,mixed,max3_per_class_day
2024-07-14,5,2,3,"0,1",2024-07-14 02:00:00,2024-07-14 23:00:00,mixed_max3_per_class_day,mixed_max3_per_class_day_daily,D,daily,mixed,max3_per_class_day
2024-07-17,6,3,3,"0,1",2024-07-17 16:30:00,2024-07-17 21:15:00,mixed_max3_per_class_day,mixed_max3_per_class_day_daily,D,daily,mixed,max3_per_class_day
2024-07-18,6,3,3,"0,1",2024-07-18 12:00:00,2024-07-18 22:00:00,mixed_max3_per_class_day,mixed_max3_per_class_day_daily,D,daily,mixed,max3_per_class_day
2024-07-20,5,2,3,"0,1",2024-07-20 01:45:00,2024-07-20 23:00:00,mixed_max3_per_class_day,mixed_max3_per_class_day_daily,D,daily,mixed,max3_per_class_day
2024-07-21,5,2,3,"0,1",2024-07-21 00:00:00,2024-07-21 23:00:00,mixed_max3_per_class_day,mixed_max3_per_class_day_daily,D,daily,mixed,max3_per_class_day
2024-07-23,6,3,3,"0,1",2024-07-23 11:30:00,2024-07-23 20:45:00,mixed_max3_per_class_day,mixed_max3_per_class_day_daily,D,daily,mixed,max3_per_class_day
2024-07-25,6,3,3,"0,1",2024-07-25 16:15:00,2024-07-25 21:00:00,mixed_max3_per_class_day,mixed_max3_per_class_day_daily,D,daily,mixed,max3_per_class_day
2024-07-26,5,2,3,"0,1",2024-07-26 17:45:00,2024-07-26 23:00:00,mixed_max3_per_class_day,mixed_max3_per_class_day_daily,D,daily,mixed,max3_per_class_day
2024-07-27,6,3,3,"0,1",2024-07-27 15:15:00,2024-07-27 22:30:00,mixed_max3_per_class_day,mixed_max3_per_class_day_daily,D,daily,mixed,max3_per_class_day
2024-08-01,6,3,3,"0,1",2024-08-01 17:30:00,2024-08-01 20:45:00,mixed_max3_per_class_day,mixed_max3_per_class_day_daily,D,daily,mixed,max3_per_class_day
2024-08-02,6,3,3,"0,1",2024-08-02 00:15:00,2024-08-02 20:45:00,mixed_max3_per_class_day,mixed_max3_per_class_day_daily,D,daily,mixed,max3_per_class_day
2024-08-05,6,3,3,"0,1",2024-08-05 13:15:00,2024-08-05 19:15:00,mixed_max3_per_class_day,mixed_max3_per_class_day_daily,D,daily,mixed,max3_per_class_day
2024-08-06,6,3,3,"0,1",2024-08-06 02:15:00,2024-08-06 18:00:00,mixed_max3_per_class_day,mixed_max3_per_class_day_daily,D,daily,mixed,max3_per_class_day
2024-08-07,6,3,3,"0,1",2024-08-07 17:30:00,2024-08-07 22:15:00,mixed_max3_per_class_day,mixed_max3_per_class_day_daily,D,daily,mixed,max3_per_class_day
2024-08-13,6,3,3,"0,1",2024-08-13 16:30:00,2024-08-13 22:30:00,mixed_max3_per_class_day,mixed_max3_per_class_day_daily,D,daily,mixed,max3_per_class_day
2024-08-14,6,3,3,"0,1",2024-08-14 02:30:00,2024-08-14 16:30:00,mixed_max3_per_class_day,mixed_max3_per_class_day_daily,D,daily,mixed,max3_per_class_day
2024-08-15,6,3,3,"0,1",2024-08-15 11:45:00,2024-08-15 23:15:00,mixed_max3_per_class_day,mixed_max3_per_class_day_daily,D,daily,mixed,max3_per_class_day
2024-08-16,6,3,3,"0,1",2024-08-16 03:30:00,2024-08-16 23:15:00,mixed_max3_per_class_day,mixed_max3_per_class_day_daily,D,daily,mixed,max3_per_class_day
2024-08-17,6,3,3,"0,1",2024-08-17 05:00:00,2024-08-17 19:30:00,mixed_max3_per_class_day,mixed_max3_per_class_day_daily,D,daily,mixed,max3_per_class_day
2024-08-20,5,2,3,"0,1",2024-08-20 11:00:00,2024-08-20 23:30:00,mixed_max3_per_class_day,mixed_max3_per_class_day_daily,D,daily,mixed,max3_per_class_day
2024-08-21,6,3,3,"0,1",2024-08-21 15:30:00,2024-08-21 23:30:00,mixed_max3_per_class_day,mixed_max3_per_class_day_daily,D,daily,mixed,max3_per_class_day
2024-08-22,6,3,3,"0,1",2024-08-22 10:30:00,2024-08-22 21:00:00,mixed_max3_per_class_day,mixed_max3_per_class_day_daily,D,daily,mixed,max3_per_class_day
2024-08-24,6,3,3,"0,1",2024-08-24 00:15:00,2024-08-24 22:15:00,mixed_max3_per_class_day,mixed_max3_per_class_day_daily,D,daily,mixed,max3_per_class_day
2024-08-27,6,3,3,"0,1",2024-08-27 01:30:00,2024-08-27 15:00:00,mixed_max3_per_class_day,mixed_max3_per_class_day_daily,D,daily,mixed,max3_per_class_day
2024-08-28,6,3,3,"0,1",2024-08-28 00:15:00,2024-08-28 22:00:00,mixed_max3_per_class_day,mixed_max3_per_class_day_daily,D,daily,mixed,max3_per_class_day
2024-09-02,6,3,3,"0,1",2024-09-02 00:30:00,2024-09-02 22:45:00,mixed_max3_per_class_day,mixed_max3_per_class_day_daily,D,daily,mixed,max3_per_class_day
2024-09-03,6,3,3,"0,1",2024-09-03 17:00:00,2024-09-03 19:15:00,mixed_max3_per_class_day,mixed_max3_per_class_day_daily,D,daily,mixed,max3_per_class_day
2024-09-04,6,3,3,"0,1",2024-09-04 15:45:00,2024-09-04 20:45:00,mixed_max3_per_class_day,mixed_max3_per_class_day_daily,D,daily,mixed,max3_per_class_day
2024-09-05,6,3,3,"0,1",2024-09-05 00:15:00,2024-09-05 15:45:00,mixed_max3_per_class_day,mixed_max3_per_class_day_daily,D,daily,mixed,max3_per_class_day
2024-09-06,6,3,3,"0,1",2024-09-06 12:00:00,2024-09-06 23:45:00,mixed_max3_per_class_day,mixed_max3_per_class_day_daily,D,daily,mixed,max3_per_class_day
2024-09-09,5,2,3,"0,1",2024-09-09 05:30:00,2024-09-09 23:00:00,mixed_max3_per_class_day,mixed_max3_per_class_day_daily,D,daily,mixed,max3_per_class_day
2024-09-10,6,3,3,"0,1",2024-09-10 02:30:00,2024-09-10 19:45:00,mixed_max3_per_class_day,mixed_max3_per_class_day_daily,D,daily,mixed,max3_per_class_day
2024-09-11,6,3,3,"0,1",2024-09-11 05:00:00,2024-09-11 22:00:00,mixed_max3_per_class_day,mixed_max3_per_class_day_daily,D,daily,mixed,max3_per_class_day
2024-09-12,6,3,3,"0,1",2024-09-12 00:45:00,2024-09-12 15:30:00,mixed_max3_per_class_day,mixed_max3_per_class_day_daily,D,daily,mixed,max3_per_class_day
2024-09-13,6,3,3,"0,1",2024-09-13 14:30:00,2024-09-13 21:00:00,mixed_max3_per_class_day,mixed_max3_per_class_day_daily,D,daily,mixed,max3_per_class_day
2024-09-14,5,2,3,"0,1",2024-09-14 04:45:00,2024-09-14 23:00:00,mixed_max3_per_class_day,mixed_max3_per_class_day_daily,D,daily,mixed,max3_per_class_day
2024-09-16,6,3,3,"0,1",2024-09-16 10:45:00,2024-09-16 17:15:00,mixed_max3_per_class_day,mixed_max3_per_class_day_daily,D,daily,mixed,max3_per_class_day
2024-09-17,5,2,3,"0,1",2024-09-17 01:45:00,2024-09-17 21:30:00,mixed_max3_per_class_day,mixed_max3_per_class_day_daily,D,daily,mixed,max3_per_class_day
2024-09-19,6,3,3,"0,1",2024-09-19 12:45:00,2024-09-19 22:30:00,mixed_max3_per_class_day,mixed_max3_per_class_day_daily,D,daily,mixed,max3_per_class_day
2024-09-20,6,3,3,"0,1",2024-09-20 10:45:00,2024-09-20 23:00:00,mixed_max3_per_class_day,mixed_max3_per_class_day_daily,D,daily,mixed,max3_per_class_day
2024-09-23,6,3,3,"0,1",2024-09-23 12:45:00,2024-09-23 19:45:00,mixed_max3_per_class_day,mixed_max3_per_class_day_daily,D,daily,mixed,max3_per_class_day
2024-09-24,5,2,3,"0,1",2024-09-24 16:45:00,2024-09-24 20:15:00,mixed_max3_per_class_day,mixed_max3_per_class_day_daily,D,daily,mixed,max3_per_class_day
2024-09-25,6,3,3,"0,1",2024-09-25 14:30:00,2024-09-25 23:00:00,mixed_max3_per_class_day,mixed_max3_per_class_day_daily,D,daily,mixed,max3_per_class_day
2024-09-27,6,3,3,"0,1",2024-09-27 17:15:00,2024-09-27 22:30:00,mixed_max3_per_class_day,mixed_max3_per_class_day_daily,D,daily,mixed,max3_per_class_day
2024-09-30,5,2,3,"0,1",2024-09-30 00:15:00,2024-09-30 23:15:00,mixed_max3_per_class_day,mixed_max3_per_class_day_daily,D,daily,mixed,max3_per_class_day
2024-10-02,5,2,3,"0,1",2024-10-02 16:15:00,2024-10-02 23:30:00,mixed_max3_per_class_day,mixed_max3_per_class_day_daily,D,daily,mixed,max3_per_class_day
2024-10-03,5,2,3,"0,1",2024-10-03 11:30:00,2024-10-03 23:30:00,mixed_max3_per_class_day,mixed_max3_per_class_day_daily,D,daily,mixed,max3_per_class_day
2024-10-04,6,3,3,"0,1",2024-10-04 11:30:00,2024-10-04 22:30:00,mixed_max3_per_class_day,mixed_max3_per_class_day_daily,D,daily,mixed,max3_per_class_day
2024-10-05,5,2,3,"0,1",2024-10-05 00:00:00,2024-10-05 17:45:00,mixed_max3_per_class_day,mixed_max3_per_class_day_daily,D,daily,mixed,max3_per_class_day
2024-10-07,6,3,3,"0,1",2024-10-07 00:45:00,2024-10-07 21:30:00,mixed_max3_per_class_day,mixed_max3_per_class_day_daily,D,daily,mixed,max3_per_class_day
2024-10-09,5,2,3,"0,1",2024-10-09 00:45:00,2024-10-09 20:45:00,mixed_max3_per_class_day,mixed_max3_per_class_day_daily,D,daily,mixed,max3_per_class_day
2024-10-10,6,3,3,"0,1",2024-10-10 11:15:00,2024-10-10 20:45:00,mixed_max3_per_class_day,mixed_max3_per_class_day_daily,D,daily,mixed,max3_per_class_day
2024-10-11,6,3,3,"0,1",2024-10-11 00:00:00,2024-10-11 18:15:00,mixed_max3_per_class_day,mixed_max3_per_class_day_daily,D,daily,mixed,max3_per_class_day
2024-10-12,5,2,3,"0,1",2024-10-12 01:00:00,2024-10-12 20:00:00,mixed_max3_per_class_day,mixed_max3_per_class_day_daily,D,daily,mixed,max3_per_class_day
2024-10-14,5,2,3,"0,1",2024-10-14 13:30:00,2024-10-14 22:45:00,mixed_max3_per_class_day,mixed_max3_per_class_day_daily,D,daily,mixed,max3_per_class_day
2024-10-15,5,2,3,"0,1",2024-10-15 11:00:00,2024-10-15 20:00:00,mixed_max3_per_class_day,mixed_max3_per_class_day_daily,D,daily,mixed,max3_per_class_day
2024-10-18,6,3,3,"0,1",2024-10-18 01:30:00,2024-10-18 23:15:00,mixed_max3_per_class_day,mixed_max3_per_class_day_daily,D,daily,mixed,max3_per_class_day
2024-10-20,5,2,3,"0,1",2024-10-20 10:30:00,2024-10-20 17:45:00,mixed_max3_per_class_day,mixed_max3_per_class_day_daily,D,daily,mixed,max3_per_class_day
2024-10-21,6,3,3,"0,1",2024-10-21 00:00:00,2024-10-21 21:45:00,mixed_max3_per_class_day,mixed_max3_per_class_day_daily,D,daily,mixed,max3_per_class_day
2024-10-24,6,3,3,"0,1",2024-10-24 13:00:00,2024-10-24 20:00:00,mixed_max3_per_class_day,mixed_max3_per_class_day_daily,D,daily,mixed,max3_per_class_day
2024-10-25,6,3,3,"0,1",2024-10-25 14:30:00,2024-10-25 23:30:00,mixed_max3_per_class_day,mixed_max3_per_class_day_daily,D,daily,mixed,max3_per_class_day
2024-10-26,6,3,3,"0,1",2024-10-26 03:15:00,2024-10-26 23:30:00,mixed_max3_per_class_day,mixed_max3_per_class_day_daily,D,daily,mixed,max3_per_class_day
2024-10-27,6,3,3,"0,1",2024-10-27 01:15:00,2024-10-27 20:30:00,mixed_max3_per_class_day,mixed_max3_per_class_day_daily,D,daily,mixed,max3_per_class_day
2024-10-28,6,3,3,"0,1",2024-10-28 01:30:00,2024-10-28 21:00:00,mixed_max3_per_class_day,mixed_max3_per_class_day_daily,D,daily,mixed,max3_per_class_day
2024-10-31,5,2,3,"0,1",2024-10-31 14:00:00,2024-10-31 18:30:00,mixed_max3_per_class_day,mixed_max3_per_class_day_daily,D,daily,mixed,max3_per_class_day
2024-11-01,6,3,3,"0,1",2024-11-01 02:45:00,2024-11-01 19:15:00,mixed_max3_per_class_day,mixed_max3_per_class_day_daily,D,daily,mixed,max3_per_class_day
2024-11-03,6,3,3,"0,1",2024-11-03 17:15:00,2024-11-03 22:30:00,mixed_max3_per_class_day,mixed_max3_per_class_day_daily,D,daily,mixed,max3_per_class_day
2024-11-04,5,2,3,"0,1",2024-11-04 00:15:00,2024-11-04 21:15:00,mixed_max3_per_class_day,mixed_max3_per_class_day_daily,D,daily,mixed,max3_per_class_day
2024-11-05,6,3,3,"0,1",2024-11-05 02:45:00,2024-11-05 22:30:00,mixed_max3_per_class_day,mixed_max3_per_class_day_daily,D,daily,mixed,max3_per_class_day
2024-11-06,6,3,3,"0,1",2024-11-06 03:15:00,2024-11-06 23:30:00,mixed_max3_per_class_day,mixed_max3_per_class_day_daily,D,daily,mixed,max3_per_class_day
2024-11-08,6,3,3,"0,1",2024-11-08 16:00:00,2024-11-08 21:45:00,mixed_max3_per_class_day,mixed_max3_per_class_day_daily,D,daily,mixed,max3_per_class_day
2024-11-13,6,3,3,"0,1",2024-11-13 00:30:00,2024-11-13 20:15:00,mixed_max3_per_class_day,mixed_max3_per_class_day_daily,D,daily,mixed,max3_per_class_day
2024-11-15,6,3,3,"0,1",2024-11-15 03:00:00,2024-11-15 22:15:00,mixed_max3_per_class_day,mixed_max3_per_class_day_daily,D,daily,mixed,max3_per_class_day
2024-11-18,5,2,3,"0,1",2024-11-18 06:45:00,2024-11-18 23:45:00,mixed_max3_per_class_day,mixed_max3_per_class_day_daily,D,daily,mixed,max3_per_class_day
2024-11-20,6,3,3,"0,1",2024-11-20 02:45:00,2024-11-20 18:45:00,mixed_max3_per_class_day,mixed_max3_per_class_day_daily,D,daily,mixed,max3_per_class_day
2024-11-21,6,3,3,"0,1",2024-11-21 21:15:00,2024-11-21 23:15:00,mixed_max3_per_class_day,mixed_max3_per_class_day_daily,D,daily,mixed,max3_per_class_day
2024-11-23,6,3,3,"0,1",2024-11-23 01:00:00,2024-11-23 13:30:00,mixed_max3_per_class_day,mixed_max3_per_class_day_daily,D,daily,mixed,max3_per_class_day
2024-11-24,5,2,3,"0,1",2024-11-24 12:00:00,2024-11-24 19:00:00,mixed_max3_per_class_day,mixed_max3_per_class_day_daily,D,daily,mixed,max3_per_class_day
2024-11-25,6,3,3,"0,1",2024-11-25 00:00:00,2024-11-25 23:15:00,mixed_max3_per_class_day,mixed_max3_per_class_day_daily,D,daily,mixed,max3_per_class_day
2024-11-26,6,3,3,"0,1",2024-11-26 03:00:00,2024-11-26 19:00:00,mixed_max3_per_class_day,mixed_max3_per_class_day_daily,D,daily,mixed,max3_per_class_day
2024-11-27,6,3,3,"0,1",2024-11-27 04:45:00,2024-11-27 22:15:00,mixed_max3_per_class_day,mixed_max3_per_class_day_daily,D,daily,mixed,max3_per_class_day
2024-12-01,5,2,3,"0,1",2024-12-01 00:30:00,2024-12-01 15:00:00,mixed_max3_per_class_day,mixed_max3_per_class_day_daily,D,daily,mixed,max3_per_class_day
2024-12-03,6,3,3,"0,1",2024-12-03 00:45:00,2024-12-03 21:00:00,mixed_max3_per_class_day,mixed_max3_per_class_day_daily,D,daily,mixed,max3_per_class_day
2024-12-04,6,3,3,"0,1",2024-12-04 04:30:00,2024-12-04 23:45:00,mixed_max3_per_class_day,mixed_max3_per_class_day_daily,D,daily,mixed,max3_per_class_day
2024-12-09,6,3,3,"0,1",2024-12-09 00:00:00,2024-12-09 17:45:00,mixed_max3_per_class_day,mixed_max3_per_class_day_daily,D,daily,mixed,max3_per_class_day
2024-12-11,6,3,3,"0,1",2024-12-11 02:15:00,2024-12-11 22:30:00,mixed_max3_per_class_day,mixed_max3_per_class_day_daily,D,daily,mixed,max3_per_class_day
2024-12-12,6,3,3,"0,1",2024-12-12 16:00:00,2024-12-12 20:00:00,mixed_max3_per_class_day,mixed_max3_per_class_day_daily,D,daily,mixed,max3_per_class_day
2024-12-13,6,3,3,"0,1",2024-12-13 00:45:00,2024-12-13 20:30:00,mixed_max3_per_class_day,mixed_max3_per_class_day_daily,D,daily,mixed,max3_per_class_day
2024-12-16,6,3,3,"0,1",2024-12-16 01:30:00,2024-12-16 23:45:00,mixed_max3_per_class_day,mixed_max3_per_class_day_daily,D,daily,mixed,max3_per_class_day
2024-12-17,6,3,3,"0,1",2024-12-17 07:45:00,2024-12-17 20:45:00,mixed_max3_per_class_day,mixed_max3_per_class_day_daily,D,daily,mixed,max3_per_class_day
2024-12-18,6,3,3,"0,1",2024-12-18 12:15:00,2024-12-18 22:45:00,mixed_max3_per_class_day,mixed_max3_per_class_day_daily,D,daily,mixed,max3_per_class_day
2024-12-19,5,2,3,"0,1",2024-12-19 01:45:00,2024-12-19 17:45:00,mixed_max3_per_class_day,mixed_max3_per_class_day_daily,D,daily,mixed,max3_per_class_day
2024-12-27,6,3,3,"0,1",2024-12-27 00:00:00,2024-12-27 21:00:00,mixed_max3_per_class_day,mixed_max3_per_class_day_daily,D,daily,mixed,max3_per_class_day
2024-12-30,6,3,3,"0,1",2024-12-30 00:45:00,2024-12-30 22:45:00,mixed_max3_per_class_day,mixed_max3_per_class_day_daily,D,daily,mixed,max3_per_class_day
2025-01-01,5,2,3,"0,1",2025-01-01 04:00:00,2025-01-01 17:45:00,mixed_max3_per_class_day,mixed_max3_per_class_day_daily,D,daily,mixed,max3_per_class_day
2025-01-04,5,2,3,"0,1",2025-01-04 00:15:00,2025-01-04 17:45:00,mixed_max3_per_class_day,mixed_max3_per_class_day_daily,D,daily,mixed,max3_per_class_day
2025-01-06,6,3,3,"0,1",2025-01-06 18:30:00,2025-01-06 23:00:00,mixed_max3_per_class_day,mixed_max3_per_class_day_daily,D,daily,mixed,max3_per_class_day
2025-01-08,5,2,3,"0,1",2025-01-08 17:30:00,2025-01-08 22:45:00,mixed_max3_per_class_day,mixed_max3_per_class_day_daily,D,daily,mixed,max3_per_class_day
2025-01-09,6,3,3,"0,1",2025-01-09 01:30:00,2025-01-09 18:00:00,mixed_max3_per_class_day,mixed_max3_per_class_day_daily,D,daily,mixed,max3_per_class_day
2025-01-10,5,2,3,"0,1",2025-01-10 17:30:00,2025-01-10 23:00:00,mixed_max3_per_class_day,mixed_max3_per_class_day_daily,D,daily,mixed,max3_per_class_day
2025-01-13,6,3,3,"0,1",2025-01-13 12:45:00,2025-01-13 21:00:00,mixed_max3_per_class_day,mixed_max3_per_class_day_daily,D,daily,mixed,max3_per_class_day
2025-01-16,6,3,3,"0,1",2025-01-16 00:00:00,2025-01-16 23:30:00,mixed_max3_per_class_day,mixed_max3_per_class_day_daily,D,daily,mixed,max3_per_class_day
2025-01-17,5,2,3,"0,1",2025-01-17 03:30:00,2025-01-17 21:00:00,mixed_max3_per_class_day,mixed_max3_per_class_day_daily,D,daily,mixed,max3_per_class_day
2025-01-20,6,3,3,"0,1",2025-01-20 14:30:00,2025-01-20 22:15:00,mixed_max3_per_class_day,mixed_max3_per_class_day_daily,D,daily,mixed,max3_per_class_day
2025-01-21,5,2,3,"0,1",2025-01-21 00:00:00,2025-01-21 21:45:00,mixed_max3_per_class_day,mixed_max3_per_class_day_daily,D,daily,mixed,max3_per_class_day
2025-01-23,6,3,3,"0,1",2025-01-23 00:30:00,2025-01-23 21:15:00,mixed_max3_per_class_day,mixed_max3_per_class_day_daily,D,daily,mixed,max3_per_class_day
2025-01-24,6,3,3,"0,1",2025-01-24 13:45:00,2025-01-24 21:45:00,mixed_max3_per_class_day,mixed_max3_per_class_day_daily,D,daily,mixed,max3_per_class_day
2025-01-27,5,2,3,"0,1",2025-01-27 03:30:00,2025-01-27 22:30:00,mixed_max3_per_class_day,mixed_max3_per_class_day_daily,D,daily,mixed,max3_per_class_day
2025-01-28,5,2,3,"0,1",2025-01-28 06:30:00,2025-01-28 19:45:00,mixed_max3_per_class_day,mixed_max3_per_class_day_daily,D,daily,mixed,max3_per_class_day
2025-01-29,6,3,3,"0,1",2025-01-29 00:45:00,2025-01-29 23:30:00,mixed_max3_per_class_day,mixed_max3_per_class_day_daily,D,daily,mixed,max3_per_class_day
2025-01-30,6,3,3,"0,1",2025-01-30 05:15:00,2025-01-30 20:15:00,mixed_max3_per_class_day,mixed_max3_per_class_day_daily,D,daily,mixed,max3_per_class_day
2025-01-31,6,3,3,"0,1",2025-01-31 03:45:00,2025-01-31 19:45:00,mixed_max3_per_class_day,mixed_max3_per_class_day_daily,D,daily,mixed,max3_per_class_day
2025-02-03,6,3,3,"0,1",2025-02-03 01:00:00,2025-02-03 23:15:00,mixed_max3_per_class_day,mixed_max3_per_class_day_daily,D,daily,mixed,max3_per_class_day
2025-02-04,6,3,3,"0,1",2025-02-04 18:45:00,2025-02-04 23:45:00,mixed_max3_per_class_day,mixed_max3_per_class_day_daily,D,daily,mixed,max3_per_class_day
2025-02-05,6,3,3,"0,1",2025-02-05 14:00:00,2025-02-05 23:30:00,mixed_max3_per_class_day,mixed_max3_per_class_day_daily,D,daily,mixed,max3_per_class_day
2025-02-06,6,3,3,"0,1",2025-02-06 14:00:00,2025-02-06 22:00:00,mixed_max3_per_class_day,mixed_max3_per_class_day_daily,D,daily,mixed,max3_per_class_day
2025-02-07,6,3,3,"0,1",2025-02-07 04:00:00,2025-02-07 23:30:00,mixed_max3_per_class_day,mixed_max3_per_class_day_daily,D,daily,mixed,max3_per_class_day
2025-02-12,6,3,3,"0,1",2025-02-12 15:15:00,2025-02-12 21:45:00,mixed_max3_per_class_day,mixed_max3_per_class_day_daily,D,daily,mixed,max3_per_class_day
2025-02-13,6,3,3,"0,1",2025-02-13 03:45:00,2025-02-13 20:30:00,mixed_max3_per_class_day,mixed_max3_per_class_day_daily,D,daily,mixed,max3_per_class_day
2025-02-14,6,3,3,"0,1",2025-02-14 05:00:00,2025-02-14 19:45:00,mixed_max3_per_class_day,mixed_max3_per_class_day_daily,D,daily,mixed,max3_per_class_day
2025-02-17,5,2,3,"0,1",2025-02-17 16:30:00,2025-02-17 19:30:00,mixed_max3_per_class_day,mixed_max3_per_class_day_daily,D,daily,mixed,max3_per_class_day
2025-02-19,6,3,3,"0,1",2025-02-19 00:00:00,2025-02-19 23:15:00,mixed_max3_per_class_day,mixed_max3_per_class_day_daily,D,daily,mixed,max3_per_class_day
2024-02-05,19,0,19,1,2024-02-05 00:15:00,2024-02-05 23:45:00,mixed_raw,mixed_raw_daily,D,daily,mixed,raw
2024-02-06,22,6,16,"0,1",2024-02-06 02:45:00,2024-02-06 22:30:00,mixed_raw,mixed_raw_daily,D,daily,mixed,raw
2024-02-07,6,2,4,"0,1",2024-02-07 00:00:00,2024-02-07 12:15:00,mixed_raw,mixed_raw_daily,D,daily,mixed,raw
2024-02-08,25,7,18,"0,1",2024-02-08 01:00:00,2024-02-08 23:45:00,mixed_raw,mixed_raw_daily,D,daily,mixed,raw
2024-02-10,13,0,13,1,2024-02-10 01:00:00,2024-02-10 21:15:00,mixed_raw,mixed_raw_daily,D,daily,mixed,raw
2024-02-11,20,1,19,"0,1",2024-02-11 03:00:00,2024-02-11 23:45:00,mixed_raw,mixed_raw_daily,D,daily,mixed,raw
2024-02-12,21,2,19,"0,1",2024-02-12 00:00:00,2024-02-12 23:15:00,mixed_raw,mixed_raw_daily,D,daily,mixed,raw
2024-02-13,5,5,0,0,2024-02-13 11:30:00,2024-02-13 17:15:00,mixed_raw,mixed_raw_daily,D,daily,mixed,raw
2024-02-15,24,4,20,"0,1",2024-02-15 00:30:00,2024-02-15 23:15:00,mixed_raw,mixed_raw_daily,D,daily,mixed,raw
2024-02-16,26,6,20,"0,1",2024-02-16 12:00:00,2024-02-16 23:15:00,mixed_raw,mixed_raw_daily,D,daily,mixed,raw
2024-02-17,18,3,15,"0,1",2024-02-17 00:45:00,2024-02-17 22:00:00,mixed_raw,mixed_raw_daily,D,daily,mixed,raw
2024-02-18,21,0,21,1,2024-02-18 02:00:00,2024-02-18 22:45:00,mixed_raw,mixed_raw_daily,D,daily,mixed,raw
2024-02-19,9,0,9,1,2024-02-19 02:45:00,2024-02-19 23:45:00,mixed_raw,mixed_raw_daily,D,daily,mixed,raw
2024-02-20,22,3,19,"0,1",2024-02-20 07:00:00,2024-02-20 23:45:00,mixed_raw,mixed_raw_daily,D,daily,mixed,raw
2024-02-22,19,2,17,"0,1",2024-02-22 00:15:00,2024-02-22 21:15:00,mixed_raw,mixed_raw_daily,D,daily,mixed,raw
2024-02-23,19,3,16,"0,1",2024-02-23 02:30:00,2024-02-23 23:45:00,mixed_raw,mixed_raw_daily,D,daily,mixed,raw
2024-02-25,26,3,23,"0,1",2024-02-25 03:45:00,2024-02-25 23:30:00,mixed_raw,mixed_raw_daily,D,daily,mixed,raw
2024-02-26,15,2,13,"0,1",2024-02-26 03:45:00,2024-02-26 23:15:00,mixed_raw,mixed_raw_daily,D,daily,mixed,raw
2024-02-27,10,4,6,"0,1",2024-02-27 01:15:00,2024-02-27 23:15:00,mixed_raw,mixed_raw_daily,D,daily,mixed,raw
2024-02-28,27,5,22,"0,1",2024-02-28 00:00:00,2024-02-28 23:00:00,mixed_raw,mixed_raw_daily,D,daily,mixed,raw
2024-02-29,22,3,19,"0,1",2024-02-29 13:45:00,2024-02-29 23:45:00,mixed_raw,mixed_raw_daily,D,daily,mixed,raw
2024-03-01,67,3,64,"0,1",2024-03-01 01:45:00,2024-03-01 23:45:00,mixed_raw,mixed_raw_daily,D,daily,mixed,raw
2024-03-02,16,0,16,1,2024-03-02 01:00:00,2024-03-02 22:00:00,mixed_raw,mixed_raw_daily,D,daily,mixed,raw
2024-03-03,18,3,15,"0,1",2024-03-03 00:15:00,2024-03-03 22:00:00,mixed_raw,mixed_raw_daily,D,daily,mixed,raw
2024-03-04,24,4,20,"0,1",2024-03-04 03:45:00,2024-03-04 23:45:00,mixed_raw,mixed_raw_daily,D,daily,mixed,raw
2024-03-06,15,4,11,"0,1",2024-03-06 00:45:00,2024-03-06 22:15:00,mixed_raw,mixed_raw_daily,D,daily,mixed,raw
2024-03-07,18,3,15,"0,1",2024-03-07 00:30:00,2024-03-07 22:15:00,mixed_raw,mixed_raw_daily,D,daily,mixed,raw
2024-03-08,6,3,3,"0,1",2024-03-08 03:45:00,2024-03-08 15:30:00,mixed_raw,mixed_raw_daily,D,daily,mixed,raw
2024-03-09,9,0,9,1,2024-03-09 14:45:00,2024-03-09 20:45:00,mixed_raw,mixed_raw_daily,D,daily,mixed,raw
2024-03-10,21,1,20,"0,1",2024-03-10 00:30:00,2024-03-10 22:00:00,mixed_raw,mixed_raw_daily,D,daily,mixed,raw
2024-03-11,21,5,16,"0,1",2024-03-11 03:45:00,2024-03-11 21:00:00,mixed_raw,mixed_raw_daily,D,daily,mixed,raw
2024-03-12,17,4,13,"0,1",2024-03-12 00:00:00,2024-03-12 23:30:00,mixed_raw,mixed_raw_daily,D,daily,mixed,raw
2024-03-13,26,6,20,"0,1",2024-03-13 09:30:00,2024-03-13 23:45:00,mixed_raw,mixed_raw_daily,D,daily,mixed,raw
2024-03-14,15,1,14,"0,1",2024-03-14 03:30:00,2024-03-14 22:45:00,mixed_raw,mixed_raw_daily,D,daily,mixed,raw
2024-03-16,11,2,9,"0,1",2024-03-16 02:45:00,2024-03-16 23:30:00,mixed_raw,mixed_raw_daily,D,daily,mixed,raw
2024-03-17,24,3,21,"0,1",2024-03-17 11:15:00,2024-03-17 22:15:00,mixed_raw,mixed_raw_daily,D,daily,mixed,raw
2024-03-18,12,0,12,1,2024-03-18 00:45:00,2024-03-18 23:00:00,mixed_raw,mixed_raw_daily,D,daily,mixed,raw
2024-03-19,5,1,4,"0,1",2024-03-19 00:30:00,2024-03-19 18:00:00,mixed_raw,mixed_raw_daily,D,daily,mixed,raw
2024-03-20,22,3,19,"0,1",2024-03-20 02:00:00,2024-03-20 22:00:00,mixed_raw,mixed_raw_daily,D,daily,mixed,raw
2024-03-21,10,1,9,"0,1",2024-03-21 00:00:00,2024-03-21 23:45:00,mixed_raw,mixed_raw_daily,D,daily,mixed,raw
2024-03-22,15,3,12,"0,1",2024-03-22 00:15:00,2024-03-22 21:45:00,mixed_raw,mixed_raw_daily,D,daily,mixed,raw
2024-03-23,6,0,6,1,2024-03-23 02:30:00,2024-03-23 21:00:00,mixed_raw,mixed_raw_daily,D,daily,mixed,raw
2024-03-24,16,1,15,"0,1",2024-03-24 16:30:00,2024-03-24 23:45:00,mixed_raw,mixed_raw_daily,D,daily,mixed,raw
2024-03-25,13,1,12,"0,1",2024-03-25 12:00:00,2024-03-25 21:00:00,mixed_raw,mixed_raw_daily,D,daily,mixed,raw
2024-03-26,21,1,20,"0,1",2024-03-26 14:00:00,2024-03-26 23:15:00,mixed_raw,mixed_raw_daily,D,daily,mixed,raw
2024-03-27,13,2,11,"0,1",2024-03-27 10:30:00,2024-03-27 19:30:00,mixed_raw,mixed_raw_daily,D,daily,mixed,raw
2024-03-28,19,1,18,"0,1",2024-03-28 11:45:00,2024-03-28 22:45:00,mixed_raw,mixed_raw_daily,D,daily,mixed,raw
2024-03-29,34,4,30,"0,1",2024-03-29 00:15:00,2024-03-29 22:00:00,mixed_raw,mixed_raw_daily,D,daily,mixed,raw
2024-03-30,28,0,28,1,2024-03-30 00:00:00,2024-03-30 23:00:00,mixed_raw,mixed_raw_daily,D,daily,mixed,raw
2024-03-31,9,2,7,"0,1",2024-03-31 11:00:00,2024-03-31 23:00:00,mixed_raw,mixed_raw_daily,D,daily,mixed,raw
2024-04-01,35,5,30,"0,1",2024-04-01 04:15:00,2024-04-01 23:30:00,mixed_raw,mixed_raw_daily,D,daily,mixed,raw
2024-04-02,21,3,18,"0,1",2024-04-02 00:00:00,2024-04-02 21:15:00,mixed_raw,mixed_raw_daily,D,daily,mixed,raw
2024-04-03,19,0,19,1,2024-04-03 14:15:00,2024-04-03 23:15:00,mixed_raw,mixed_raw_daily,D,daily,mixed,raw
2024-04-04,25,5,20,"0,1",2024-04-04 03:15:00,2024-04-04 21:45:00,mixed_raw,mixed_raw_daily,D,daily,mixed,raw
2024-04-05,24,4,20,"0,1",2024-04-05 11:00:00,2024-04-05 22:30:00,mixed_raw,mixed_raw_daily,D,daily,mixed,raw
2024-04-06,14,1,13,"0,1",2024-04-06 02:15:00,2024-04-06 22:45:00,mixed_raw,mixed_raw_daily,D,daily,mixed,raw
2024-04-07,15,3,12,"0,1",2024-04-07 01:00:00,2024-04-07 22:15:00,mixed_raw,mixed_raw_daily,D,daily,mixed,raw
2024-04-08,21,4,17,"0,1",2024-04-08 00:00:00,2024-04-08 22:15:00,mixed_raw,mixed_raw_daily,D,daily,mixed,raw
2024-04-09,18,1,17,"0,1",2024-04-09 00:00:00,2024-04-09 22:00:00,mixed_raw,mixed_raw_daily,D,daily,mixed,raw
2024-04-10,26,6,20,"0,1",2024-04-10 00:30:00,2024-04-10 23:45:00,mixed_raw,mixed_raw_daily,D,daily,mixed,raw
2024-04-11,6,6,0,0,2024-04-11 13:45:00,2024-04-11 23:30:00,mixed_raw,mixed_raw_daily,D,daily,mixed,raw
2024-04-12,10,2,8,"0,1",2024-04-12 00:45:00,2024-04-12 22:45:00,mixed_raw,mixed_raw_daily,D,daily,mixed,raw
2024-04-13,6,0,6,1,2024-04-13 00:15:00,2024-04-13 23:00:00,mixed_raw,mixed_raw_daily,D,daily,mixed,raw
2024-04-14,14,0,14,1,2024-04-14 18:45:00,2024-04-14 23:15:00,mixed_raw,mixed_raw_daily,D,daily,mixed,raw
2024-04-15,6,6,0,0,2024-04-15 10:45:00,2024-04-15 23:15:00,mixed_raw,mixed_raw_daily,D,daily,mixed,raw
2024-04-16,23,3,20,"0,1",2024-04-16 08:00:00,2024-04-16 20:45:00,mixed_raw,mixed_raw_daily,D,daily,mixed,raw
2024-04-17,8,3,5,"0,1",2024-04-17 02:30:00,2024-04-17 20:30:00,mixed_raw,mixed_raw_daily,D,daily,mixed,raw
2024-04-20,5,0,5,1,2024-04-20 01:15:00,2024-04-20 20:15:00,mixed_raw,mixed_raw_daily,D,daily,mixed,raw
2024-04-21,12,0,12,1,2024-04-21 00:00:00,2024-04-21 21:45:00,mixed_raw,mixed_raw_daily,D,daily,mixed,raw
2024-04-23,16,0,16,1,2024-04-23 00:15:00,2024-04-23 23:15:00,mixed_raw,mixed_raw_daily,D,daily,mixed,raw
2024-04-24,26,6,20,"0,1",2024-04-24 03:30:00,2024-04-24 22:30:00,mixed_raw,mixed_raw_daily,D,daily,mixed,raw
2024-04-25,23,3,20,"0,1",2024-04-25 03:00:00,2024-04-25 23:15:00,mixed_raw,mixed_raw_daily,D,daily,mixed,raw
2024-04-26,17,2,15,"0,1",2024-04-26 00:00:00,2024-04-26 19:15:00,mixed_raw,mixed_raw_daily,D,daily,mixed,raw
2024-04-27,19,1,18,"0,1",2024-04-27 00:00:00,2024-04-27 21:45:00,mixed_raw,mixed_raw_daily,D,daily,mixed,raw
2024-04-28,10,0,10,1,2024-04-28 00:00:00,2024-04-28 20:00:00,mixed_raw,mixed_raw_daily,D,daily,mixed,raw
2024-04-29,33,1,32,"0,1",2024-04-29 00:00:00,2024-04-29 23:30:00,mixed_raw,mixed_raw_daily,D,daily,mixed,raw
2024-04-30,42,6,36,"0,1",2024-04-30 00:00:00,2024-04-30 23:30:00,mixed_raw,mixed_raw_daily,D,daily,mixed,raw
2024-05-01,32,3,29,"0,1",2024-05-01 01:30:00,2024-05-01 23:00:00,mixed_raw,mixed_raw_daily,D,daily,mixed,raw
2024-05-02,23,3,20,"0,1",2024-05-02 12:45:00,2024-05-02 22:30:00,mixed_raw,mixed_raw_daily,D,daily,mixed,raw
2024-05-03,17,6,11,"0,1",2024-05-03 08:00:00,2024-05-03 23:30:00,mixed_raw,mixed_raw_daily,D,daily,mixed,raw
2024-05-04,8,0,8,1,2024-05-04 01:30:00,2024-05-04 20:30:00,mixed_raw,mixed_raw_daily,D,daily,mixed,raw
2024-05-05,19,1,18,"0,1",2024-05-05 14:30:00,2024-05-05 21:30:00,mixed_raw,mixed_raw_daily,D,daily,mixed,raw
2024-05-06,10,0,10,1,2024-05-06 00:15:00,2024-05-06 23:00:00,mixed_raw,mixed_raw_daily,D,daily,mixed,raw
2024-05-07,17,4,13,"0,1",2024-05-07 02:30:00,2024-05-07 22:45:00,mixed_raw,mixed_raw_daily,D,daily,mixed,raw
2024-05-08,13,4,9,"0,1",2024-05-08 01:15:00,2024-05-08 19:15:00,mixed_raw,mixed_raw_daily,D,daily,mixed,raw
2024-05-09,21,1,20,"0,1",2024-05-09 11:15:00,2024-05-09 22:45:00,mixed_raw,mixed_raw_daily,D,daily,mixed,raw
2024-05-10,14,5,9,"0,1",2024-05-10 00:15:00,2024-05-10 23:45:00,mixed_raw,mixed_raw_daily,D,daily,mixed,raw
2024-05-12,21,1,20,"0,1",2024-05-12 01:00:00,2024-05-12 23:30:00,mixed_raw,mixed_raw_daily,D,daily,mixed,raw
2024-05-13,11,1,10,"0,1",2024-05-13 14:00:00,2024-05-13 23:30:00,mixed_raw,mixed_raw_daily,D,daily,mixed,raw
2024-05-14,15,2,13,"0,1",2024-05-14 12:15:00,2024-05-14 21:15:00,mixed_raw,mixed_raw_daily,D,daily,mixed,raw
2024-05-15,18,2,16,"0,1",2024-05-15 01:00:00,2024-05-15 23:15:00,mixed_raw,mixed_raw_daily,D,daily,mixed,raw
2024-05-16,21,5,16,"0,1",2024-05-16 01:00:00,2024-05-16 23:15:00,mixed_raw,mixed_raw_daily,D,daily,mixed,raw
2024-05-17,15,0,15,1,2024-05-17 00:00:00,2024-05-17 23:00:00,mixed_raw,mixed_raw_daily,D,daily,mixed,raw
2024-05-18,5,0,5,1,2024-05-18 16:15:00,2024-05-18 19:45:00,mixed_raw,mixed_raw_daily,D,daily,mixed,raw
2024-05-19,19,1,18,"0,1",2024-05-19 02:00:00,2024-05-19 23:00:00,mixed_raw,mixed_raw_daily,D,daily,mixed,raw
2024-05-20,24,4,20,"0,1",2024-05-20 15:00:00,2024-05-20 23:45:00,mixed_raw,mixed_raw_daily,D,daily,mixed,raw
2024-05-21,5,2,3,"0,1",2024-05-21 03:00:00,2024-05-21 19:30:00,mixed_raw,mixed_raw_daily,D,daily,mixed,raw
2024-05-22,19,1,18,"0,1",2024-05-22 00:30:00,2024-05-22 23:00:00,mixed_raw,mixed_raw_daily,D,daily,mixed,raw
2024-05-23,6,0,6,1,2024-05-23 14:45:00,2024-05-23 21:00:00,mixed_raw,mixed_raw_daily,D,daily,mixed,raw
2024-05-25,6,0,6,1,2024-05-25 13:00:00,2024-05-25 20:00:00,mixed_raw,mixed_raw_daily,D,daily,mixed,raw
2024-05-26,18,1,17,"0,1",2024-05-26 11:00:00,2024-05-26 23:45:00,mixed_raw,mixed_raw_daily,D,daily,mixed,raw
2024-05-27,7,0,7,1,2024-05-27 04:15:00,2024-05-27 22:00:00,mixed_raw,mixed_raw_daily,D,daily,mixed,raw
2024-05-28,21,3,18,"0,1",2024-05-28 02:15:00,2024-05-28 23:00:00,mixed_raw,mixed_raw_daily,D,daily,mixed,raw
2024-05-29,14,2,12,"0,1",2024-05-29 01:00:00,2024-05-29 23:30:00,mixed_raw,mixed_raw_daily,D,daily,mixed,raw
2024-05-30,17,2,15,"0,1",2024-05-30 00:45:00,2024-05-30 23:30:00,mixed_raw,mixed_raw_daily,D,daily,mixed,raw
2024-05-31,15,3,12,"0,1",2024-05-31 01:15:00,2024-05-31 23:30:00,mixed_raw,mixed_raw_daily,D,daily,mixed,raw
2024-06-01,51,0,51,1,2024-06-01 00:15:00,2024-06-01 22:00:00,mixed_raw,mixed_raw_daily,D,daily,mixed,raw
2024-06-02,21,0,21,1,2024-06-02 06:00:00,2024-06-02 23:45:00,mixed_raw,mixed_raw_daily,D,daily,mixed,raw
2024-06-03,15,3,12,"0,1",2024-06-03 03:15:00,2024-06-03 22:15:00,mixed_raw,mixed_raw_daily,D,daily,mixed,raw
2024-06-04,14,6,8,"0,1",2024-06-04 01:00:00,2024-06-04 23:45:00,mixed_raw,mixed_raw_daily,D,daily,mixed,raw
2024-06-05,20,0,20,1,2024-06-05 00:15:00,2024-06-05 19:45:00,mixed_raw,mixed_raw_daily,D,daily,mixed,raw
2024-06-07,15,4,11,"0,1",2024-06-07 01:00:00,2024-06-07 22:45:00,mixed_raw,mixed_raw_daily,D,daily,mixed,raw
2024-06-09,18,2,16,"0,1",2024-06-09 00:30:00,2024-06-09 23:15:00,mixed_raw,mixed_raw_daily,D,daily,mixed,raw
2024-06-10,7,1,6,"0,1",2024-06-10 02:45:00,2024-06-10 17:45:00,mixed_raw,mixed_raw_daily,D,daily,mixed,raw
2024-06-11,24,4,20,"0,1",2024-06-11 00:45:00,2024-06-11 23:30:00,mixed_raw,mixed_raw_daily,D,daily,mixed,raw
2024-06-12,18,2,16,"0,1",2024-06-12 16:15:00,2024-06-12 23:15:00,mixed_raw,mixed_raw_daily,D,daily,mixed,raw
2024-06-13,22,6,16,"0,1",2024-06-13 07:30:00,2024-06-13 21:15:00,mixed_raw,mixed_raw_daily,D,daily,mixed,raw
2024-06-14,13,4,9,"0,1",2024-06-14 02:00:00,2024-06-14 21:45:00,mixed_raw,mixed_raw_daily,D,daily,mixed,raw
2024-06-15,6,1,5,"0,1",2024-06-15 01:00:00,2024-06-15 20:45:00,mixed_raw,mixed_raw_daily,D,daily,mixed,raw
2024-06-16,21,1,20,"0,1",2024-06-16 03:30:00,2024-06-16 22:45:00,mixed_raw,mixed_raw_daily,D,daily,mixed,raw
2024-06-18,20,1,19,"0,1",2024-06-18 03:00:00,2024-06-18 21:30:00,mixed_raw,mixed_raw_daily,D,daily,mixed,raw
2024-06-19,19,0,19,1,2024-06-19 00:00:00,2024-06-19 23:45:00,mixed_raw,mixed_raw_daily,D,daily,mixed,raw
2024-06-20,19,2,17,"0,1",2024-06-20 00:00:00,2024-06-20 23:00:00,mixed_raw,mixed_raw_daily,D,daily,mixed,raw
2024-06-21,14,3,11,"0,1",2024-06-21 00:30:00,2024-06-21 23:00:00,mixed_raw,mixed_raw_daily,D,daily,mixed,raw
2024-06-22,8,1,7,"0,1",2024-06-22 02:30:00,2024-06-22 18:00:00,mixed_raw,mixed_raw_daily,D,daily,mixed,raw
2024-06-23,12,1,11,"0,1",2024-06-23 00:45:00,2024-06-23 23:30:00,mixed_raw,mixed_raw_daily,D,daily,mixed,raw
2024-06-24,23,2,21,"0,1",2024-06-24 01:00:00,2024-06-24 23:45:00,mixed_raw,mixed_raw_daily,D,daily,mixed,raw
2024-06-25,12,1,11,"0,1",2024-06-25 02:30:00,2024-06-25 22:30:00,mixed_raw,mixed_raw_daily,D,daily,mixed,raw
2024-06-26,22,2,20,"0,1",2024-06-26 03:45:00,2024-06-26 22:15:00,mixed_raw,mixed_raw_daily,D,daily,mixed,raw
2024-06-27,15,2,13,"0,1",2024-06-27 00:45:00,2024-06-27 21:15:00,mixed_raw,mixed_raw_daily,D,daily,mixed,raw
2024-06-28,28,7,21,"0,1",2024-06-28 00:15:00,2024-06-28 23:30:00,mixed_raw,mixed_raw_daily,D,daily,mixed,raw
2024-06-29,15,1,14,"0,1",2024-06-29 00:45:00,2024-06-29 23:00:00,mixed_raw,mixed_raw_daily,D,daily,mixed,raw
2024-06-30,20,0,20,1,2024-06-30 01:45:00,2024-06-30 22:45:00,mixed_raw,mixed_raw_daily,D,daily,mixed,raw
2024-07-01,43,1,42,"0,1",2024-07-01 01:00:00,2024-07-01 20:30:00,mixed_raw,mixed_raw_daily,D,daily,mixed,raw
2024-07-02,32,7,25,"0,1",2024-07-02 00:00:00,2024-07-02 21:45:00,mixed_raw,mixed_raw_daily,D,daily,mixed,raw
2024-07-03,16,2,14,"0,1",2024-07-03 00:00:00,2024-07-03 23:00:00,mixed_raw,mixed_raw_daily,D,daily,mixed,raw
2024-07-04,12,0,12,1,2024-07-04 00:15:00,2024-07-04 22:30:00,mixed_raw,mixed_raw_daily,D,daily,mixed,raw
2024-07-05,7,2,5,"0,1",2024-07-05 02:45:00,2024-07-05 19:00:00,mixed_raw,mixed_raw_daily,D,daily,mixed,raw
2024-07-06,6,1,5,"0,1",2024-07-06 12:00:00,2024-07-06 23:30:00,mixed_raw,mixed_raw_daily,D,daily,mixed,raw
2024-07-07,11,1,10,"0,1",2024-07-07 16:30:00,2024-07-07 21:15:00,mixed_raw,mixed_raw_daily,D,daily,mixed,raw
2024-07-08,19,5,14,"0,1",2024-07-08 00:00:00,2024-07-08 23:45:00,mixed_raw,mixed_raw_daily,D,daily,mixed,raw
2024-07-09,10,1,9,"0,1",2024-07-09 03:15:00,2024-07-09 22:15:00,mixed_raw,mixed_raw_daily,D,daily,mixed,raw
2024-07-10,22,1,21,"0,1",2024-07-10 00:15:00,2024-07-10 23:00:00,mixed_raw,mixed_raw_daily,D,daily,mixed,raw
2024-07-11,24,4,20,"0,1",2024-07-11 02:45:00,2024-07-11 23:45:00,mixed_raw,mixed_raw_daily,D,daily,mixed,raw
2024-07-13,8,1,7,"0,1",2024-07-13 03:30:00,2024-07-13 19:00:00,mixed_raw,mixed_raw_daily,D,daily,mixed,raw
2024-07-14,33,2,31,"0,1",2024-07-14 00:00:00,2024-07-14 23:15:00,mixed_raw,mixed_raw_daily,D,daily,mixed,raw
2024-07-15,20,0,20,1,2024-07-15 20:00:00,2024-07-15 23:45:00,mixed_raw,mixed_raw_daily,D,daily,mixed,raw
2024-07-16,6,6,0,0,2024-07-16 15:45:00,2024-07-16 21:00:00,mixed_raw,mixed_raw_daily,D,daily,mixed,raw
2024-07-17,25,5,20,"0,1",2024-07-17 02:30:00,2024-07-17 23:00:00,mixed_raw,mixed_raw_daily,D,daily,mixed,raw
2024-07-18,28,8,20,"0,1",2024-07-18 10:45:00,2024-07-18 23:30:00,mixed_raw,mixed_raw_daily,D,daily,mixed,raw
2024-07-19,21,1,20,"0,1",2024-07-19 04:30:00,2024-07-19 23:45:00,mixed_raw,mixed_raw_daily,D,daily,mixed,raw
2024-07-20,15,2,13,"0,1",2024-07-20 01:45:00,2024-07-20 23:00:00,mixed_raw,mixed_raw_daily,D,daily,mixed,raw
2024-07-21,15,2,13,"0,1",2024-07-21 00:00:00,2024-07-21 23:15:00,mixed_raw,mixed_raw_daily,D,daily,mixed,raw
2024-07-22,20,0,20,1,2024-07-22 00:45:00,2024-07-22 22:15:00,mixed_raw,mixed_raw_daily,D,daily,mixed,raw
2024-07-23,25,5,20,"0,1",2024-07-23 04:45:00,2024-07-23 22:30:00,mixed_raw,mixed_raw_daily,D,daily,mixed,raw
2024-07-24,19,0,19,1,2024-07-24 04:45:00,2024-07-24 22:15:00,mixed_raw,mixed_raw_daily,D,daily,mixed,raw
2024-07-25,15,4,11,"0,1",2024-07-25 02:15:00,2024-07-25 22:45:00,mixed_raw,mixed_raw_daily,D,daily,mixed,raw
2024-07-26,23,2,21,"0,1",2024-07-26 00:00:00,2024-07-26 23:00:00,mixed_raw,mixed_raw_daily,D,daily,mixed,raw
2024-07-27,11,3,8,"0,1",2024-07-27 05:45:00,2024-07-27 22:30:00,mixed_raw,mixed_raw_daily,D,daily,mixed,raw
2024-07-29,12,0,12,1,2024-07-29 01:00:00,2024-07-29 23:30:00,mixed_raw,mixed_raw_daily,D,daily,mixed,raw
2024-07-30,21,1,20,"0,1",2024-07-30 00:15:00,2024-07-30 23:00:00,mixed_raw,mixed_raw_daily,D,daily,mixed,raw
2024-07-31,16,0,16,1,2024-07-31 18:00:00,2024-07-31 22:15:00,mixed_raw,mixed_raw_daily,D,daily,mixed,raw
2024-08-01,74,6,68,"0,1",2024-08-01 00:00:00,2024-08-01 23:45:00,mixed_raw,mixed_raw_daily,D,daily,mixed,raw
2024-08-02,22,7,15,"0,1",2024-08-02 00:15:00,2024-08-02 20:45:00,mixed_raw,mixed_raw_daily,D,daily,mixed,raw
2024-08-03,22,1,21,"0,1",2024-08-03 00:00:00,2024-08-03 22:15:00,mixed_raw,mixed_raw_daily,D,daily,mixed,raw
2024-08-04,16,1,15,"0,1",2024-08-04 00:00:00,2024-08-04 21:45:00,mixed_raw,mixed_raw_daily,D,daily,mixed,raw
2024-08-05,7,4,3,"0,1",2024-08-05 10:45:00,2024-08-05 19:15:00,mixed_raw,mixed_raw_daily,D,daily,mixed,raw
2024-08-06,20,3,17,"0,1",2024-08-06 02:15:00,2024-08-06 18:00:00,mixed_raw,mixed_raw_daily,D,daily,mixed,raw
2024-08-07,14,5,9,"0,1",2024-08-07 01:00:00,2024-08-07 22:15:00,mixed_raw,mixed_raw_daily,D,daily,mixed,raw
2024-08-08,15,1,14,"0,1",2024-08-08 03:30:00,2024-08-08 21:15:00,mixed_raw,mixed_raw_daily,D,daily,mixed,raw
2024-08-09,9,1,8,"0,1",2024-08-09 01:00:00,2024-08-09 23:45:00,mixed_raw,mixed_raw_daily,D,daily,mixed,raw
2024-08-10,9,0,9,1,2024-08-10 01:00:00,2024-08-10 23:00:00,mixed_raw,mixed_raw_daily,D,daily,mixed,raw
2024-08-11,8,0,8,1,2024-08-11 00:15:00,2024-08-11 19:15:00,mixed_raw,mixed_raw_daily,D,daily,mixed,raw
2024-08-12,9,0,9,1,2024-08-12 13:30:00,2024-08-12 20:45:00,mixed_raw,mixed_raw_daily,D,daily,mixed,raw
2024-08-13,26,3,23,"0,1",2024-08-13 00:00:00,2024-08-13 22:30:00,mixed_raw,mixed_raw_daily,D,daily,mixed,raw
2024-08-14,22,5,17,"0,1",2024-08-14 02:30:00,2024-08-14 21:15:00,mixed_raw,mixed_raw_daily,D,daily,mixed,raw
2024-08-15,25,3,22,"0,1",2024-08-15 00:15:00,2024-08-15 23:15:00,mixed_raw,mixed_raw_daily,D,daily,mixed,raw
2024-08-16,9,4,5,"0,1",2024-08-16 03:30:00,2024-08-16 23:15:00,mixed_raw,mixed_raw_daily,D,daily,mixed,raw
2024-08-17,10,3,7,"0,1",2024-08-17 05:00:00,2024-08-17 19:30:00,mixed_raw,mixed_raw_daily,D,daily,mixed,raw
2024-08-18,26,0,26,1,2024-08-18 00:00:00,2024-08-18 23:45:00,mixed_raw,mixed_raw_daily,D,daily,mixed,raw
2024-08-19,15,0,15,1,2024-08-19 01:45:00,2024-08-19 23:30:00,mixed_raw,mixed_raw_daily,D,daily,mixed,raw
2024-08-20,16,2,14,"0,1",2024-08-20 01:00:00,2024-08-20 23:45:00,mixed_raw,mixed_raw_daily,D,daily,mixed,raw
2024-08-21,28,9,19,"0,1",2024-08-21 15:30:00,2024-08-21 23:30:00,mixed_raw,mixed_raw_daily,D,daily,mixed,raw
2024-08-22,26,7,19,"0,1",2024-08-22 00:15:00,2024-08-22 23:45:00,mixed_raw,mixed_raw_daily,D,daily,mixed,raw
2024-08-23,16,1,15,"0,1",2024-08-23 00:15:00,2024-08-23 23:45:00,mixed_raw,mixed_raw_daily,D,daily,mixed,raw
2024-08-24,16,4,12,"0,1",2024-08-24 00:15:00,2024-08-24 22:15:00,mixed_raw,mixed_raw_daily,D,daily,mixed,raw
2024-08-25,24,0,24,1,2024-08-25 00:00:00,2024-08-25 23:45:00,mixed_raw,mixed_raw_daily,D,daily,mixed,raw
2024-08-26,14,1,13,"0,1",2024-08-26 00:00:00,2024-08-26 22:00:00,mixed_raw,mixed_raw_daily,D,daily,mixed,raw
2024-08-27,24,9,15,"0,1",2024-08-27 01:30:00,2024-08-27 23:15:00,mixed_raw,mixed_raw_daily,D,daily,mixed,raw
2024-08-28,23,4,19,"0,1",2024-08-28 00:00:00,2024-08-28 22:00:00,mixed_raw,mixed_raw_daily,D,daily,mixed,raw
2024-08-29,17,0,17,1,2024-08-29 00:00:00,2024-08-29 23:15:00,mixed_raw,mixed_raw_daily,D,daily,mixed,raw
2024-08-30,42,0,42,1,2024-08-30 00:45:00,2024-08-30 23:45:00,mixed_raw,mixed_raw_daily,D,daily,mixed,raw
2024-08-31,17,1,16,"0,1",2024-08-31 01:45:00,2024-08-31 22:30:00,mixed_raw,mixed_raw_daily,D,daily,mixed,raw
2024-09-01,31,0,31,1,2024-09-01 00:00:00,2024-09-01 22:45:00,mixed_raw,mixed_raw_daily,D,daily,mixed,raw
2024-09-02,19,4,15,"0,1",2024-09-02 00:30:00,2024-09-02 22:45:00,mixed_raw,mixed_raw_daily,D,daily,mixed,raw
2024-09-03,10,4,6,"0,1",2024-09-03 12:00:00,2024-09-03 19:15:00,mixed_raw,mixed_raw_daily,D,daily,mixed,raw
2024-09-04,23,6,17,"0,1",2024-09-04 01:45:00,2024-09-04 21:00:00,mixed_raw,mixed_raw_daily,D,daily,mixed,raw
2024-09-05,18,3,15,"0,1",2024-09-05 00:15:00,2024-09-05 22:15:00,mixed_raw,mixed_raw_daily,D,daily,mixed,raw
2024-09-06,22,5,17,"0,1",2024-09-06 00:15:00,2024-09-06 23:45:00,mixed_raw,mixed_raw_daily,D,daily,mixed,raw
2024-09-07,7,0,7,1,2024-09-07 01:30:00,2024-09-07 23:45:00,mixed_raw,mixed_raw_daily,D,daily,mixed,raw
2024-09-08,20,0,20,1,2024-09-08 17:00:00,2024-09-08 22:15:00,mixed_raw,mixed_raw_daily,D,daily,mixed,raw
2024-09-09,22,2,20,"0,1",2024-09-09 05:30:00,2024-09-09 23:30:00,mixed_raw,mixed_raw_daily,D,daily,mixed,raw
2024-09-10,18,5,13,"0,1",2024-09-10 02:30:00,2024-09-10 23:00:00,mixed_raw,mixed_raw_daily,D,daily,mixed,raw
2024-09-11,23,3,20,"0,1",2024-09-11 05:00:00,2024-09-11 22:00:00,mixed_raw,mixed_raw_daily,D,daily,mixed,raw
2024-09-12,13,4,9,"0,1",2024-09-12 00:45:00,2024-09-12 23:00:00,mixed_raw,mixed_raw_daily,D,daily,mixed,raw
2024-09-13,25,5,20,"0,1",2024-09-13 03:45:00,2024-09-13 23:15:00,mixed_raw,mixed_raw_daily,D,daily,mixed,raw
2024-09-14,5,2,3,"0,1",2024-09-14 04:45:00,2024-09-14 23:00:00,mixed_raw,mixed_raw_daily,D,daily,mixed,raw
2024-09-15,20,0,20,1,2024-09-15 03:00:00,2024-09-15 23:45:00,mixed_raw,mixed_raw_daily,D,daily,mixed,raw
2024-09-16,14,3,11,"0,1",2024-09-16 10:45:00,2024-09-16 17:45:00,mixed_raw,mixed_raw_daily,D,daily,mixed,raw
2024-09-17,22,2,20,"0,1",2024-09-17 01:45:00,2024-09-17 22:00:00,mixed_raw,mixed_raw_daily,D,daily,mixed,raw
2024-09-18,15,1,14,"0,1",2024-09-18 01:30:00,2024-09-18 22:15:00,mixed_raw,mixed_raw_daily,D,daily,mixed,raw
2024-09-19,16,3,13,"0,1",2024-09-19 02:45:00,2024-09-19 22:30:00,mixed_raw,mixed_raw_daily,D,daily,mixed,raw
2024-09-20,25,5,20,"0,1",2024-09-20 10:45:00,2024-09-20 23:00:00,mixed_raw,mixed_raw_daily,D,daily,mixed,raw
2024-09-21,6,0,6,1,2024-09-21 01:15:00,2024-09-21 20:00:00,mixed_raw,mixed_raw_daily,D,daily,mixed,raw
2024-09-22,21,0,21,1,2024-09-22 13:30:00,2024-09-22 22:00:00,mixed_raw,mixed_raw_daily,D,daily,mixed,raw
2024-09-23,25,5,20,"0,1",2024-09-23 12:45:00,2024-09-23 22:00:00,mixed_raw,mixed_raw_daily,D,daily,mixed,raw
2024-09-24,18,2,16,"0,1",2024-09-24 00:30:00,2024-09-24 21:15:00,mixed_raw,mixed_raw_daily,D,daily,mixed,raw
2024-09-25,32,11,21,"0,1",2024-09-25 00:00:00,2024-09-25 23:00:00,mixed_raw,mixed_raw_daily,D,daily,mixed,raw
2024-09-26,16,0,16,1,2024-09-26 00:15:00,2024-09-26 22:15:00,mixed_raw,mixed_raw_daily,D,daily,mixed,raw
2024-09-27,23,7,16,"0,1",2024-09-27 00:00:00,2024-09-27 22:30:00,mixed_raw,mixed_raw_daily,D,daily,mixed,raw
2024-09-29,18,0,18,1,2024-09-29 05:15:00,2024-09-29 22:45:00,mixed_raw,mixed_raw_daily,D,daily,mixed,raw
2024-09-30,26,2,24,"0,1",2024-09-30 00:15:00,2024-09-30 23:15:00,mixed_raw,mixed_raw_daily,D,daily,mixed,raw
2024-10-01,65,1,64,"0,1",2024-10-01 00:00:00,2024-10-01 23:00:00,mixed_raw,mixed_raw_daily,D,daily,mixed,raw
2024-10-02,12,2,10,"0,1",2024-10-02 04:30:00,2024-10-02 23:30:00,mixed_raw,mixed_raw_daily,D,daily,mixed,raw
2024-10-03,19,2,17,"0,1",2024-10-03 01:00:00,2024-10-03 23:30:00,mixed_raw,mixed_raw_daily,D,daily,mixed,raw
2024-10-04,15,3,12,"0,1",2024-10-04 00:45:00,2024-10-04 22:30:00,mixed_raw,mixed_raw_daily,D,daily,mixed,raw
2024-10-05,12,2,10,"0,1",2024-10-05 00:00:00,2024-10-05 21:00:00,mixed_raw,mixed_raw_daily,D,daily,mixed,raw
2024-10-06,15,0,15,1,2024-10-06 01:15:00,2024-10-06 22:30:00,mixed_raw,mixed_raw_daily,D,daily,mixed,raw
2024-10-07,16,5,11,"0,1",2024-10-07 00:45:00,2024-10-07 21:30:00,mixed_raw,mixed_raw_daily,D,daily,mixed,raw
2024-10-08,20,0,20,1,2024-10-08 00:30:00,2024-10-08 20:30:00,mixed_raw,mixed_raw_daily,D,daily,mixed,raw
2024-10-09,14,2,12,"0,1",2024-10-09 00:45:00,2024-10-09 20:45:00,mixed_raw,mixed_raw_daily,D,daily,mixed,raw
2024-10-10,17,5,12,"0,1",2024-10-10 11:15:00,2024-10-10 22:00:00,mixed_raw,mixed_raw_daily,D,daily,mixed,raw
2024-10-11,29,4,25,"0,1",2024-10-11 00:00:00,2024-10-11 21:00:00,mixed_raw,mixed_raw_daily,D,daily,mixed,raw
2024-10-12,13,2,11,"0,1",2024-10-12 01:00:00,2024-10-12 23:15:00,mixed_raw,mixed_raw_daily,D,daily,mixed,raw
2024-10-13,23,1,22,"0,1",2024-10-13 15:30:00,2024-10-13 23:30:00,mixed_raw,mixed_raw_daily,D,daily,mixed,raw
2024-10-14,15,2,13,"0,1",2024-10-14 04:00:00,2024-10-14 23:30:00,mixed_raw,mixed_raw_daily,D,daily,mixed,raw
2024-10-15,6,2,4,"0,1",2024-10-15 11:00:00,2024-10-15 20:00:00,mixed_raw,mixed_raw_daily,D,daily,mixed,raw
2024-10-16,26,1,25,"0,1",2024-10-16 00:15:00,2024-10-16 23:30:00,mixed_raw,mixed_raw_daily,D,daily,mixed,raw
2024-10-17,18,1,17,"0,1",2024-10-17 00:30:00,2024-10-17 21:30:00,mixed_raw,mixed_raw_daily,D,daily,mixed,raw
2024-10-18,17,3,14,"0,1",2024-10-18 01:30:00,2024-10-18 23:15:00,mixed_raw,mixed_raw_daily,D,daily,mixed,raw
2024-10-19,8,1,7,"0,1",2024-10-19 01:00:00,2024-10-19 22:00:00,mixed_raw,mixed_raw_daily,D,daily,mixed,raw
2024-10-20,18,2,16,"0,1",2024-10-20 10:30:00,2024-10-20 22:45:00,mixed_raw,mixed_raw_daily,D,daily,mixed,raw
2024-10-21,14,10,4,"0,1",2024-10-21 00:00:00,2024-10-21 21:45:00,mixed_raw,mixed_raw_daily,D,daily,mixed,raw
2024-10-23,21,1,20,"0,1",2024-10-23 04:45:00,2024-10-23 23:45:00,mixed_raw,mixed_raw_daily,D,daily,mixed,raw
2024-10-24,22,5,17,"0,1",2024-10-24 01:15:00,2024-10-24 21:45:00,mixed_raw,mixed_raw_daily,D,daily,mixed,raw
2024-10-25,28,5,23,"0,1",2024-10-25 00:15:00,2024-10-25 23:30:00,mixed_raw,mixed_raw_daily,D,daily,mixed,raw
2024-10-26,8,3,5,"0,1",2024-10-26 03:15:00,2024-10-26 23:30:00,mixed_raw,mixed_raw_daily,D,daily,mixed,raw
2024-10-27,24,3,21,"0,1",2024-10-27 01:15:00,2024-10-27 21:00:00,mixed_raw,mixed_raw_daily,D,daily,mixed,raw
2024-10-28,23,4,19,"0,1",2024-10-28 01:30:00,2024-10-28 23:00:00,mixed_raw,mixed_raw_daily,D,daily,mixed,raw
2024-10-29,9,0,9,1,2024-10-29 01:00:00,2024-10-29 23:30:00,mixed_raw,mixed_raw_daily,D,daily,mixed,raw
2024-10-31,40,2,38,"0,1",2024-10-31 02:45:00,2024-10-31 23:15:00,mixed_raw,mixed_raw_daily,D,daily,mixed,raw
2024-11-01,61,8,53,"0,1",2024-11-01 00:30:00,2024-11-01 23:45:00,mixed_raw,mixed_raw_daily,D,daily,mixed,raw
2024-11-02,10,0,10,1,2024-11-02 01:15:00,2024-11-02 22:00:00,mixed_raw,mixed_raw_daily,D,daily,mixed,raw
2024-11-03,15,3,12,"0,1",2024-11-03 17:15:00,2024-11-03 23:00:00,mixed_raw,mixed_raw_daily,D,daily,mixed,raw
2024-11-04,29,2,27,"0,1",2024-11-04 00:00:00,2024-11-04 22:00:00,mixed_raw,mixed_raw_daily,D,daily,mixed,raw
2024-11-05,25,5,20,"0,1",2024-11-05 01:15:00,2024-11-05 22:30:00,mixed_raw,mixed_raw_daily,D,daily,mixed,raw
2024-11-06,23,3,20,"0,1",2024-11-06 03:15:00,2024-11-06 23:30:00,mixed_raw,mixed_raw_daily,D,daily,mixed,raw
2024-11-08,23,3,20,"0,1",2024-11-08 03:00:00,2024-11-08 21:45:00,mixed_raw,mixed_raw_daily,D,daily,mixed,raw
2024-11-09,6,1,5,"0,1",2024-11-09 01:30:00,2024-11-09 17:30:00,mixed_raw,mixed_raw_daily,D,daily,mixed,raw
2024-11-10,23,0,23,1,2024-11-10 19:30:00,2024-11-10 23:00:00,mixed_raw,mixed_raw_daily,D,daily,mixed,raw
2024-11-11,6,6,0,0,2024-11-11 15:45:00,2024-11-11 17:30:00,mixed_raw,mixed_raw_daily,D,daily,mixed,raw
2024-11-13,20,5,15,"0,1",2024-11-13 00:30:00,2024-11-13 20:15:00,mixed_raw,mixed_raw_daily,D,daily,mixed,raw
2024-11-14,5,1,4,"0,1",2024-11-14 01:15:00,2024-11-14 23:45:00,mixed_raw,mixed_raw_daily,D,daily,mixed,raw
2024-11-15,25,7,18,"0,1",2024-11-15 01:30:00,2024-11-15 23:00:00,mixed_raw,mixed_raw_daily,D,daily,mixed,raw
2024-11-16,11,0,11,1,2024-11-16 03:30:00,2024-11-16 20:45:00,mixed_raw,mixed_raw_daily,D,daily,mixed,raw
2024-11-17,9,1,8,"0,1",2024-11-17 00:00:00,2024-11-17 23:00:00,mixed_raw,mixed_raw_daily,D,daily,mixed,raw
2024-11-18,11,2,9,"0,1",2024-11-18 06:45:00,2024-11-18 23:45:00,mixed_raw,mixed_raw_daily,D,daily,mixed,raw
2024-11-19,12,0,12,1,2024-11-19 02:45:00,2024-11-19 22:30:00,mixed_raw,mixed_raw_daily,D,daily,mixed,raw
2024-11-20,26,3,23,"0,1",2024-11-20 00:00:00,2024-11-20 21:45:00,mixed_raw,mixed_raw_daily,D,daily,mixed,raw
2024-11-21,18,3,15,"0,1",2024-11-21 02:15:00,2024-11-21 23:15:00,mixed_raw,mixed_raw_daily,D,daily,mixed,raw
2024-11-22,8,1,7,"0,1",2024-11-22 01:15:00,2024-11-22 19:45:00,mixed_raw,mixed_raw_daily,D,daily,mixed,raw
2024-11-23,23,4,19,"0,1",2024-11-23 01:00:00,2024-11-23 20:15:00,mixed_raw,mixed_raw_daily,D,daily,mixed,raw
2024-11-24,16,2,14,"0,1",2024-11-24 12:00:00,2024-11-24 19:45:00,mixed_raw,mixed_raw_daily,D,daily,mixed,raw
2024-11-25,14,7,7,"0,1",2024-11-25 00:00:00,2024-11-25 23:15:00,mixed_raw,mixed_raw_daily,D,daily,mixed,raw
2024-11-26,13,3,10,"0,1",2024-11-26 03:00:00,2024-11-26 23:30:00,mixed_raw,mixed_raw_daily,D,daily,mixed,raw
2024-11-27,16,4,12,"0,1",2024-11-27 01:30:00,2024-11-27 22:15:00,mixed_raw,mixed_raw_daily,D,daily,mixed,raw
2024-11-28,14,1,13,"0,1",2024-11-28 01:30:00,2024-11-28 22:30:00,mixed_raw,mixed_raw_daily,D,daily,mixed,raw
2024-11-29,26,1,25,"0,1",2024-11-29 01:15:00,2024-11-29 22:00:00,mixed_raw,mixed_raw_daily,D,daily,mixed,raw
2024-11-30,18,0,18,1,2024-11-30 17:15:00,2024-11-30 21:15:00,mixed_raw,mixed_raw_daily,D,daily,mixed,raw
2024-12-01,35,2,33,"0,1",2024-12-01 00:30:00,2024-12-01 22:30:00,mixed_raw,mixed_raw_daily,D,daily,mixed,raw
2024-12-03,25,5,20,"0,1",2024-12-03 00:45:00,2024-12-03 21:00:00,mixed_raw,mixed_raw_daily,D,daily,mixed,raw
2024-12-04,23,4,19,"0,1",2024-12-04 01:30:00,2024-12-04 23:45:00,mixed_raw,mixed_raw_daily,D,daily,mixed,raw
2024-12-05,17,0,17,1,2024-12-05 00:15:00,2024-12-05 20:00:00,mixed_raw,mixed_raw_daily,D,daily,mixed,raw
2024-12-06,12,1,11,"0,1",2024-12-06 03:15:00,2024-12-06 23:15:00,mixed_raw,mixed_raw_daily,D,daily,mixed,raw
2024-12-08,20,1,19,"0,1",2024-12-08 01:15:00,2024-12-08 23:00:00,mixed_raw,mixed_raw_daily,D,daily,mixed,raw
2024-12-09,10,5,5,"0,1",2024-12-09 00:00:00,2024-12-09 18:30:00,mixed_raw,mixed_raw_daily,D,daily,mixed,raw
2024-12-10,16,0,16,1,2024-12-10 03:45:00,2024-12-10 22:30:00,mixed_raw,mixed_raw_daily,D,daily,mixed,raw
2024-12-11,14,3,11,"0,1",2024-12-11 00:30:00,2024-12-11 22:30:00,mixed_raw,mixed_raw_daily,D,daily,mixed,raw
2024-12-12,7,3,4,"0,1",2024-12-12 16:00:00,2024-12-12 20:00:00,mixed_raw,mixed_raw_daily,D,daily,mixed,raw
2024-12-13,16,3,13,"0,1",2024-12-13 00:45:00,2024-12-13 22:45:00,mixed_raw,mixed_raw_daily,D,daily,mixed,raw
2024-12-14,9,0,9,1,2024-12-14 05:45:00,2024-12-14 21:15:00,mixed_raw,mixed_raw_daily,D,daily,mixed,raw
2024-12-15,18,1,17,"0,1",2024-12-15 00:45:00,2024-12-15 22:45:00,mixed_raw,mixed_raw_daily,D,daily,mixed,raw
2024-12-16,16,3,13,"0,1",2024-12-16 00:30:00,2024-12-16 23:45:00,mixed_raw,mixed_raw_daily,D,daily,mixed,raw
2024-12-17,24,6,18,"0,1",2024-12-17 03:45:00,2024-12-17 23:00:00,mixed_raw,mixed_raw_daily,D,daily,mixed,raw
2024-12-18,28,8,20,"0,1",2024-12-18 12:15:00,2024-12-18 22:45:00,mixed_raw,mixed_raw_daily,D,daily,mixed,raw
2024-12-19,18,2,16,"0,1",2024-12-19 01:45:00,2024-12-19 20:45:00,mixed_raw,mixed_raw_daily,D,daily,mixed,raw
2024-12-20,14,1,13,"0,1",2024-12-20 01:15:00,2024-12-20 23:45:00,mixed_raw,mixed_raw_daily,D,daily,mixed,raw
2024-12-21,11,1,10,"0,1",2024-12-21 20:00:00,2024-12-21 22:45:00,mixed_raw,mixed_raw_daily,D,daily,mixed,raw
2024-12-22,6,0,6,1,2024-12-22 03:00:00,2024-12-22 23:30:00,mixed_raw,mixed_raw_daily,D,daily,mixed,raw
2024-12-23,9,1,8,"0,1",2024-12-23 10:15:00,2024-12-23 21:30:00,mixed_raw,mixed_raw_daily,D,daily,mixed,raw
2024-12-24,9,1,8,"0,1",2024-12-24 00:00:00,2024-12-24 21:15:00,mixed_raw,mixed_raw_daily,D,daily,mixed,raw
2024-12-25,7,0,7,1,2024-12-25 14:00:00,2024-12-25 17:00:00,mixed_raw,mixed_raw_daily,D,daily,mixed,raw
2024-12-26,14,0,14,1,2024-12-26 16:15:00,2024-12-26 20:30:00,mixed_raw,mixed_raw_daily,D,daily,mixed,raw
2024-12-27,17,4,13,"0,1",2024-12-27 00:00:00,2024-12-27 21:00:00,mixed_raw,mixed_raw_daily,D,daily,mixed,raw
2024-12-28,10,0,10,1,2024-12-28 00:00:00,2024-12-28 16:45:00,mixed_raw,mixed_raw_daily,D,daily,mixed,raw
2024-12-29,8,0,8,1,2024-12-29 16:45:00,2024-12-29 22:00:00,mixed_raw,mixed_raw_daily,D,daily,mixed,raw
2024-12-30,17,3,14,"0,1",2024-12-30 00:45:00,2024-12-30 22:45:00,mixed_raw,mixed_raw_daily,D,daily,mixed,raw
2024-12-31,45,0,45,1,2024-12-31 02:15:00,2024-12-31 21:00:00,mixed_raw,mixed_raw_daily,D,daily,mixed,raw
2025-01-01,18,2,16,"0,1",2025-01-01 04:00:00,2025-01-01 17:45:00,mixed_raw,mixed_raw_daily,D,daily,mixed,raw
2025-01-02,13,0,13,1,2025-01-02 17:30:00,2025-01-02 21:30:00,mixed_raw,mixed_raw_daily,D,daily,mixed,raw
2025-01-03,16,1,15,"0,1",2025-01-03 01:00:00,2025-01-03 22:45:00,mixed_raw,mixed_raw_daily,D,daily,mixed,raw
2025-01-04,7,2,5,"0,1",2025-01-04 00:15:00,2025-01-04 17:45:00,mixed_raw,mixed_raw_daily,D,daily,mixed,raw
2025-01-05,19,1,18,"0,1",2025-01-05 15:00:00,2025-01-05 20:15:00,mixed_raw,mixed_raw_daily,D,daily,mixed,raw
2025-01-06,21,5,16,"0,1",2025-01-06 18:30:00,2025-01-06 23:45:00,mixed_raw,mixed_raw_daily,D,daily,mixed,raw
2025-01-07,9,1,8,"0,1",2025-01-07 00:30:00,2025-01-07 23:30:00,mixed_raw,mixed_raw_daily,D,daily,mixed,raw
2025-01-08,22,2,20,"0,1",2025-01-08 02:15:00,2025-01-08 23:00:00,mixed_raw,mixed_raw_daily,D,daily,mixed,raw
2025-01-09,20,6,14,"0,1",2025-01-09 01:30:00,2025-01-09 18:45:00,mixed_raw,mixed_raw_daily,D,daily,mixed,raw
2025-01-10,5,2,3,"0,1",2025-01-10 17:30:00,2025-01-10 23:00:00,mixed_raw,mixed_raw_daily,D,daily,mixed,raw
2025-01-11,18,1,17,"0,1",2025-01-11 01:30:00,2025-01-11 23:30:00,mixed_raw,mixed_raw_daily,D,daily,mixed,raw
2025-01-12,6,1,5,"0,1",2025-01-12 00:00:00,2025-01-12 18:30:00,mixed_raw,mixed_raw_daily,D,daily,mixed,raw
2025-01-13,8,5,3,"0,1",2025-01-13 12:45:00,2025-01-13 21:00:00,mixed_raw,mixed_raw_daily,D,daily,mixed,raw
2025-01-14,18,1,17,"0,1",2025-01-14 00:00:00,2025-01-14 22:15:00,mixed_raw,mixed_raw_daily,D,daily,mixed,raw
2025-01-15,22,1,21,"0,1",2025-01-15 00:00:00,2025-01-15 23:45:00,mixed_raw,mixed_raw_daily,D,daily,mixed,raw
2025-01-16,16,5,11,"0,1",2025-01-16 00:00:00,2025-01-16 23:30:00,mixed_raw,mixed_raw_daily,D,daily,mixed,raw
2025-01-17,21,2,19,"0,1",2025-01-17 01:15:00,2025-01-17 22:45:00,mixed_raw,mixed_raw_daily,D,daily,mixed,raw
2025-01-19,14,1,13,"0,1",2025-01-19 10:45:00,2025-01-19 20:30:00,mixed_raw,mixed_raw_daily,D,daily,mixed,raw
2025-01-20,27,7,20,"0,1",2025-01-20 14:30:00,2025-01-20 23:45:00,mixed_raw,mixed_raw_daily,D,daily,mixed,raw
2025-01-21,20,2,18,"0,1",2025-01-21 00:00:00,2025-01-21 21:45:00,mixed_raw,mixed_raw_daily,D,daily,mixed,raw
2025-01-22,20,1,19,"0,1",2025-01-22 16:45:00,2025-01-22 22:00:00,mixed_raw,mixed_raw_daily,D,daily,mixed,raw
2025-01-23,26,7,19,"0,1",2025-01-23 00:30:00,2025-01-23 23:30:00,mixed_raw,mixed_raw_daily,D,daily,mixed,raw
2025-01-24,20,5,15,"0,1",2025-01-24 00:00:00,2025-01-24 23:30:00,mixed_raw,mixed_raw_daily,D,daily,mixed,raw
2025-01-25,12,1,11,"0,1",2025-01-25 00:30:00,2025-01-25 23:00:00,mixed_raw,mixed_raw_daily,D,daily,mixed,raw
2025-01-26,16,1,15,"0,1",2025-01-26 00:00:00,2025-01-26 22:00:00,mixed_raw,mixed_raw_daily,D,daily,mixed,raw
2025-01-27,10,2,8,"0,1",2025-01-27 03:00:00,2025-01-27 22:30:00,mixed_raw,mixed_raw_daily,D,daily,mixed,raw
2025-01-28,19,2,17,"0,1",2025-01-28 03:00:00,2025-01-28 22:15:00,mixed_raw,mixed_raw_daily,D,daily,mixed,raw
2025-01-29,23,3,20,"0,1",2025-01-29 00:15:00,2025-01-29 23:30:00,mixed_raw,mixed_raw_daily,D,daily,mixed,raw
2025-01-30,26,5,21,"0,1",2025-01-30 03:30:00,2025-01-30 23:15:00,mixed_raw,mixed_raw_daily,D,daily,mixed,raw
2025-01-31,32,3,29,"0,1",2025-01-31 01:00:00,2025-01-31 19:45:00,mixed_raw,mixed_raw_daily,D,daily,mixed,raw
2025-02-01,30,0,30,1,2025-02-01 00:15:00,2025-02-01 22:00:00,mixed_raw,mixed_raw_daily,D,daily,mixed,raw
2025-02-02,14,0,14,1,2025-02-02 00:00:00,2025-02-02 21:30:00,mixed_raw,mixed_raw_daily,D,daily,mixed,raw
2025-02-03,26,6,20,"0,1",2025-02-03 00:00:00,2025-02-03 23:15:00,mixed_raw,mixed_raw_daily,D,daily,mixed,raw
2025-02-04,26,5,21,"0,1",2025-02-04 00:15:00,2025-02-04 23:45:00,mixed_raw,mixed_raw_daily,D,daily,mixed,raw
2025-02-05,23,3,20,"0,1",2025-02-05 05:15:00,2025-02-05 23:30:00,mixed_raw,mixed_raw_daily,D,daily,mixed,raw
2025-02-06,27,7,20,"0,1",2025-02-06 05:15:00,2025-02-06 23:00:00,mixed_raw,mixed_raw_daily,D,daily,mixed,raw
2025-02-07,20,5,15,"0,1",2025-02-07 02:30:00,2025-02-07 23:30:00,mixed_raw,mixed_raw_daily,D,daily,mixed,raw
2025-02-08,9,0,9,1,2025-02-08 02:15:00,2025-02-08 19:30:00,mixed_raw,mixed_raw_daily,D,daily,mixed,raw
2025-02-09,16,1,15,"0,1",2025-02-09 11:45:00,2025-02-09 23:30:00,mixed_raw,mixed_raw_daily,D,daily,mixed,raw
2025-02-10,11,1,10,"0,1",2025-02-10 12:00:00,2025-02-10 22:45:00,mixed_raw,mixed_raw_daily,D,daily,mixed,raw
2025-02-12,21,4,17,"0,1",2025-02-12 04:15:00,2025-02-12 21:45:00,mixed_raw,mixed_raw_daily,D,daily,mixed,raw
2025-02-13,15,5,10,"0,1",2025-02-13 00:15:00,2025-02-13 20:30:00,mixed_raw,mixed_raw_daily,D,daily,mixed,raw
2025-02-14,21,4,17,"0,1",2025-02-14 02:00:00,2025-02-14 21:00:00,mixed_raw,mixed_raw_daily,D,daily,mixed,raw
2025-02-16,20,0,20,1,2025-02-16 01:30:00,2025-02-16 21:45:00,mixed_raw,mixed_raw_daily,D,daily,mixed,raw
2025-02-17,10,2,8,"0,1",2025-02-17 16:30:00,2025-02-17 20:15:00,mixed_raw,mixed_raw_daily,D,daily,mixed,raw
2025-02-18,20,0,20,1,2025-02-18 00:00:00,2025-02-18 21:15:00,mixed_raw,mixed_raw_daily,D,daily,mixed,raw
2025-02-19,29,5,24,"0,1",2025-02-19 00:00:00,2025-02-19 23:15:00,mixed_raw,mixed_raw_daily,D,daily,mixed,raw
2024-02-06,32,16,16,"0,1",2024-02-06 02:45:00,2024-02-06 22:30:00,mixed_split_minority_day,mixed_split_minority_day_daily,D,daily,mixed,split_minority_day
2024-02-07,8,4,4,"0,1",2024-02-07 00:00:00,2024-02-07 12:15:00,mixed_split_minority_day,mixed_split_minority_day_daily,D,daily,mixed,split_minority_day
2024-02-08,36,18,18,"0,1",2024-02-08 01:00:00,2024-02-08 23:45:00,mixed_split_minority_day,mixed_split_minority_day_daily,D,daily,mixed,split_minority_day
2024-02-11,38,19,19,"0,1",2024-02-11 03:00:00,2024-02-11 23:45:00,mixed_split_minority_day,mixed_split_minority_day_daily,D,daily,mixed,split_minority_day
2024-02-12,38,19,19,"0,1",2024-02-12 00:00:00,2024-02-12 23:15:00,mixed_split_minority_day,mixed_split_minority_day_daily,D,daily,mixed,split_minority_day
2024-02-15,40,20,20,"0,1",2024-02-15 00:30:00,2024-02-15 23:15:00,mixed_split_minority_day,mixed_split_minority_day_daily,D,daily,mixed,split_minority_day
2024-02-16,40,20,20,"0,1",2024-02-16 12:00:00,2024-02-16 23:15:00,mixed_split_minority_day,mixed_split_minority_day_daily,D,daily,mixed,split_minority_day
2024-02-17,30,15,15,"0,1",2024-02-17 00:45:00,2024-02-17 22:00:00,mixed_split_minority_day,mixed_split_minority_day_daily,D,daily,mixed,split_minority_day
2024-02-20,38,19,19,"0,1",2024-02-20 07:00:00,2024-02-20 23:45:00,mixed_split_minority_day,mixed_split_minority_day_daily,D,daily,mixed,split_minority_day
2024-02-22,34,17,17,"0,1",2024-02-22 00:15:00,2024-02-22 21:15:00,mixed_split_minority_day,mixed_split_minority_day_daily,D,daily,mixed,split_minority_day
2024-02-23,32,16,16,"0,1",2024-02-23 02:30:00,2024-02-23 23:45:00,mixed_split_minority_day,mixed_split_minority_day_daily,D,daily,mixed,split_minority_day
2024-02-25,46,23,23,"0,1",2024-02-25 03:45:00,2024-02-25 23:30:00,mixed_split_minority_day,mixed_split_minority_day_daily,D,daily,mixed,split_minority_day
2024-02-26,26,13,13,"0,1",2024-02-26 03:45:00,2024-02-26 23:15:00,mixed_split_minority_day,mixed_split_minority_day_daily,D,daily,mixed,split_minority_day
2024-02-27,12,6,6,"0,1",2024-02-27 01:15:00,2024-02-27 23:15:00,mixed_split_minority_day,mixed_split_minority_day_daily,D,daily,mixed,split_minority_day
2024-02-28,44,22,22,"0,1",2024-02-28 00:00:00,2024-02-28 23:00:00,mixed_split_minority_day,mixed_split_minority_day_daily,D,daily,mixed,split_minority_day
2024-02-29,38,19,19,"0,1",2024-02-29 13:45:00,2024-02-29 23:45:00,mixed_split_minority_day,mixed_split_minority_day_daily,D,daily,mixed,split_minority_day
2024-03-01,128,64,64,"0,1",2024-03-01 01:45:00,2024-03-01 23:45:00,mixed_split_minority_day,mixed_split_minority_day_daily,D,daily,mixed,split_minority_day
2024-03-03,30,15,15,"0,1",2024-03-03 00:15:00,2024-03-03 22:00:00,mixed_split_minority_day,mixed_split_minority_day_daily,D,daily,mixed,split_minority_day
2024-03-04,40,20,20,"0,1",2024-03-04 03:45:00,2024-03-04 23:45:00,mixed_split_minority_day,mixed_split_minority_day_daily,D,daily,mixed,split_minority_day
2024-03-06,22,11,11,"0,1",2024-03-06 00:45:00,2024-03-06 22:15:00,mixed_split_minority_day,mixed_split_minority_day_daily,D,daily,mixed,split_minority_day
2024-03-07,30,15,15,"0,1",2024-03-07 00:30:00,2024-03-07 22:15:00,mixed_split_minority_day,mixed_split_minority_day_daily,D,daily,mixed,split_minority_day
2024-03-08,6,3,3,"0,1",2024-03-08 03:45:00,2024-03-08 15:30:00,mixed_split_minority_day,mixed_split_minority_day_daily,D,daily,mixed,split_minority_day
2024-03-10,40,20,20,"0,1",2024-03-10 00:30:00,2024-03-10 22:00:00,mixed_split_minority_day,mixed_split_minority_day_daily,D,daily,mixed,split_minority_day
2024-03-11,32,16,16,"0,1",2024-03-11 03:45:00,2024-03-11 21:00:00,mixed_split_minority_day,mixed_split_minority_day_daily,D,daily,mixed,split_minority_day
2024-03-12,26,13,13,"0,1",2024-03-12 00:00:00,2024-03-12 23:30:00,mixed_split_minority_day,mixed_split_minority_day_daily,D,daily,mixed,split_minority_day
2024-03-13,40,20,20,"0,1",2024-03-13 09:30:00,2024-03-13 23:45:00,mixed_split_minority_day,mixed_split_minority_day_daily,D,daily,mixed,split_minority_day
2024-03-14,28,14,14,"0,1",2024-03-14 03:30:00,2024-03-14 22:45:00,mixed_split_minority_day,mixed_split_minority_day_daily,D,daily,mixed,split_minority_day
2024-03-16,18,9,9,"0,1",2024-03-16 02:45:00,2024-03-16 23:30:00,mixed_split_minority_day,mixed_split_minority_day_daily,D,daily,mixed,split_minority_day
2024-03-17,42,21,21,"0,1",2024-03-17 11:15:00,2024-03-17 22:15:00,mixed_split_minority_day,mixed_split_minority_day_daily,D,daily,mixed,split_minority_day
2024-03-19,8,4,4,"0,1",2024-03-19 00:30:00,2024-03-19 18:00:00,mixed_split_minority_day,mixed_split_minority_day_daily,D,daily,mixed,split_minority_day
2024-03-20,38,19,19,"0,1",2024-03-20 02:00:00,2024-03-20 22:00:00,mixed_split_minority_day,mixed_split_minority_day_daily,D,daily,mixed,split_minority_day
2024-03-21,18,9,9,"0,1",2024-03-21 00:00:00,2024-03-21 23:45:00,mixed_split_minority_day,mixed_split_minority_day_daily,D,daily,mixed,split_minority_day
2024-03-22,24,12,12,"0,1",2024-03-22 00:15:00,2024-03-22 21:45:00,mixed_split_minority_day,mixed_split_minority_day_daily,D,daily,mixed,split_minority_day
2024-03-24,30,15,15,"0,1",2024-03-24 16:30:00,2024-03-24 23:45:00,mixed_split_minority_day,mixed_split_minority_day_daily,D,daily,mixed,split_minority_day
2024-03-25,24,12,12,"0,1",2024-03-25 12:00:00,2024-03-25 21:00:00,mixed_split_minority_day,mixed_split_minority_day_daily,D,daily,mixed,split_minority_day
2024-03-26,40,20,20,"0,1",2024-03-26 14:00:00,2024-03-26 23:15:00,mixed_split_minority_day,mixed_split_minority_day_daily,D,daily,mixed,split_minority_day
2024-03-27,22,11,11,"0,1",2024-03-27 10:30:00,2024-03-27 19:30:00,mixed_split_minority_day,mixed_split_minority_day_daily,D,daily,mixed,split_minority_day
2024-03-28,36,18,18,"0,1",2024-03-28 11:45:00,2024-03-28 22:45:00,mixed_split_minority_day,mixed_split_minority_day_daily,D,daily,mixed,split_minority_day
2024-03-29,60,30,30,"0,1",2024-03-29 00:15:00,2024-03-29 22:00:00,mixed_split_minority_day,mixed_split_minority_day_daily,D,daily,mixed,split_minority_day
2024-03-31,14,7,7,"0,1",2024-03-31 11:00:00,2024-03-31 23:00:00,mixed_split_minority_day,mixed_split_minority_day_daily,D,daily,mixed,split_minority_day
2024-04-01,60,30,30,"0,1",2024-04-01 04:15:00,2024-04-01 23:30:00,mixed_split_minority_day,mixed_split_minority_day_daily,D,daily,mixed,split_minority_day
2024-04-02,36,18,18,"0,1",2024-04-02 00:00:00,2024-04-02 21:15:00,mixed_split_minority_day,mixed_split_minority_day_daily,D,daily,mixed,split_minority_day
2024-04-04,40,20,20,"0,1",2024-04-04 03:15:00,2024-04-04 21:45:00,mixed_split_minority_day,mixed_split_minority_day_daily,D,daily,mixed,split_minority_day
2024-04-05,40,20,20,"0,1",2024-04-05 11:00:00,2024-04-05 22:30:00,mixed_split_minority_day,mixed_split_minority_day_daily,D,daily,mixed,split_minority_day
2024-04-06,26,13,13,"0,1",2024-04-06 02:15:00,2024-04-06 22:45:00,mixed_split_minority_day,mixed_split_minority_day_daily,D,daily,mixed,split_minority_day
2024-04-07,24,12,12,"0,1",2024-04-07 01:00:00,2024-04-07 22:15:00,mixed_split_minority_day,mixed_split_minority_day_daily,D,daily,mixed,split_minority_day
2024-04-08,34,17,17,"0,1",2024-04-08 00:00:00,2024-04-08 22:15:00,mixed_split_minority_day,mixed_split_minority_day_daily,D,daily,mixed,split_minority_day
2024-04-09,34,17,17,"0,1",2024-04-09 00:00:00,2024-04-09 22:00:00,mixed_split_minority_day,mixed_split_minority_day_daily,D,daily,mixed,split_minority_day
2024-04-10,40,20,20,"0,1",2024-04-10 00:30:00,2024-04-10 23:45:00,mixed_split_minority_day,mixed_split_minority_day_daily,D,daily,mixed,split_minority_day
2024-04-12,16,8,8,"0,1",2024-04-12 00:45:00,2024-04-12 22:45:00,mixed_split_minority_day,mixed_split_minority_day_daily,D,daily,mixed,split_minority_day
2024-04-16,40,20,20,"0,1",2024-04-16 08:00:00,2024-04-16 20:45:00,mixed_split_minority_day,mixed_split_minority_day_daily,D,daily,mixed,split_minority_day
2024-04-17,10,5,5,"0,1",2024-04-17 02:30:00,2024-04-17 20:30:00,mixed_split_minority_day,mixed_split_minority_day_daily,D,daily,mixed,split_minority_day
2024-04-24,40,20,20,"0,1",2024-04-24 03:30:00,2024-04-24 22:30:00,mixed_split_minority_day,mixed_split_minority_day_daily,D,daily,mixed,split_minority_day
2024-04-25,40,20,20,"0,1",2024-04-25 03:00:00,2024-04-25 23:15:00,mixed_split_minority_day,mixed_split_minority_day_daily,D,daily,mixed,split_minority_day
2024-04-26,30,15,15,"0,1",2024-04-26 00:00:00,2024-04-26 19:15:00,mixed_split_minority_day,mixed_split_minority_day_daily,D,daily,mixed,split_minority_day
2024-04-27,36,18,18,"0,1",2024-04-27 00:00:00,2024-04-27 21:45:00,mixed_split_minority_day,mixed_split_minority_day_daily,D,daily,mixed,split_minority_day
2024-04-29,64,32,32,"0,1",2024-04-29 00:00:00,2024-04-29 23:30:00,mixed_split_minority_day,mixed_split_minority_day_daily,D,daily,mixed,split_minority_day
2024-04-30,72,36,36,"0,1",2024-04-30 00:00:00,2024-04-30 23:30:00,mixed_split_minority_day,mixed_split_minority_day_daily,D,daily,mixed,split_minority_day
2024-05-01,58,29,29,"0,1",2024-05-01 01:30:00,2024-05-01 23:00:00,mixed_split_minority_day,mixed_split_minority_day_daily,D,daily,mixed,split_minority_day
2024-05-02,40,20,20,"0,1",2024-05-02 12:45:00,2024-05-02 22:30:00,mixed_split_minority_day,mixed_split_minority_day_daily,D,daily,mixed,split_minority_day
2024-05-03,22,11,11,"0,1",2024-05-03 08:00:00,2024-05-03 23:30:00,mixed_split_minority_day,mixed_split_minority_day_daily,D,daily,mixed,split_minority_day
2024-05-05,36,18,18,"0,1",2024-05-05 14:30:00,2024-05-05 21:30:00,mixed_split_minority_day,mixed_split_minority_day_daily,D,daily,mixed,split_minority_day
2024-05-07,26,13,13,"0,1",2024-05-07 02:30:00,2024-05-07 22:45:00,mixed_split_minority_day,mixed_split_minority_day_daily,D,daily,mixed,split_minority_day
2024-05-08,18,9,9,"0,1",2024-05-08 01:15:00,2024-05-08 19:15:00,mixed_split_minority_day,mixed_split_minority_day_daily,D,daily,mixed,split_minority_day
2024-05-09,40,20,20,"0,1",2024-05-09 11:15:00,2024-05-09 22:45:00,mixed_split_minority_day,mixed_split_minority_day_daily,D,daily,mixed,split_minority_day
2024-05-10,18,9,9,"0,1",2024-05-10 00:15:00,2024-05-10 23:45:00,mixed_split_minority_day,mixed_split_minority_day_daily,D,daily,mixed,split_minority_day
2024-05-12,40,20,20,"0,1",2024-05-12 01:00:00,2024-05-12 23:30:00,mixed_split_minority_day,mixed_split_minority_day_daily,D,daily,mixed,split_minority_day
2024-05-13,20,10,10,"0,1",2024-05-13 14:00:00,2024-05-13 23:30:00,mixed_split_minority_day,mixed_split_minority_day_daily,D,daily,mixed,split_minority_day
2024-05-14,26,13,13,"0,1",2024-05-14 12:15:00,2024-05-14 21:15:00,mixed_split_minority_day,mixed_split_minority_day_daily,D,daily,mixed,split_minority_day
2024-05-15,32,16,16,"0,1",2024-05-15 01:00:00,2024-05-15 23:15:00,mixed_split_minority_day,mixed_split_minority_day_daily,D,daily,mixed,split_minority_day
2024-05-16,32,16,16,"0,1",2024-05-16 01:00:00,2024-05-16 23:15:00,mixed_split_minority_day,mixed_split_minority_day_daily,D,daily,mixed,split_minority_day
2024-05-19,36,18,18,"0,1",2024-05-19 02:00:00,2024-05-19 23:00:00,mixed_split_minority_day,mixed_split_minority_day_daily,D,daily,mixed,split_minority_day
2024-05-20,40,20,20,"0,1",2024-05-20 15:00:00,2024-05-20 23:45:00,mixed_split_minority_day,mixed_split_minority_day_daily,D,daily,mixed,split_minority_day
2024-05-21,6,3,3,"0,1",2024-05-21 03:00:00,2024-05-21 19:30:00,mixed_split_minority_day,mixed_split_minority_day_daily,D,daily,mixed,split_minority_day
2024-05-22,36,18,18,"0,1",2024-05-22 00:30:00,2024-05-22 23:00:00,mixed_split_minority_day,mixed_split_minority_day_daily,D,daily,mixed,split_minority_day
2024-05-26,34,17,17,"0,1",2024-05-26 11:00:00,2024-05-26 23:45:00,mixed_split_minority_day,mixed_split_minority_day_daily,D,daily,mixed,split_minority_day
2024-05-28,36,18,18,"0,1",2024-05-28 02:15:00,2024-05-28 23:00:00,mixed_split_minority_day,mixed_split_minority_day_daily,D,daily,mixed,split_minority_day
2024-05-29,24,12,12,"0,1",2024-05-29 01:00:00,2024-05-29 23:30:00,mixed_split_minority_day,mixed_split_minority_day_daily,D,daily,mixed,split_minority_day
2024-05-30,30,15,15,"0,1",2024-05-30 00:45:00,2024-05-30 23:30:00,mixed_split_minority_day,mixed_split_minority_day_daily,D,daily,mixed,split_minority_day
2024-05-31,24,12,12,"0,1",2024-05-31 01:15:00,2024-05-31 23:30:00,mixed_split_minority_day,mixed_split_minority_day_daily,D,daily,mixed,split_minority_day
2024-06-03,24,12,12,"0,1",2024-06-03 03:15:00,2024-06-03 22:15:00,mixed_split_minority_day,mixed_split_minority_day_daily,D,daily,mixed,split_minority_day
2024-06-04,16,8,8,"0,1",2024-06-04 01:00:00,2024-06-04 23:45:00,mixed_split_minority_day,mixed_split_minority_day_daily,D,daily,mixed,split_minority_day
2024-06-07,22,11,11,"0,1",2024-06-07 01:00:00,2024-06-07 22:45:00,mixed_split_minority_day,mixed_split_minority_day_daily,D,daily,mixed,split_minority_day
2024-06-09,32,16,16,"0,1",2024-06-09 00:30:00,2024-06-09 23:15:00,mixed_split_minority_day,mixed_split_minority_day_daily,D,daily,mixed,split_minority_day
2024-06-10,12,6,6,"0,1",2024-06-10 02:45:00,2024-06-10 17:45:00,mixed_split_minority_day,mixed_split_minority_day_daily,D,daily,mixed,split_minority_day
2024-06-11,40,20,20,"0,1",2024-06-11 00:45:00,2024-06-11 23:30:00,mixed_split_minority_day,mixed_split_minority_day_daily,D,daily,mixed,split_minority_day
2024-06-12,32,16,16,"0,1",2024-06-12 16:15:00,2024-06-12 23:15:00,mixed_split_minority_day,mixed_split_minority_day_daily,D,daily,mixed,split_minority_day
2024-06-13,32,16,16,"0,1",2024-06-13 07:30:00,2024-06-13 21:15:00,mixed_split_minority_day,mixed_split_minority_day_daily,D,daily,mixed,split_minority_day
2024-06-14,18,9,9,"0,1",2024-06-14 02:00:00,2024-06-14 21:45:00,mixed_split_minority_day,mixed_split_minority_day_daily,D,daily,mixed,split_minority_day
2024-06-15,10,5,5,"0,1",2024-06-15 01:00:00,2024-06-15 20:45:00,mixed_split_minority_day,mixed_split_minority_day_daily,D,daily,mixed,split_minority_day
2024-06-16,40,20,20,"0,1",2024-06-16 03:30:00,2024-06-16 22:45:00,mixed_split_minority_day,mixed_split_minority_day_daily,D,daily,mixed,split_minority_day
2024-06-18,38,19,19,"0,1",2024-06-18 03:00:00,2024-06-18 21:30:00,mixed_split_minority_day,mixed_split_minority_day_daily,D,daily,mixed,split_minority_day
2024-06-20,34,17,17,"0,1",2024-06-20 00:00:00,2024-06-20 23:00:00,mixed_split_minority_day,mixed_split_minority_day_daily,D,daily,mixed,split_minority_day
2024-06-21,22,11,11,"0,1",2024-06-21 00:30:00,2024-06-21 23:00:00,mixed_split_minority_day,mixed_split_minority_day_daily,D,daily,mixed,split_minority_day
2024-06-22,14,7,7,"0,1",2024-06-22 02:30:00,2024-06-22 18:00:00,mixed_split_minority_day,mixed_split_minority_day_daily,D,daily,mixed,split_minority_day
2024-06-23,22,11,11,"0,1",2024-06-23 00:45:00,2024-06-23 23:30:00,mixed_split_minority_day,mixed_split_minority_day_daily,D,daily,mixed,split_minority_day
2024-06-24,42,21,21,"0,1",2024-06-24 01:00:00,2024-06-24 23:45:00,mixed_split_minority_day,mixed_split_minority_day_daily,D,daily,mixed,split_minority_day
2024-06-25,22,11,11,"0,1",2024-06-25 02:30:00,2024-06-25 22:30:00,mixed_split_minority_day,mixed_split_minority_day_daily,D,daily,mixed,split_minority_day
2024-06-26,40,20,20,"0,1",2024-06-26 03:45:00,2024-06-26 22:15:00,mixed_split_minority_day,mixed_split_minority_day_daily,D,daily,mixed,split_minority_day
2024-06-27,26,13,13,"0,1",2024-06-27 00:45:00,2024-06-27 21:15:00,mixed_split_minority_day,mixed_split_minority_day_daily,D,daily,mixed,split_minority_day
2024-06-28,42,21,21,"0,1",2024-06-28 00:15:00,2024-06-28 23:30:00,mixed_split_minority_day,mixed_split_minority_day_daily,D,daily,mixed,split_minority_day
2024-06-29,28,14,14,"0,1",2024-06-29 00:45:00,2024-06-29 23:00:00,mixed_split_minority_day,mixed_split_minority_day_daily,D,daily,mixed,split_minority_day
2024-07-01,84,42,42,"0,1",2024-07-01 01:00:00,2024-07-01 20:30:00,mixed_split_minority_day,mixed_split_minority_day_daily,D,daily,mixed,split_minority_day
2024-07-02,50,25,25,"0,1",2024-07-02 00:00:00,2024-07-02 21:45:00,mixed_split_minority_day,mixed_split_minority_day_daily,D,daily,mixed,split_minority_day
2024-07-03,28,14,14,"0,1",2024-07-03 00:00:00,2024-07-03 23:00:00,mixed_split_minority_day,mixed_split_minority_day_daily,D,daily,mixed,split_minority_day
2024-07-05,10,5,5,"0,1",2024-07-05 02:45:00,2024-07-05 19:00:00,mixed_split_minority_day,mixed_split_minority_day_daily,D,daily,mixed,split_minority_day
2024-07-06,10,5,5,"0,1",2024-07-06 12:00:00,2024-07-06 23:30:00,mixed_split_minority_day,mixed_split_minority_day_daily,D,daily,mixed,split_minority_day
2024-07-07,20,10,10,"0,1",2024-07-07 16:30:00,2024-07-07 21:15:00,mixed_split_minority_day,mixed_split_minority_day_daily,D,daily,mixed,split_minority_day
2024-07-08,28,14,14,"0,1",2024-07-08 00:00:00,2024-07-08 23:45:00,mixed_split_minority_day,mixed_split_minority_day_daily,D,daily,mixed,split_minority_day
2024-07-09,18,9,9,"0,1",2024-07-09 03:15:00,2024-07-09 22:15:00,mixed_split_minority_day,mixed_split_minority_day_daily,D,daily,mixed,split_minority_day
2024-07-10,42,21,21,"0,1",2024-07-10 00:15:00,2024-07-10 23:00:00,mixed_split_minority_day,mixed_split_minority_day_daily,D,daily,mixed,split_minority_day
2024-07-11,40,20,20,"0,1",2024-07-11 02:45:00,2024-07-11 23:45:00,mixed_split_minority_day,mixed_split_minority_day_daily,D,daily,mixed,split_minority_day
2024-07-13,14,7,7,"0,1",2024-07-13 03:30:00,2024-07-13 19:00:00,mixed_split_minority_day,mixed_split_minority_day_daily,D,daily,mixed,split_minority_day
2024-07-14,62,31,31,"0,1",2024-07-14 00:00:00,2024-07-14 23:15:00,mixed_split_minority_day,mixed_split_minority_day_daily,D,daily,mixed,split_minority_day
2024-07-17,40,20,20,"0,1",2024-07-17 02:30:00,2024-07-17 23:00:00,mixed_split_minority_day,mixed_split_minority_day_daily,D,daily,mixed,split_minority_day
2024-07-18,40,20,20,"0,1",2024-07-18 10:45:00,2024-07-18 23:30:00,mixed_split_minority_day,mixed_split_minority_day_daily,D,daily,mixed,split_minority_day
2024-07-19,40,20,20,"0,1",2024-07-19 04:30:00,2024-07-19 23:45:00,mixed_split_minority_day,mixed_split_minority_day_daily,D,daily,mixed,split_minority_day
2024-07-20,26,13,13,"0,1",2024-07-20 01:45:00,2024-07-20 23:00:00,mixed_split_minority_day,mixed_split_minority_day_daily,D,daily,mixed,split_minority_day
2024-07-21,26,13,13,"0,1",2024-07-21 00:00:00,2024-07-21 23:15:00,mixed_split_minority_day,mixed_split_minority_day_daily,D,daily,mixed,split_minority_day
2024-07-23,40,20,20,"0,1",2024-07-23 04:45:00,2024-07-23 22:30:00,mixed_split_minority_day,mixed_split_minority_day_daily,D,daily,mixed,split_minority_day
2024-07-25,22,11,11,"0,1",2024-07-25 02:15:00,2024-07-25 22:45:00,mixed_split_minority_day,mixed_split_minority_day_daily,D,daily,mixed,split_minority_day
2024-07-26,42,21,21,"0,1",2024-07-26 00:00:00,2024-07-26 23:00:00,mixed_split_minority_day,mixed_split_minority_day_daily,D,daily,mixed,split_minority_day
2024-07-27,16,8,8,"0,1",2024-07-27 05:45:00,2024-07-27 22:30:00,mixed_split_minority_day,mixed_split_minority_day_daily,D,daily,mixed,split_minority_day
2024-07-30,40,20,20,"0,1",2024-07-30 00:15:00,2024-07-30 23:00:00,mixed_split_minority_day,mixed_split_minority_day_daily,D,daily,mixed,split_minority_day
2024-08-01,136,68,68,"0,1",2024-08-01 00:00:00,2024-08-01 23:45:00,mixed_split_minority_day,mixed_split_minority_day_daily,D,daily,mixed,split_minority_day
2024-08-02,30,15,15,"0,1",2024-08-02 00:15:00,2024-08-02 20:45:00,mixed_split_minority_day,mixed_split_minority_day_daily,D,daily,mixed,split_minority_day
2024-08-03,42,21,21,"0,1",2024-08-03 00:00:00,2024-08-03 22:15:00,mixed_split_minority_day,mixed_split_minority_day_daily,D,daily,mixed,split_minority_day
2024-08-04,30,15,15,"0,1",2024-08-04 00:00:00,2024-08-04 21:45:00,mixed_split_minority_day,mixed_split_minority_day_daily,D,daily,mixed,split_minority_day
2024-08-05,8,4,4,"0,1",2024-08-05 10:45:00,2024-08-05 19:15:00,mixed_split_minority_day,mixed_split_minority_day_daily,D,daily,mixed,split_minority_day
2024-08-06,34,17,17,"0,1",2024-08-06 02:15:00,2024-08-06 18:00:00,mixed_split_minority_day,mixed_split_minority_day_daily,D,daily,mixed,split_minority_day
2024-08-07,18,9,9,"0,1",2024-08-07 01:00:00,2024-08-07 22:15:00,mixed_split_minority_day,mixed_split_minority_day_daily,D,daily,mixed,split_minority_day
2024-08-08,28,14,14,"0,1",2024-08-08 03:30:00,2024-08-08 21:15:00,mixed_split_minority_day,mixed_split_minority_day_daily,D,daily,mixed,split_minority_day
2024-08-09,16,8,8,"0,1",2024-08-09 01:00:00,2024-08-09 23:45:00,mixed_split_minority_day,mixed_split_minority_day_daily,D,daily,mixed,split_minority_day
2024-08-13,46,23,23,"0,1",2024-08-13 00:00:00,2024-08-13 22:30:00,mixed_split_minority_day,mixed_split_minority_day_daily,D,daily,mixed,split_minority_day
2024-08-14,34,17,17,"0,1",2024-08-14 02:30:00,2024-08-14 21:15:00,mixed_split_minority_day,mixed_split_minority_day_daily,D,daily,mixed,split_minority_day
2024-08-15,44,22,22,"0,1",2024-08-15 00:15:00,2024-08-15 23:15:00,mixed_split_minority_day,mixed_split_minority_day_daily,D,daily,mixed,split_minority_day
2024-08-16,10,5,5,"0,1",2024-08-16 03:30:00,2024-08-16 23:15:00,mixed_split_minority_day,mixed_split_minority_day_daily,D,daily,mixed,split_minority_day
2024-08-17,14,7,7,"0,1",2024-08-17 05:00:00,2024-08-17 19:30:00,mixed_split_minority_day,mixed_split_minority_day_daily,D,daily,mixed,split_minority_day
2024-08-20,28,14,14,"0,1",2024-08-20 01:00:00,2024-08-20 23:45:00,mixed_split_minority_day,mixed_split_minority_day_daily,D,daily,mixed,split_minority_day
2024-08-21,38,19,19,"0,1",2024-08-21 15:30:00,2024-08-21 23:30:00,mixed_split_minority_day,mixed_split_minority_day_daily,D,daily,mixed,split_minority_day
2024-08-22,38,19,19,"0,1",2024-08-22 00:15:00,2024-08-22 23:45:00,mixed_split_minority_day,mixed_split_minority_day_daily,D,daily,mixed,split_minority_day
2024-08-23,30,15,15,"0,1",2024-08-23 00:15:00,2024-08-23 23:45:00,mixed_split_minority_day,mixed_split_minority_day_daily,D,daily,mixed,split_minority_day
2024-08-24,24,12,12,"0,1",2024-08-24 00:15:00,2024-08-24 22:15:00,mixed_split_minority_day,mixed_split_minority_day_daily,D,daily,mixed,split_minority_day
2024-08-26,26,13,13,"0,1",2024-08-26 00:00:00,2024-08-26 22:00:00,mixed_split_minority_day,mixed_split_minority_day_daily,D,daily,mixed,split_minority_day
2024-08-27,30,15,15,"0,1",2024-08-27 01:30:00,2024-08-27 23:15:00,mixed_split_minority_day,mixed_split_minority_day_daily,D,daily,mixed,split_minority_day
2024-08-28,38,19,19,"0,1",2024-08-28 00:00:00,2024-08-28 22:00:00,mixed_split_minority_day,mixed_split_minority_day_daily,D,daily,mixed,split_minority_day
2024-08-31,32,16,16,"0,1",2024-08-31 01:45:00,2024-08-31 22:30:00,mixed_split_minority_day,mixed_split_minority_day_daily,D,daily,mixed,split_minority_day
2024-09-02,30,15,15,"0,1",2024-09-02 00:30:00,2024-09-02 22:45:00,mixed_split_minority_day,mixed_split_minority_day_daily,D,daily,mixed,split_minority_day
2024-09-03,12,6,6,"0,1",2024-09-03 12:00:00,2024-09-03 19:15:00,mixed_split_minority_day,mixed_split_minority_day_daily,D,daily,mixed,split_minority_day
2024-09-04,34,17,17,"0,1",2024-09-04 01:45:00,2024-09-04 21:00:00,mixed_split_minority_day,mixed_split_minority_day_daily,D,daily,mixed,split_minority_day
2024-09-05,30,15,15,"0,1",2024-09-05 00:15:00,2024-09-05 22:15:00,mixed_split_minority_day,mixed_split_minority_day_daily,D,daily,mixed,split_minority_day
2024-09-06,34,17,17,"0,1",2024-09-06 00:15:00,2024-09-06 23:45:00,mixed_split_minority_day,mixed_split_minority_day_daily,D,daily,mixed,split_minority_day
2024-09-09,40,20,20,"0,1",2024-09-09 05:30:00,2024-09-09 23:30:00,mixed_split_minority_day,mixed_split_minority_day_daily,D,daily,mixed,split_minority_day
2024-09-10,26,13,13,"0,1",2024-09-10 02:30:00,2024-09-10 23:00:00,mixed_split_minority_day,mixed_split_minority_day_daily,D,daily,mixed,split_minority_day
2024-09-11,40,20,20,"0,1",2024-09-11 05:00:00,2024-09-11 22:00:00,mixed_split_minority_day,mixed_split_minority_day_daily,D,daily,mixed,split_minority_day
2024-09-12,18,9,9,"0,1",2024-09-12 00:45:00,2024-09-12 23:00:00,mixed_split_minority_day,mixed_split_minority_day_daily,D,daily,mixed,split_minority_day
2024-09-13,40,20,20,"0,1",2024-09-13 03:45:00,2024-09-13 23:15:00,mixed_split_minority_day,mixed_split_minority_day_daily,D,daily,mixed,split_minority_day
2024-09-14,6,3,3,"0,1",2024-09-14 04:45:00,2024-09-14 23:00:00,mixed_split_minority_day,mixed_split_minority_day_daily,D,daily,mixed,split_minority_day
2024-09-16,22,11,11,"0,1",2024-09-16 10:45:00,2024-09-16 17:45:00,mixed_split_minority_day,mixed_split_minority_day_daily,D,daily,mixed,split_minority_day
2024-09-17,40,20,20,"0,1",2024-09-17 01:45:00,2024-09-17 22:00:00,mixed_split_minority_day,mixed_split_minority_day_daily,D,daily,mixed,split_minority_day
2024-09-18,28,14,14,"0,1",2024-09-18 01:30:00,2024-09-18 22:15:00,mixed_split_minority_day,mixed_split_minority_day_daily,D,daily,mixed,split_minority_day
2024-09-19,26,13,13,"0,1",2024-09-19 02:45:00,2024-09-19 22:30:00,mixed_split_minority_day,mixed_split_minority_day_daily,D,daily,mixed,split_minority_day
2024-09-20,40,20,20,"0,1",2024-09-20 10:45:00,2024-09-20 23:00:00,mixed_split_minority_day,mixed_split_minority_day_daily,D,daily,mixed,split_minority_day
2024-09-23,40,20,20,"0,1",2024-09-23 12:45:00,2024-09-23 22:00:00,mixed_split_minority_day,mixed_split_minority_day_daily,D,daily,mixed,split_minority_day
2024-09-24,32,16,16,"0,1",2024-09-24 00:30:00,2024-09-24 21:15:00,mixed_split_minority_day,mixed_split_minority_day_daily,D,daily,mixed,split_minority_day
2024-09-25,42,21,21,"0,1",2024-09-25 00:00:00,2024-09-25 23:00:00,mixed_split_minority_day,mixed_split_minority_day_daily,D,daily,mixed,split_minority_day
2024-09-27,32,16,16,"0,1",2024-09-27 00:00:00,2024-09-27 22:30:00,mixed_split_minority_day,mixed_split_minority_day_daily,D,daily,mixed,split_minority_day
2024-09-30,48,24,24,"0,1",2024-09-30 00:15:00,2024-09-30 23:15:00,mixed_split_minority_day,mixed_split_minority_day_daily,D,daily,mixed,split_minority_day
2024-10-01,128,64,64,"0,1",2024-10-01 00:00:00,2024-10-01 23:00:00,mixed_split_minority_day,mixed_split_minority_day_daily,D,daily,mixed,split_minority_day
2024-10-02,20,10,10,"0,1",2024-10-02 04:30:00,2024-10-02 23:30:00,mixed_split_minority_day,mixed_split_minority_day_daily,D,daily,mixed,split_minority_day
2024-10-03,34,17,17,"0,1",2024-10-03 01:00:00,2024-10-03 23:30:00,mixed_split_minority_day,mixed_split_minority_day_daily,D,daily,mixed,split_minority_day
2024-10-04,24,12,12,"0,1",2024-10-04 00:45:00,2024-10-04 22:30:00,mixed_split_minority_day,mixed_split_minority_day_daily,D,daily,mixed,split_minority_day
2024-10-05,20,10,10,"0,1",2024-10-05 00:00:00,2024-10-05 21:00:00,mixed_split_minority_day,mixed_split_minority_day_daily,D,daily,mixed,split_minority_day
2024-10-07,22,11,11,"0,1",2024-10-07 00:45:00,2024-10-07 21:30:00,mixed_split_minority_day,mixed_split_minority_day_daily,D,daily,mixed,split_minority_day
2024-10-09,24,12,12,"0,1",2024-10-09 00:45:00,2024-10-09 20:45:00,mixed_split_minority_day,mixed_split_minority_day_daily,D,daily,mixed,split_minority_day
2024-10-10,24,12,12,"0,1",2024-10-10 11:15:00,2024-10-10 22:00:00,mixed_split_minority_day,mixed_split_minority_day_daily,D,daily,mixed,split_minority_day
2024-10-11,50,25,25,"0,1",2024-10-11 00:00:00,2024-10-11 21:00:00,mixed_split_minority_day,mixed_split_minority_day_daily,D,daily,mixed,split_minority_day
2024-10-12,22,11,11,"0,1",2024-10-12 01:00:00,2024-10-12 23:15:00,mixed_split_minority_day,mixed_split_minority_day_daily,D,daily,mixed,split_minority_day
2024-10-13,44,22,22,"0,1",2024-10-13 15:30:00,2024-10-13 23:30:00,mixed_split_minority_day,mixed_split_minority_day_daily,D,daily,mixed,split_minority_day
2024-10-14,26,13,13,"0,1",2024-10-14 04:00:00,2024-10-14 23:30:00,mixed_split_minority_day,mixed_split_minority_day_daily,D,daily,mixed,split_minority_day
2024-10-15,8,4,4,"0,1",2024-10-15 11:00:00,2024-10-15 20:00:00,mixed_split_minority_day,mixed_split_minority_day_daily,D,daily,mixed,split_minority_day
2024-10-16,50,25,25,"0,1",2024-10-16 00:15:00,2024-10-16 23:30:00,mixed_split_minority_day,mixed_split_minority_day_daily,D,daily,mixed,split_minority_day
2024-10-17,34,17,17,"0,1",2024-10-17 00:30:00,2024-10-17 21:30:00,mixed_split_minority_day,mixed_split_minority_day_daily,D,daily,mixed,split_minority_day
2024-10-18,28,14,14,"0,1",2024-10-18 01:30:00,2024-10-18 23:15:00,mixed_split_minority_day,mixed_split_minority_day_daily,D,daily,mixed,split_minority_day
2024-10-19,14,7,7,"0,1",2024-10-19 01:00:00,2024-10-19 22:00:00,mixed_split_minority_day,mixed_split_minority_day_daily,D,daily,mixed,split_minority_day
2024-10-20,32,16,16,"0,1",2024-10-20 10:30:00,2024-10-20 22:45:00,mixed_split_minority_day,mixed_split_minority_day_daily,D,daily,mixed,split_minority_day
2024-10-21,20,10,10,"0,1",2024-10-21 00:00:00,2024-10-21 21:45:00,mixed_split_minority_day,mixed_split_minority_day_daily,D,daily,mixed,split_minority_day
2024-10-23,40,20,20,"0,1",2024-10-23 04:45:00,2024-10-23 23:45:00,mixed_split_minority_day,mixed_split_minority_day_daily,D,daily,mixed,split_minority_day
2024-10-24,34,17,17,"0,1",2024-10-24 01:15:00,2024-10-24 21:45:00,mixed_split_minority_day,mixed_split_minority_day_daily,D,daily,mixed,split_minority_day
2024-10-25,46,23,23,"0,1",2024-10-25 00:15:00,2024-10-25 23:30:00,mixed_split_minority_day,mixed_split_minority_day_daily,D,daily,mixed,split_minority_day
2024-10-26,10,5,5,"0,1",2024-10-26 03:15:00,2024-10-26 23:30:00,mixed_split_minority_day,mixed_split_minority_day_daily,D,daily,mixed,split_minority_day
2024-10-27,42,21,21,"0,1",2024-10-27 01:15:00,2024-10-27 21:00:00,mixed_split_minority_day,mixed_split_minority_day_daily,D,daily,mixed,split_minority_day
2024-10-28,38,19,19,"0,1",2024-10-28 01:30:00,2024-10-28 23:00:00,mixed_split_minority_day,mixed_split_minority_day_daily,D,daily,mixed,split_minority_day
2024-10-31,76,38,38,"0,1",2024-10-31 02:45:00,2024-10-31 23:15:00,mixed_split_minority_day,mixed_split_minority_day_daily,D,daily,mixed,split_minority_day
2024-11-01,106,53,53,"0,1",2024-11-01 00:30:00,2024-11-01 23:45:00,mixed_split_minority_day,mixed_split_minority_day_daily,D,daily,mixed,split_minority_day
2024-11-03,24,12,12,"0,1",2024-11-03 17:15:00,2024-11-03 23:00:00,mixed_split_minority_day,mixed_split_minority_day_daily,D,daily,mixed,split_minority_day
2024-11-04,54,27,27,"0,1",2024-11-04 00:00:00,2024-11-04 22:00:00,mixed_split_minority_day,mixed_split_minority_day_daily,D,daily,mixed,split_minority_day
2024-11-05,40,20,20,"0,1",2024-11-05 01:15:00,2024-11-05 22:30:00,mixed_split_minority_day,mixed_split_minority_day_daily,D,daily,mixed,split_minority_day
2024-11-06,40,20,20,"0,1",2024-11-06 03:15:00,2024-11-06 23:30:00,mixed_split_minority_day,mixed_split_minority_day_daily,D,daily,mixed,split_minority_day
2024-11-08,40,20,20,"0,1",2024-11-08 03:00:00,2024-11-08 21:45:00,mixed_split_minority_day,mixed_split_minority_day_daily,D,daily,mixed,split_minority_day
2024-11-09,10,5,5,"0,1",2024-11-09 01:30:00,2024-11-09 17:30:00,mixed_split_minority_day,mixed_split_minority_day_daily,D,daily,mixed,split_minority_day
2024-11-13,30,15,15,"0,1",2024-11-13 00:30:00,2024-11-13 20:15:00,mixed_split_minority_day,mixed_split_minority_day_daily,D,daily,mixed,split_minority_day
2024-11-14,8,4,4,"0,1",2024-11-14 01:15:00,2024-11-14 23:45:00,mixed_split_minority_day,mixed_split_minority_day_daily,D,daily,mixed,split_minority_day
2024-11-15,36,18,18,"0,1",2024-11-15 01:30:00,2024-11-15 23:00:00,mixed_split_minority_day,mixed_split_minority_day_daily,D,daily,mixed,split_minority_day
2024-11-17,16,8,8,"0,1",2024-11-17 00:00:00,2024-11-17 23:00:00,mixed_split_minority_day,mixed_split_minority_day_daily,D,daily,mixed,split_minority_day
2024-11-18,18,9,9,"0,1",2024-11-18 06:45:00,2024-11-18 23:45:00,mixed_split_minority_day,mixed_split_minority_day_daily,D,daily,mixed,split_minority_day
2024-11-20,46,23,23,"0,1",2024-11-20 00:00:00,2024-11-20 21:45:00,mixed_split_minority_day,mixed_split_minority_day_daily,D,daily,mixed,split_minority_day
2024-11-21,30,15,15,"0,1",2024-11-21 02:15:00,2024-11-21 23:15:00,mixed_split_minority_day,mixed_split_minority_day_daily,D,daily,mixed,split_minority_day
2024-11-22,14,7,7,"0,1",2024-11-22 01:15:00,2024-11-22 19:45:00,mixed_split_minority_day,mixed_split_minority_day_daily,D,daily,mixed,split_minority_day
2024-11-23,38,19,19,"0,1",2024-11-23 01:00:00,2024-11-23 20:15:00,mixed_split_minority_day,mixed_split_minority_day_daily,D,daily,mixed,split_minority_day
2024-11-24,28,14,14,"0,1",2024-11-24 12:00:00,2024-11-24 19:45:00,mixed_split_minority_day,mixed_split_minority_day_daily,D,daily,mixed,split_minority_day
2024-11-25,14,7,7,"0,1",2024-11-25 00:00:00,2024-11-25 23:15:00,mixed_split_minority_day,mixed_split_minority_day_daily,D,daily,mixed,split_minority_day
2024-11-26,20,10,10,"0,1",2024-11-26 03:00:00,2024-11-26 23:30:00,mixed_split_minority_day,mixed_split_minority_day_daily,D,daily,mixed,split_minority_day
2024-11-27,24,12,12,"0,1",2024-11-27 01:30:00,2024-11-27 22:15:00,mixed_split_minority_day,mixed_split_minority_day_daily,D,daily,mixed,split_minority_day
2024-11-28,26,13,13,"0,1",2024-11-28 01:30:00,2024-11-28 22:30:00,mixed_split_minority_day,mixed_split_minority_day_daily,D,daily,mixed,split_minority_day
2024-11-29,50,25,25,"0,1",2024-11-29 01:15:00,2024-11-29 22:00:00,mixed_split_minority_day,mixed_split_minority_day_daily,D,daily,mixed,split_minority_day
2024-12-01,66,33,33,"0,1",2024-12-01 00:30:00,2024-12-01 22:30:00,mixed_split_minority_day,mixed_split_minority_day_daily,D,daily,mixed,split_minority_day
2024-12-03,40,20,20,"0,1",2024-12-03 00:45:00,2024-12-03 21:00:00,mixed_split_minority_day,mixed_split_minority_day_daily,D,daily,mixed,split_minority_day
2024-12-04,38,19,19,"0,1",2024-12-04 01:30:00,2024-12-04 23:45:00,mixed_split_minority_day,mixed_split_minority_day_daily,D,daily,mixed,split_minority_day
2024-12-06,22,11,11,"0,1",2024-12-06 03:15:00,2024-12-06 23:15:00,mixed_split_minority_day,mixed_split_minority_day_daily,D,daily,mixed,split_minority_day
2024-12-08,38,19,19,"0,1",2024-12-08 01:15:00,2024-12-08 23:00:00,mixed_split_minority_day,mixed_split_minority_day_daily,D,daily,mixed,split_minority_day
2024-12-09,10,5,5,"0,1",2024-12-09 00:00:00,2024-12-09 18:30:00,mixed_split_minority_day,mixed_split_minority_day_daily,D,daily,mixed,split_minority_day
2024-12-11,22,11,11,"0,1",2024-12-11 00:30:00,2024-12-11 22:30:00,mixed_split_minority_day,mixed_split_minority_day_daily,D,daily,mixed,split_minority_day
2024-12-12,8,4,4,"0,1",2024-12-12 16:00:00,2024-12-12 20:00:00,mixed_split_minority_day,mixed_split_minority_day_daily,D,daily,mixed,split_minority_day
2024-12-13,26,13,13,"0,1",2024-12-13 00:45:00,2024-12-13 22:45:00,mixed_split_minority_day,mixed_split_minority_day_daily,D,daily,mixed,split_minority_day
2024-12-15,34,17,17,"0,1",2024-12-15 00:45:00,2024-12-15 22:45:00,mixed_split_minority_day,mixed_split_minority_day_daily,D,daily,mixed,split_minority_day
2024-12-16,26,13,13,"0,1",2024-12-16 00:30:00,2024-12-16 23:45:00,mixed_split_minority_day,mixed_split_minority_day_daily,D,daily,mixed,split_minority_day
2024-12-17,36,18,18,"0,1",2024-12-17 03:45:00,2024-12-17 23:00:00,mixed_split_minority_day,mixed_split_minority_day_daily,D,daily,mixed,split_minority_day
2024-12-18,40,20,20,"0,1",2024-12-18 12:15:00,2024-12-18 22:45:00,mixed_split_minority_day,mixed_split_minority_day_daily,D,daily,mixed,split_minority_day
2024-12-19,32,16,16,"0,1",2024-12-19 01:45:00,2024-12-19 20:45:00,mixed_split_minority_day,mixed_split_minority_day_daily,D,daily,mixed,split_minority_day
2024-12-20,26,13,13,"0,1",2024-12-20 01:15:00,2024-12-20 23:45:00,mixed_split_minority_day,mixed_split_minority_day_daily,D,daily,mixed,split_minority_day
2024-12-21,20,10,10,"0,1",2024-12-21 20:00:00,2024-12-21 22:45:00,mixed_split_minority_day,mixed_split_minority_day_daily,D,daily,mixed,split_minority_day
2024-12-23,16,8,8,"0,1",2024-12-23 10:15:00,2024-12-23 21:30:00,mixed_split_minority_day,mixed_split_minority_day_daily,D,daily,mixed,split_minority_day
2024-12-24,16,8,8,"0,1",2024-12-24 00:00:00,2024-12-24 21:15:00,mixed_split_minority_day,mixed_split_minority_day_daily,D,daily,mixed,split_minority_day
2024-12-27,26,13,13,"0,1",2024-12-27 00:00:00,2024-12-27 21:00:00,mixed_split_minority_day,mixed_split_minority_day_daily,D,daily,mixed,split_minority_day
2024-12-30,28,14,14,"0,1",2024-12-30 00:45:00,2024-12-30 22:45:00,mixed_split_minority_day,mixed_split_minority_day_daily,D,daily,mixed,split_minority_day
2025-01-01,32,16,16,"0,1",2025-01-01 04:00:00,2025-01-01 17:45:00,mixed_split_minority_day,mixed_split_minority_day_daily,D,daily,mixed,split_minority_day
2025-01-03,30,15,15,"0,1",2025-01-03 01:00:00,2025-01-03 22:45:00,mixed_split_minority_day,mixed_split_minority_day_daily,D,daily,mixed,split_minority_day
2025-01-04,10,5,5,"0,1",2025-01-04 00:15:00,2025-01-04 17:45:00,mixed_split_minority_day,mixed_split_minority_day_daily,D,daily,mixed,split_minority_day
2025-01-05,36,18,18,"0,1",2025-01-05 15:00:00,2025-01-05 20:15:00,mixed_split_minority_day,mixed_split_minority_day_daily,D,daily,mixed,split_minority_day
2025-01-06,32,16,16,"0,1",2025-01-06 18:30:00,2025-01-06 23:45:00,mixed_split_minority_day,mixed_split_minority_day_daily,D,daily,mixed,split_minority_day
2025-01-07,16,8,8,"0,1",2025-01-07 00:30:00,2025-01-07 23:30:00,mixed_split_minority_day,mixed_split_minority_day_daily,D,daily,mixed,split_minority_day
2025-01-08,40,20,20,"0,1",2025-01-08 02:15:00,2025-01-08 23:00:00,mixed_split_minority_day,mixed_split_minority_day_daily,D,daily,mixed,split_minority_day
2025-01-09,28,14,14,"0,1",2025-01-09 01:30:00,2025-01-09 18:45:00,mixed_split_minority_day,mixed_split_minority_day_daily,D,daily,mixed,split_minority_day
2025-01-10,6,3,3,"0,1",2025-01-10 17:30:00,2025-01-10 23:00:00,mixed_split_minority_day,mixed_split_minority_day_daily,D,daily,mixed,split_minority_day
2025-01-11,34,17,17,"0,1",2025-01-11 01:30:00,2025-01-11 23:30:00,mixed_split_minority_day,mixed_split_minority_day_daily,D,daily,mixed,split_minority_day
2025-01-12,10,5,5,"0,1",2025-01-12 00:00:00,2025-01-12 18:30:00,mixed_split_minority_day,mixed_split_minority_day_daily,D,daily,mixed,split_minority_day
2025-01-13,10,5,5,"0,1",2025-01-13 12:45:00,2025-01-13 21:00:00,mixed_split_minority_day,mixed_split_minority_day_daily,D,daily,mixed,split_minority_day
2025-01-14,34,17,17,"0,1",2025-01-14 00:00:00,2025-01-14 22:15:00,mixed_split_minority_day,mixed_split_minority_day_daily,D,daily,mixed,split_minority_day
2025-01-15,42,21,21,"0,1",2025-01-15 00:00:00,2025-01-15 23:45:00,mixed_split_minority_day,mixed_split_minority_day_daily,D,daily,mixed,split_minority_day
2025-01-16,22,11,11,"0,1",2025-01-16 00:00:00,2025-01-16 23:30:00,mixed_split_minority_day,mixed_split_minority_day_daily,D,daily,mixed,split_minority_day
2025-01-17,38,19,19,"0,1",2025-01-17 01:15:00,2025-01-17 22:45:00,mixed_split_minority_day,mixed_split_minority_day_daily,D,daily,mixed,split_minority_day
2025-01-19,26,13,13,"0,1",2025-01-19 10:45:00,2025-01-19 20:30:00,mixed_split_minority_day,mixed_split_minority_day_daily,D,daily,mixed,split_minority_day
2025-01-20,40,20,20,"0,1",2025-01-20 14:30:00,2025-01-20 23:45:00,mixed_split_minority_day,mixed_split_minority_day_daily,D,daily,mixed,split_minority_day
2025-01-21,36,18,18,"0,1",2025-01-21 00:00:00,2025-01-21 21:45:00,mixed_split_minority_day,mixed_split_minority_day_daily,D,daily,mixed,split_minority_day
2025-01-22,38,19,19,"0,1",2025-01-22 16:45:00,2025-01-22 22:00:00,mixed_split_minority_day,mixed_split_minority_day_daily,D,daily,mixed,split_minority_day
2025-01-23,38,19,19,"0,1",2025-01-23 00:30:00,2025-01-23 23:30:00,mixed_split_minority_day,mixed_split_minority_day_daily,D,daily,mixed,split_minority_day
2025-01-24,30,15,15,"0,1",2025-01-24 00:00:00,2025-01-24 23:30:00,mixed_split_minority_day,mixed_split_minority_day_daily,D,daily,mixed,split_minority_day
2025-01-25,22,11,11,"0,1",2025-01-25 00:30:00,2025-01-25 23:00:00,mixed_split_minority_day,mixed_split_minority_day_daily,D,daily,mixed,split_minority_day
2025-01-26,30,15,15,"0,1",2025-01-26 00:00:00,2025-01-26 22:00:00,mixed_split_minority_day,mixed_split_minority_day_daily,D,daily,mixed,split_minority_day
2025-01-27,16,8,8,"0,1",2025-01-27 03:00:00,2025-01-27 22:30:00,mixed_split_minority_day,mixed_split_minority_day_daily,D,daily,mixed,split_minority_day
2025-01-28,34,17,17,"0,1",2025-01-28 03:00:00,2025-01-28 22:15:00,mixed_split_minority_day,mixed_split_minority_day_daily,D,daily,mixed,split_minority_day
2025-01-29,40,20,20,"0,1",2025-01-29 00:15:00,2025-01-29 23:30:00,mixed_split_minority_day,mixed_split_minority_day_daily,D,daily,mixed,split_minority_day
2025-01-30,42,21,21,"0,1",2025-01-30 03:30:00,2025-01-30 23:15:00,mixed_split_minority_day,mixed_split_minority_day_daily,D,daily,mixed,split_minority_day
2025-01-31,58,29,29,"0,1",2025-01-31 01:00:00,2025-01-31 19:45:00,mixed_split_minority_day,mixed_split_minority_day_daily,D,daily,mixed,split_minority_day
2025-02-03,40,20,20,"0,1",2025-02-03 00:00:00,2025-02-03 23:15:00,mixed_split_minority_day,mixed_split_minority_day_daily,D,daily,mixed,split_minority_day
2025-02-04,42,21,21,"0,1",2025-02-04 00:15:00,2025-02-04 23:45:00,mixed_split_minority_day,mixed_split_minority_day_daily,D,daily,mixed,split_minority_day
2025-02-05,40,20,20,"0,1",2025-02-05 05:15:00,2025-02-05 23:30:00,mixed_split_minority_day,mixed_split_minority_day_daily,D,daily,mixed,split_minority_day
2025-02-06,40,20,20,"0,1",2025-02-06 05:15:00,2025-02-06 23:00:00,mixed_split_minority_day,mixed_split_minority_day_daily,D,daily,mixed,split_minority_day
2025-02-07,30,15,15,"0,1",2025-02-07 02:30:00,2025-02-07 23:30:00,mixed_split_minority_day,mixed_split_minority_day_daily,D,daily,mixed,split_minority_day
2025-02-09,30,15,15,"0,1",2025-02-09 11:45:00,2025-02-09 23:30:00,mixed_split_minority_day,mixed_split_minority_day_daily,D,daily,mixed,split_minority_day
2025-02-10,20,10,10,"0,1",2025-02-10 12:00:00,2025-02-10 22:45:00,mixed_split_minority_day,mixed_split_minority_day_daily,D,daily,mixed,split_minority_day
2025-02-12,34,17,17,"0,1",2025-02-12 04:15:00,2025-02-12 21:45:00,mixed_split_minority_day,mixed_split_minority_day_daily,D,daily,mixed,split_minority_day
2025-02-13,20,10,10,"0,1",2025-02-13 00:15:00,2025-02-13 20:30:00,mixed_split_minority_day,mixed_split_minority_day_daily,D,daily,mixed,split_minority_day
2025-02-14,34,17,17,"0,1",2025-02-14 02:00:00,2025-02-14 21:00:00,mixed_split_minority_day,mixed_split_minority_day_daily,D,daily,mixed,split_minority_day
2025-02-17,16,8,8,"0,1",2025-02-17 16:30:00,2025-02-17 20:15:00,mixed_split_minority_day,mixed_split_minority_day_daily,D,daily,mixed,split_minority_day
2025-02-19,48,24,24,"0,1",2025-02-19 00:00:00,2025-02-19 23:15:00,mixed_split_minority_day,mixed_split_minority_day_daily,D,daily,mixed,split_minority_day
2024-02-05,19,0,19,1,2024-02-05 00:15:00,2024-02-05 23:45:00,right_none,right_none_daily,D,daily,right,none
2024-02-06,16,0,16,1,2024-02-06 02:45:00,2024-02-06 22:30:00,right_none,right_none_daily,D,daily,right,none
2024-02-08,18,0,18,1,2024-02-08 01:00:00,2024-02-08 23:45:00,right_none,right_none_daily,D,daily,right,none
2024-02-10,13,0,13,1,2024-02-10 01:00:00,2024-02-10 21:15:00,right_none,right_none_daily,D,daily,right,none
2024-02-11,19,0,19,1,2024-02-11 03:00:00,2024-02-11 23:45:00,right_none,right_none_daily,D,daily,right,none
2024-02-12,19,0,19,1,2024-02-12 00:00:00,2024-02-12 23:15:00,right_none,right_none_daily,D,daily,right,none
2024-02-15,20,0,20,1,2024-02-15 00:30:00,2024-02-15 23:15:00,right_none,right_none_daily,D,daily,right,none
2024-02-16,20,0,20,1,2024-02-16 15:45:00,2024-02-16 23:15:00,right_none,right_none_daily,D,daily,right,none
2024-02-17,15,0,15,1,2024-02-17 00:45:00,2024-02-17 20:00:00,right_none,right_none_daily,D,daily,right,none
2024-02-18,21,0,21,1,2024-02-18 02:00:00,2024-02-18 22:45:00,right_none,right_none_daily,D,daily,right,none
2024-02-19,9,0,9,1,2024-02-19 02:45:00,2024-02-19 23:45:00,right_none,right_none_daily,D,daily,right,none
2024-02-20,19,0,19,1,2024-02-20 07:00:00,2024-02-20 23:45:00,right_none,right_none_daily,D,daily,right,none
2024-02-22,17,0,17,1,2024-02-22 00:15:00,2024-02-22 21:15:00,right_none,right_none_daily,D,daily,right,none
2024-02-23,16,0,16,1,2024-02-23 02:30:00,2024-02-23 23:45:00,right_none,right_none_daily,D,daily,right,none
2024-02-25,23,0,23,1,2024-02-25 03:45:00,2024-02-25 23:30:00,right_none,right_none_daily,D,daily,right,none
2024-02-26,13,0,13,1,2024-02-26 03:45:00,2024-02-26 23:15:00,right_none,right_none_daily,D,daily,right,none
2024-02-27,6,0,6,1,2024-02-27 01:15:00,2024-02-27 15:45:00,right_none,right_none_daily,D,daily,right,none
2024-02-28,22,0,22,1,2024-02-28 00:00:00,2024-02-28 23:00:00,right_none,right_none_daily,D,daily,right,none
2024-02-29,19,0,19,1,2024-02-29 17:45:00,2024-02-29 23:45:00,right_none,right_none_daily,D,daily,right,none
2024-03-01,64,0,64,1,2024-03-01 01:45:00,2024-03-01 23:45:00,right_none,right_none_daily,D,daily,right,none
2024-03-02,16,0,16,1,2024-03-02 01:00:00,2024-03-02 22:00:00,right_none,right_none_daily,D,daily,right,none
2024-03-03,15,0,15,1,2024-03-03 00:15:00,2024-03-03 22:00:00,right_none,right_none_daily,D,daily,right,none
2024-03-04,20,0,20,1,2024-03-04 04:15:00,2024-03-04 23:45:00,right_none,right_none_daily,D,daily,right,none
2024-03-06,11,0,11,1,2024-03-06 01:00:00,2024-03-06 22:15:00,right_none,right_none_daily,D,daily,right,none
2024-03-07,15,0,15,1,2024-03-07 00:30:00,2024-03-07 22:15:00,right_none,right_none_daily,D,daily,right,none
2024-03-09,9,0,9,1,2024-03-09 14:45:00,2024-03-09 20:45:00,right_none,right_none_daily,D,daily,right,none
2024-03-10,20,0,20,1,2024-03-10 00:30:00,2024-03-10 22:00:00,right_none,right_none_daily,D,daily,right,none
2024-03-11,16,0,16,1,2024-03-11 03:45:00,2024-03-11 21:00:00,right_none,right_none_daily,D,daily,right,none
2024-03-12,13,0,13,1,2024-03-12 00:00:00,2024-03-12 23:30:00,right_none,right_none_daily,D,daily,right,none
2024-03-13,20,0,20,1,2024-03-13 17:00:00,2024-03-13 23:45:00,right_none,right_none_daily,D,daily,right,none
2024-03-14,14,0,14,1,2024-03-14 03:30:00,2024-03-14 22:45:00,right_none,right_none_daily,D,daily,right,none
2024-03-16,9,0,9,1,2024-03-16 02:45:00,2024-03-16 23:30:00,right_none,right_none_daily,D,daily,right,none
2024-03-17,21,0,21,1,2024-03-17 11:15:00,2024-03-17 21:45:00,right_none,right_none_daily,D,daily,right,none
2024-03-18,12,0,12,1,2024-03-18 00:45:00,2024-03-18 23:00:00,right_none,right_none_daily,D,daily,right,none
2024-03-20,19,0,19,1,2024-03-20 02:00:00,2024-03-20 22:00:00,right_none,right_none_daily,D,daily,right,none
2024-03-21,9,0,9,1,2024-03-21 00:00:00,2024-03-21 23:45:00,right_none,right_none_daily,D,daily,right,none
2024-03-22,12,0,12,1,2024-03-22 00:15:00,2024-03-22 20:30:00,right_none,right_none_daily,D,daily,right,none
2024-03-23,6,0,6,1,2024-03-23 02:30:00,2024-03-23 21:00:00,right_none,right_none_daily,D,daily,right,none
2024-03-24,15,0,15,1,2024-03-24 16:30:00,2024-03-24 23:45:00,right_none,right_none_daily,D,daily,right,none
2024-03-25,12,0,12,1,2024-03-25 15:45:00,2024-03-25 21:00:00,right_none,right_none_daily,D,daily,right,none
2024-03-26,20,0,20,1,2024-03-26 14:00:00,2024-03-26 23:15:00,right_none,right_none_daily,D,daily,right,none
2024-03-27,11,0,11,1,2024-03-27 16:30:00,2024-03-27 19:30:00,right_none,right_none_daily,D,daily,right,none
2024-03-28,18,0,18,1,2024-03-28 13:30:00,2024-03-28 22:45:00,right_none,right_none_daily,D,daily,right,none
2024-03-29,30,0,30,1,2024-03-29 00:15:00,2024-03-29 22:00:00,right_none,right_none_daily,D,daily,right,none
2024-03-30,28,0,28,1,2024-03-30 00:00:00,2024-03-30 23:00:00,right_none,right_none_daily,D,daily,right,none
2024-03-31,7,0,7,1,2024-03-31 12:00:00,2024-03-31 23:00:00,right_none,right_none_daily,D,daily,right,none
2024-04-01,30,0,30,1,2024-04-01 06:30:00,2024-04-01 23:30:00,right_none,right_none_daily,D,daily,right,none
2024-04-02,18,0,18,1,2024-04-02 00:30:00,2024-04-02 21:15:00,right_none,right_none_daily,D,daily,right,none
2024-04-03,19,0,19,1,2024-04-03 14:15:00,2024-04-03 23:15:00,right_none,right_none_daily,D,daily,right,none
2024-04-04,20,0,20,1,2024-04-04 03:15:00,2024-04-04 18:45:00,right_none,right_none_daily,D,daily,right,none
2024-04-05,20,0,20,1,2024-04-05 15:00:00,2024-04-05 22:30:00,right_none,right_none_daily,D,daily,right,none
2024-04-06,13,0,13,1,2024-04-06 02:15:00,2024-04-06 22:45:00,right_none,right_none_daily,D,daily,right,none
2024-04-07,12,0,12,1,2024-04-07 01:00:00,2024-04-07 22:15:00,right_none,right_none_daily,D,daily,right,none
2024-04-08,17,0,17,1,2024-04-08 00:00:00,2024-04-08 22:15:00,right_none,right_none_daily,D,daily,right,none
2024-04-09,17,0,17,1,2024-04-09 00:00:00,2024-04-09 22:00:00,right_none,right_none_daily,D,daily,right,none
2024-04-10,20,0,20,1,2024-04-10 19:00:00,2024-04-10 23:45:00,right_none,right_none_daily,D,daily,right,none
2024-04-12,8,0,8,1,2024-04-12 00:45:00,2024-04-12 22:45:00,right_none,right_none_daily,D,daily,right,none
2024-04-13,6,0,6,1,2024-04-13 00:15:00,2024-04-13 23:00:00,right_none,right_none_daily,D,daily,right,none
2024-04-14,14,0,14,1,2024-04-14 18:45:00,2024-04-14 23:15:00,right_none,right_none_daily,D,daily,right,none
2024-04-16,20,0,20,1,2024-04-16 14:30:00,2024-04-16 20:45:00,right_none,right_none_daily,D,daily,right,none
2024-04-17,5,0,5,1,2024-04-17 02:30:00,2024-04-17 20:30:00,right_none,right_none_daily,D,daily,right,none
2024-04-20,5,0,5,1,2024-04-20 01:15:00,2024-04-20 20:15:00,right_none,right_none_daily,D,daily,right,none
2024-04-21,12,0,12,1,2024-04-21 00:00:00,2024-04-21 21:45:00,right_none,right_none_daily,D,daily,right,none
2024-04-23,16,0,16,1,2024-04-23 00:15:00,2024-04-23 23:15:00,right_none,right_none_daily,D,daily,right,none
2024-04-24,20,0,20,1,2024-04-24 03:30:00,2024-04-24 22:30:00,right_none,right_none_daily,D,daily,right,none
2024-04-25,20,0,20,1,2024-04-25 03:00:00,2024-04-25 23:15:00,right_none,right_none_daily,D,daily,right,none
2024-04-26,15,0,15,1,2024-04-26 01:30:00,2024-04-26 19:15:00,right_none,right_none_daily,D,daily,right,none
2024-04-27,18,0,18,1,2024-04-27 00:00:00,2024-04-27 21:45:00,right_none,right_none_daily,D,daily,right,none
2024-04-28,10,0,10,1,2024-04-28 00:00:00,2024-04-28 20:00:00,right_none,right_none_daily,D,daily,right,none
2024-04-29,32,0,32,1,2024-04-29 00:00:00,2024-04-29 23:30:00,right_none,right_none_daily,D,daily,right,none
2024-04-30,36,0,36,1,2024-04-30 00:00:00,2024-04-30 23:30:00,right_none,right_none_daily,D,daily,right,none
2024-05-01,29,0,29,1,2024-05-01 01:30:00,2024-05-01 23:00:00,right_none,right_none_daily,D,daily,right,none
2024-05-02,20,0,20,1,2024-05-02 18:00:00,2024-05-02 22:30:00,right_none,right_none_daily,D,daily,right,none
2024-05-03,11,0,11,1,2024-05-03 19:45:00,2024-05-03 23:30:00,right_none,right_none_daily,D,daily,right,none
2024-05-04,8,0,8,1,2024-05-04 01:30:00,2024-05-04 20:30:00,right_none,right_none_daily,D,daily,right,none
2024-05-05,18,0,18,1,2024-05-05 14:30:00,2024-05-05 21:30:00,right_none,right_none_daily,D,daily,right,none
2024-05-06,10,0,10,1,2024-05-06 00:15:00,2024-05-06 23:00:00,right_none,right_none_daily,D,daily,right,none
2024-05-07,13,0,13,1,2024-05-07 02:30:00,2024-05-07 22:45:00,right_none,right_none_daily,D,daily,right,none
2024-05-08,9,0,9,1,2024-05-08 01:15:00,2024-05-08 18:45:00,right_none,right_none_daily,D,daily,right,none
2024-05-09,20,0,20,1,2024-05-09 18:00:00,2024-05-09 22:45:00,right_none,right_none_daily,D,daily,right,none
2024-05-10,9,0,9,1,2024-05-10 00:30:00,2024-05-10 23:45:00,right_none,right_none_daily,D,daily,right,none
2024-05-12,20,0,20,1,2024-05-12 01:00:00,2024-05-12 23:30:00,right_none,right_none_daily,D,daily,right,none
2024-05-13,10,0,10,1,2024-05-13 14:00:00,2024-05-13 23:30:00,right_none,right_none_daily,D,daily,right,none
2024-05-14,13,0,13,1,2024-05-14 12:15:00,2024-05-14 21:15:00,right_none,right_none_daily,D,daily,right,none
2024-05-15,16,0,16,1,2024-05-15 01:00:00,2024-05-15 23:15:00,right_none,right_none_daily,D,daily,right,none
2024-05-16,16,0,16,1,2024-05-16 13:30:00,2024-05-16 22:30:00,right_none,right_none_daily,D,daily,right,none
2024-05-17,15,0,15,1,2024-05-17 00:00:00,2024-05-17 23:00:00,right_none,right_none_daily,D,daily,right,none
2024-05-18,5,0,5,1,2024-05-18 16:15:00,2024-05-18 19:45:00,right_none,right_none_daily,D,daily,right,none
2024-05-19,18,0,18,1,2024-05-19 02:00:00,2024-05-19 23:00:00,right_none,right_none_daily,D,daily,right,none
2024-05-20,20,0,20,1,2024-05-20 20:00:00,2024-05-20 23:45:00,right_none,right_none_daily,D,daily,right,none
2024-05-22,18,0,18,1,2024-05-22 00:30:00,2024-05-22 23:00:00,right_none,right_none_daily,D,daily,right,none
2024-05-23,6,0,6,1,2024-05-23 14:45:00,2024-05-23 21:00:00,right_none,right_none_daily,D,daily,right,none
2024-05-25,6,0,6,1,2024-05-25 13:00:00,2024-05-25 20:00:00,right_none,right_none_daily,D,daily,right,none
2024-05-26,17,0,17,1,2024-05-26 11:00:00,2024-05-26 23:45:00,right_none,right_none_daily,D,daily,right,none
2024-05-27,7,0,7,1,2024-05-27 04:15:00,2024-05-27 22:00:00,right_none,right_none_daily,D,daily,right,none
2024-05-28,18,0,18,1,2024-05-28 02:15:00,2024-05-28 23:00:00,right_none,right_none_daily,D,daily,right,none
2024-05-29,12,0,12,1,2024-05-29 01:00:00,2024-05-29 23:30:00,right_none,right_none_daily,D,daily,right,none
2024-05-30,15,0,15,1,2024-05-30 00:45:00,2024-05-30 23:30:00,right_none,right_none_daily,D,daily,right,none
2024-05-31,12,0,12,1,2024-05-31 01:30:00,2024-05-31 23:30:00,right_none,right_none_daily,D,daily,right,none
2024-06-01,51,0,51,1,2024-06-01 00:15:00,2024-06-01 22:00:00,right_none,right_none_daily,D,daily,right,none
2024-06-02,21,0,21,1,2024-06-02 06:00:00,2024-06-02 23:45:00,right_none,right_none_daily,D,daily,right,none
2024-06-03,12,0,12,1,2024-06-03 03:15:00,2024-06-03 22:15:00,right_none,right_none_daily,D,daily,right,none
2024-06-04,8,0,8,1,2024-06-04 01:00:00,2024-06-04 23:45:00,right_none,right_none_daily,D,daily,right,none
2024-06-05,20,0,20,1,2024-06-05 00:15:00,2024-06-05 19:45:00,right_none,right_none_daily,D,daily,right,none
2024-06-07,11,0,11,1,2024-06-07 01:00:00,2024-06-07 22:45:00,right_none,right_none_daily,D,daily,right,none
2024-06-09,16,0,16,1,2024-06-09 00:30:00,2024-06-09 22:30:00,right_none,right_none_daily,D,daily,right,none
2024-06-10,6,0,6,1,2024-06-10 02:45:00,2024-06-10 17:45:00,right_none,right_none_daily,D,daily,right,none
2024-06-11,20,0,20,1,2024-06-11 00:45:00,2024-06-11 22:30:00,right_none,right_none_daily,D,daily,right,none
2024-06-12,16,0,16,1,2024-06-12 16:15:00,2024-06-12 23:15:00,right_none,right_none_daily,D,daily,right,none
2024-06-13,16,0,16,1,2024-06-13 12:45:00,2024-06-13 21:15:00,right_none,right_none_daily,D,daily,right,none
2024-06-14,9,0,9,1,2024-06-14 02:00:00,2024-06-14 19:15:00,right_none,right_none_daily,D,daily,right,none
2024-06-15,5,0,5,1,2024-06-15 15:45:00,2024-06-15 20:45:00,right_none,right_none_daily,D,daily,right,none
2024-06-16,20,0,20,1,2024-06-16 03:30:00,2024-06-16 22:45:00,right_none,right_none_daily,D,daily,right,none
2024-06-18,19,0,19,1,2024-06-18 03:00:00,2024-06-18 21:30:00,right_none,right_none_daily,D,daily,right,none
2024-06-19,19,0,19,1,2024-06-19 00:00:00,2024-06-19 23:45:00,right_none,right_none_daily,D,daily,right,none
2024-06-20,17,0,17,1,2024-06-20 00:00:00,2024-06-20 23:00:00,right_none,right_none_daily,D,daily,right,none
2024-06-21,11,0,11,1,2024-06-21 00:30:00,2024-06-21 22:30:00,right_none,right_none_daily,D,daily,right,none
2024-06-22,7,0,7,1,2024-06-22 02:30:00,2024-06-22 18:00:00,right_none,right_none_daily,D,daily,right,none
2024-06-23,11,0,11,1,2024-06-23 00:45:00,2024-06-23 23:30:00,right_none,right_none_daily,D,daily,right,none
2024-06-24,21,0,21,1,2024-06-24 01:00:00,2024-06-24 23:45:00,right_none,right_none_daily,D,daily,right,none
2024-06-25,11,0,11,1,2024-06-25 02:30:00,2024-06-25 22:30:00,right_none,right_none_daily,D,daily,right,none
2024-06-26,20,0,20,1,2024-06-26 17:15:00,2024-06-26 22:15:00,right_none,right_none_daily,D,daily,right,none
2024-06-27,13,0,13,1,2024-06-27 00:45:00,2024-06-27 21:15:00,right_none,right_none_daily,D,daily,right,none
2024-06-28,21,0,21,1,2024-06-28 00:15:00,2024-06-28 23:30:00,right_none,right_none_daily,D,daily,right,none
2024-06-29,14,0,14,1,2024-06-29 00:45:00,2024-06-29 23:00:00,right_none,right_none_daily,D,daily,right,none
2024-06-30,20,0,20,1,2024-06-30 01:45:00,2024-06-30 22:45:00,right_none,right_none_daily,D,daily,right,none
2024-07-01,42,0,42,1,2024-07-01 01:00:00,2024-07-01 20:30:00,right_none,right_none_daily,D,daily,right,none
2024-07-02,25,0,25,1,2024-07-02 00:00:00,2024-07-02 21:45:00,right_none,right_none_daily,D,daily,right,none
2024-07-03,14,0,14,1,2024-07-03 03:15:00,2024-07-03 23:00:00,right_none,right_none_daily,D,daily,right,none
2024-07-04,12,0,12,1,2024-07-04 00:15:00,2024-07-04 22:30:00,right_none,right_none_daily,D,daily,right,none
2024-07-05,5,0,5,1,2024-07-05 02:45:00,2024-07-05 19:00:00,right_none,right_none_daily,D,daily,right,none
2024-07-06,5,0,5,1,2024-07-06 12:00:00,2024-07-06 23:30:00,right_none,right_none_daily,D,daily,right,none
2024-07-07,10,0,10,1,2024-07-07 16:30:00,2024-07-07 21:15:00,right_none,right_none_daily,D,daily,right,none
2024-07-08,14,0,14,1,2024-07-08 00:00:00,2024-07-08 23:45:00,right_none,right_none_daily,D,daily,right,none
2024-07-09,9,0,9,1,2024-07-09 03:15:00,2024-07-09 22:15:00,right_none,right_none_daily,D,daily,right,none
2024-07-10,21,0,21,1,2024-07-10 00:15:00,2024-07-10 23:00:00,right_none,right_none_daily,D,daily,right,none
2024-07-11,20,0,20,1,2024-07-11 02:45:00,2024-07-11 23:45:00,right_none,right_none_daily,D,daily,right,none
2024-07-13,7,0,7,1,2024-07-13 03:30:00,2024-07-13 19:00:00,right_none,right_none_daily,D,daily,right,none
2024-07-14,31,0,31,1,2024-07-14 00:00:00,2024-07-14 23:15:00,right_none,right_none_daily,D,daily,right,none
2024-07-15,20,0,20,1,2024-07-15 20:00:00,2024-07-15 23:45:00,right_none,right_none_daily,D,daily,right,none
2024-07-17,20,0,20,1,2024-07-17 02:30:00,2024-07-17 23:00:00,right_none,right_none_daily,D,daily,right,none
2024-07-18,20,0,20,1,2024-07-18 14:15:00,2024-07-18 23:30:00,right_none,right_none_daily,D,daily,right,none
2024-07-19,20,0,20,1,2024-07-19 04:30:00,2024-07-19 23:45:00,right_none,right_none_daily,D,daily,right,none
2024-07-20,13,0,13,1,2024-07-20 01:45:00,2024-07-20 23:00:00,right_none,right_none_daily,D,daily,right,none
2024-07-21,13,0,13,1,2024-07-21 00:00:00,2024-07-21 23:15:00,right_none,right_none_daily,D,daily,right,none
2024-07-22,20,0,20,1,2024-07-22 00:45:00,2024-07-22 22:15:00,right_none,right_none_daily,D,daily,right,none
2024-07-23,20,0,20,1,2024-07-23 04:45:00,2024-07-23 22:30:00,right_none,right_none_daily,D,daily,right,none
2024-07-24,19,0,19,1,2024-07-24 04:45:00,2024-07-24 22:15:00,right_none,right_none_daily,D,daily,right,none
2024-07-25,11,0,11,1,2024-07-25 02:15:00,2024-07-25 22:45:00,right_none,right_none_daily,D,daily,right,none
2024-07-26,21,0,21,1,2024-07-26 00:00:00,2024-07-26 23:00:00,right_none,right_none_daily,D,daily,right,none
2024-07-27,8,0,8,1,2024-07-27 05:45:00,2024-07-27 17:00:00,right_none,right_none_daily,D,daily,right,none
2024-07-29,12,0,12,1,2024-07-29 01:00:00,2024-07-29 23:30:00,right_none,right_none_daily,D,daily,right,none
2024-07-30,20,0,20,1,2024-07-30 00:15:00,2024-07-30 23:00:00,right_none,right_none_daily,D,daily,right,none
2024-07-31,16,0,16,1,2024-07-31 18:00:00,2024-07-31 22:15:00,right_none,right_none_daily,D,daily,right,none
2024-08-01,68,0,68,1,2024-08-01 00:00:00,2024-08-01 23:45:00,right_none,right_none_daily,D,daily,right,none
2024-08-02,15,0,15,1,2024-08-02 00:15:00,2024-08-02 19:45:00,right_none,right_none_daily,D,daily,right,none
2024-08-03,21,0,21,1,2024-08-03 00:00:00,2024-08-03 22:15:00,right_none,right_none_daily,D,daily,right,none
2024-08-04,15,0,15,1,2024-08-04 00:00:00,2024-08-04 21:45:00,right_none,right_none_daily,D,daily,right,none
2024-08-06,17,0,17,1,2024-08-06 02:15:00,2024-08-06 18:00:00,right_none,right_none_daily,D,daily,right,none
2024-08-07,9,0,9,1,2024-08-07 01:00:00,2024-08-07 22:15:00,right_none,right_none_daily,D,daily,right,none
2024-08-08,14,0,14,1,2024-08-08 03:30:00,2024-08-08 21:15:00,right_none,right_none_daily,D,daily,right,none
2024-08-09,8,0,8,1,2024-08-09 01:00:00,2024-08-09 23:45:00,right_none,right_none_daily,D,daily,right,none
2024-08-10,9,0,9,1,2024-08-10 01:00:00,2024-08-10 23:00:00,right_none,right_none_daily,D,daily,right,none
2024-08-11,8,0,8,1,2024-08-11 00:15:00,2024-08-11 19:15:00,right_none,right_none_daily,D,daily,right,none
2024-08-12,9,0,9,1,2024-08-12 13:30:00,2024-08-12 20:45:00,right_none,right_none_daily,D,daily,right,none
2024-08-13,23,0,23,1,2024-08-13 00:00:00,2024-08-13 22:30:00,right_none,right_none_daily,D,daily,right,none
2024-08-14,17,0,17,1,2024-08-14 02:30:00,2024-08-14 21:15:00,right_none,right_none_daily,D,daily,right,none
2024-08-15,22,0,22,1,2024-08-15 00:15:00,2024-08-15 23:15:00,right_none,right_none_daily,D,daily,right,none
2024-08-16,5,0,5,1,2024-08-16 03:30:00,2024-08-16 23:15:00,right_none,right_none_daily,D,daily,right,none
2024-08-17,7,0,7,1,2024-08-17 13:30:00,2024-08-17 19:30:00,right_none,right_none_daily,D,daily,right,none
2024-08-18,26,0,26,1,2024-08-18 00:00:00,2024-08-18 23:45:00,right_none,right_none_daily,D,daily,right,none
2024-08-19,15,0,15,1,2024-08-19 01:45:00,2024-08-19 23:30:00,right_none,right_none_daily,D,daily,right,none
2024-08-20,14,0,14,1,2024-08-20 01:00:00,2024-08-20 23:45:00,right_none,right_none_daily,D,daily,right,none
2024-08-21,19,0,19,1,2024-08-21 16:00:00,2024-08-21 23:30:00,right_none,right_none_daily,D,daily,right,none
2024-08-22,19,0,19,1,2024-08-22 00:15:00,2024-08-22 23:45:00,right_none,right_none_daily,D,daily,right,none
2024-08-23,15,0,15,1,2024-08-23 00:15:00,2024-08-23 23:45:00,right_none,right_none_daily,D,daily,right,none
2024-08-24,12,0,12,1,2024-08-24 00:15:00,2024-08-24 20:45:00,right_none,right_none_daily,D,daily,right,none
2024-08-25,24,0,24,1,2024-08-25 00:00:00,2024-08-25 23:45:00,right_none,right_none_daily,D,daily,right,none
2024-08-26,13,0,13,1,2024-08-26 00:00:00,2024-08-26 22:00:00,right_none,right_none_daily,D,daily,right,none
2024-08-27,15,0,15,1,2024-08-27 01:30:00,2024-08-27 23:15:00,right_none,right_none_daily,D,daily,right,none
2024-08-28,19,0,19,1,2024-08-28 00:00:00,2024-08-28 22:00:00,right_none,right_none_daily,D,daily,right,none
2024-08-29,17,0,17,1,2024-08-29 00:00:00,2024-08-29 23:15:00,right_none,right_none_daily,D,daily,right,none
2024-08-30,42,0,42,1,2024-08-30 00:45:00,2024-08-30 23:45:00,right_none,right_none_daily,D,daily,right,none
2024-08-31,16,0,16,1,2024-08-31 01:45:00,2024-08-31 22:30:00,right_none,right_none_daily,D,daily,right,none
2024-09-01,31,0,31,1,2024-09-01 00:00:00,2024-09-01 22:45:00,right_none,right_none_daily,D,daily,right,none
2024-09-02,15,0,15,1,2024-09-02 00:30:00,2024-09-02 22:45:00,right_none,right_none_daily,D,daily,right,none
2024-09-03,6,0,6,1,2024-09-03 17:00:00,2024-09-03 18:30:00,right_none,right_none_daily,D,daily,right,none
2024-09-04,17,0,17,1,2024-09-04 01:45:00,2024-09-04 21:00:00,right_none,right_none_daily,D,daily,right,none
2024-09-05,15,0,15,1,2024-09-05 00:15:00,2024-09-05 22:15:00,right_none,right_none_daily,D,daily,right,none
2024-09-06,17,0,17,1,2024-09-06 00:15:00,2024-09-06 23:45:00,right_none,right_none_daily,D,daily,right,none
2024-09-07,7,0,7,1,2024-09-07 01:30:00,2024-09-07 23:45:00,right_none,right_none_daily,D,daily,right,none
2024-09-08,20,0,20,1,2024-09-08 17:00:00,2024-09-08 22:15:00,right_none,right_none_daily,D,daily,right,none
2024-09-09,20,0,20,1,2024-09-09 19:00:00,2024-09-09 23:30:00,right_none,right_none_daily,D,daily,right,none
2024-09-10,13,0,13,1,2024-09-10 02:30:00,2024-09-10 23:00:00,right_none,right_none_daily,D,daily,right,none
2024-09-11,20,0,20,1,2024-09-11 17:30:00,2024-09-11 22:00:00,right_none,right_none_daily,D,daily,right,none
2024-09-12,9,0,9,1,2024-09-12 01:00:00,2024-09-12 23:00:00,right_none,right_none_daily,D,daily,right,none
2024-09-13,20,0,20,1,2024-09-13 03:45:00,2024-09-13 23:15:00,right_none,right_none_daily,D,daily,right,none
2024-09-15,20,0,20,1,2024-09-15 03:00:00,2024-09-15 23:45:00,right_none,right_none_daily,D,daily,right,none
2024-09-16,11,0,11,1,2024-09-16 12:30:00,2024-09-16 17:45:00,right_none,right_none_daily,D,daily,right,none
2024-09-17,20,0,20,1,2024-09-17 01:45:00,2024-09-17 22:00:00,right_none,right_none_daily,D,daily,right,none
2024-09-18,14,0,14,1,2024-09-18 01:30:00,2024-09-18 22:15:00,right_none,right_none_daily,D,daily,right,none
2024-09-19,13,0,13,1,2024-09-19 02:45:00,2024-09-19 22:30:00,right_none,right_none_daily,D,daily,right,none
2024-09-20,20,0,20,1,2024-09-20 15:00:00,2024-09-20 23:00:00,right_none,right_none_daily,D,daily,right,none
2024-09-21,6,0,6,1,2024-09-21 01:15:00,2024-09-21 20:00:00,right_none,right_none_daily,D,daily,right,none
2024-09-22,21,0,21,1,2024-09-22 13:30:00,2024-09-22 22:00:00,right_none,right_none_daily,D,daily,right,none
2024-09-23,20,0,20,1,2024-09-23 17:00:00,2024-09-23 22:00:00,right_none,right_none_daily,D,daily,right,none
2024-09-24,16,0,16,1,2024-09-24 00:30:00,2024-09-24 21:15:00,right_none,right_none_daily,D,daily,right,none
2024-09-25,21,0,21,1,2024-09-25 00:00:00,2024-09-25 22:15:00,right_none,right_none_daily,D,daily,right,none
2024-09-26,16,0,16,1,2024-09-26 00:15:00,2024-09-26 22:15:00,right_none,right_none_daily,D,daily,right,none
2024-09-27,16,0,16,1,2024-09-27 00:00:00,2024-09-27 20:30:00,right_none,right_none_daily,D,daily,right,none
2024-09-29,18,0,18,1,2024-09-29 05:15:00,2024-09-29 22:45:00,right_none,right_none_daily,D,daily,right,none
2024-09-30,24,0,24,1,2024-09-30 00:15:00,2024-09-30 22:45:00,right_none,right_none_daily,D,daily,right,none
2024-10-01,64,0,64,1,2024-10-01 00:00:00,2024-10-01 23:00:00,right_none,right_none_daily,D,daily,right,none
2024-10-02,10,0,10,1,2024-10-02 04:30:00,2024-10-02 23:30:00,right_none,right_none_daily,D,daily,right,none
2024-10-03,17,0,17,1,2024-10-03 01:00:00,2024-10-03 23:30:00,right_none,right_none_daily,D,daily,right,none
2024-10-04,12,0,12,1,2024-10-04 00:45:00,2024-10-04 22:30:00,right_none,right_none_daily,D,daily,right,none
2024-10-05,10,0,10,1,2024-10-05 00:00:00,2024-10-05 21:00:00,right_none,right_none_daily,D,daily,right,none
2024-10-06,15,0,15,1,2024-10-06 01:15:00,2024-10-06 22:30:00,right_none,right_none_daily,D,daily,right,none
2024-10-07,11,0,11,1,2024-10-07 00:45:00,2024-10-07 20:30:00,right_none,right_none_daily,D,daily,right,none
2024-10-08,20,0,20,1,2024-10-08 00:30:00,2024-10-08 20:30:00,right_none,right_none_daily,D,daily,right,none
2024-10-09,12,0,12,1,2024-10-09 00:45:00,2024-10-09 20:45:00,right_none,right_none_daily,D,daily,right,none
2024-10-10,12,0,12,1,2024-10-10 12:15:00,2024-10-10 21:45:00,right_none,right_none_daily,D,daily,right,none
2024-10-11,25,0,25,1,2024-10-11 00:00:00,2024-10-11 21:00:00,right_none,right_none_daily,D,daily,right,none
2024-10-12,11,0,11,1,2024-10-12 01:00:00,2024-10-12 23:15:00,right_none,right_none_daily,D,daily,right,none
2024-10-13,22,0,22,1,2024-10-13 15:30:00,2024-10-13 23:30:00,right_none,right_none_daily,D,daily,right,none
2024-10-14,13,0,13,1,2024-10-14 04:00:00,2024-10-14 23:30:00,right_none,right_none_daily,D,daily,right,none
2024-10-16,25,0,25,1,2024-10-16 00:15:00,2024-10-16 23:30:00,right_none,right_none_daily,D,daily,right,none
2024-10-17,17,0,17,1,2024-10-17 00:30:00,2024-10-17 21:30:00,right_none,right_none_daily,D,daily,right,none
2024-10-18,14,0,14,1,2024-10-18 01:30:00,2024-10-18 23:15:00,right_none,right_none_daily,D,daily,right,none
2024-10-19,7,0,7,1,2024-10-19 01:00:00,2024-10-19 22:00:00,right_none,right_none_daily,D,daily,right,none
2024-10-20,16,0,16,1,2024-10-20 14:45:00,2024-10-20 22:45:00,right_none,right_none_daily,D,daily,right,none
2024-10-23,20,0,20,1,2024-10-23 04:45:00,2024-10-23 23:45:00,right_none,right_none_daily,D,daily,right,none
2024-10-24,17,0,17,1,2024-10-24 01:15:00,2024-10-24 21:45:00,right_none,right_none_daily,D,daily,right,none
2024-10-25,23,0,23,1,2024-10-25 00:15:00,2024-10-25 23:30:00,right_none,right_none_daily,D,daily,right,none
2024-10-26,5,0,5,1,2024-10-26 15:30:00,2024-10-26 23:30:00,right_none,right_none_daily,D,daily,right,none
2024-10-27,21,0,21,1,2024-10-27 01:15:00,2024-10-27 21:00:00,right_none,right_none_daily,D,daily,right,none
2024-10-28,19,0,19,1,2024-10-28 16:30:00,2024-10-28 23:00:00,right_none,right_none_daily,D,daily,right,none
2024-10-29,9,0,9,1,2024-10-29 01:00:00,2024-10-29 23:30:00,right_none,right_none_daily,D,daily,right,none
2024-10-31,38,0,38,1,2024-10-31 02:45:00,2024-10-31 23:15:00,right_none,right_none_daily,D,daily,right,none
2024-11-01,53,0,53,1,2024-11-01 00:30:00,2024-11-01 20:45:00,right_none,right_none_daily,D,daily,right,none
2024-11-02,10,0,10,1,2024-11-02 01:15:00,2024-11-02 22:00:00,right_none,right_none_daily,D,daily,right,none
2024-11-03,12,0,12,1,2024-11-03 17:15:00,2024-11-03 23:00:00,right_none,right_none_daily,D,daily,right,none
2024-11-04,27,0,27,1,2024-11-04 00:00:00,2024-11-04 22:00:00,right_none,right_none_daily,D,daily,right,none
2024-11-05,20,0,20,1,2024-11-05 01:15:00,2024-11-05 22:30:00,right_none,right_none_daily,D,daily,right,none
2024-11-06,20,0,20,1,2024-11-06 04:30:00,2024-11-06 23:30:00,right_none,right_none_daily,D,daily,right,none
2024-11-08,20,0,20,1,2024-11-08 03:00:00,2024-11-08 21:45:00,right_none,right_none_daily,D,daily,right,none
2024-11-09,5,0,5,1,2024-11-09 01:30:00,2024-11-09 16:00:00,right_none,right_none_daily,D,daily,right,none
2024-11-10,23,0,23,1,2024-11-10 19:30:00,2024-11-10 23:00:00,right_none,right_none_daily,D,daily,right,none
2024-11-13,15,0,15,1,2024-11-13 00:30:00,2024-11-13 20:15:00,right_none,right_none_daily,D,daily,right,none
2024-11-15,18,0,18,1,2024-11-15 01:30:00,2024-11-15 23:00:00,right_none,right_none_daily,D,daily,right,none
2024-11-16,11,0,11,1,2024-11-16 03:30:00,2024-11-16 20:45:00,right_none,right_none_daily,D,daily,right,none
2024-11-17,8,0,8,1,2024-11-17 00:00:00,2024-11-17 23:00:00,right_none,right_none_daily,D,daily,right,none
2024-11-18,9,0,9,1,2024-11-18 20:00:00,2024-11-18 23:45:00,right_none,right_none_daily,D,daily,right,none
2024-11-19,12,0,12,1,2024-11-19 02:45:00,2024-11-19 22:30:00,right_none,right_none_daily,D,daily,right,none
2024-11-20,23,0,23,1,2024-11-20 00:00:00,2024-11-20 21:45:00,right_none,right_none_daily,D,daily,right,none
2024-11-21,15,0,15,1,2024-11-21 02:15:00,2024-11-21 23:15:00,right_none,right_none_daily,D,daily,right,none
2024-11-22,7,0,7,1,2024-11-22 01:15:00,2024-11-22 19:45:00,right_none,right_none_daily,D,daily,right,none
2024-11-23,19,0,19,1,2024-11-23 01:00:00,2024-11-23 20:15:00,right_none,right_none_daily,D,daily,right,none
2024-11-24,14,0,14,1,2024-11-24 15:45:00,2024-11-24 19:45:00,right_none,right_none_daily,D,daily,right,none
2024-11-25,7,0,7,1,2024-11-25 00:00:00,2024-11-25 23:15:00,right_none,right_none_daily,D,daily,right,none
2024-11-26,10,0,10,1,2024-11-26 03:00:00,2024-11-26 23:30:00,right_none,right_none_daily,D,daily,right,none
2024-11-27,12,0,12,1,2024-11-27 01:30:00,2024-11-27 22:15:00,right_none,right_none_daily,D,daily,right,none
2024-11-28,13,0,13,1,2024-11-28 01:30:00,2024-11-28 22:30:00,right_none,right_none_daily,D,daily,right,none
2024-11-29,25,0,25,1,2024-11-29 01:15:00,2024-11-29 22:00:00,right_none,right_none_daily,D,daily,right,none
2024-11-30,18,0,18,1,2024-11-30 17:15:00,2024-11-30 21:15:00,right_none,right_none_daily,D,daily,right,none
2024-12-01,33,0,33,1,2024-12-01 01:45:00,2024-12-01 22:30:00,right_none,right_none_daily,D,daily,right,none
2024-12-03,20,0,20,1,2024-12-03 00:45:00,2024-12-03 21:00:00,right_none,right_none_daily,D,daily,right,none
2024-12-04,19,0,19,1,2024-12-04 01:30:00,2024-12-04 21:15:00,right_none,right_none_daily,D,daily,right,none
2024-12-05,17,0,17,1,2024-12-05 00:15:00,2024-12-05 20:00:00,right_none,right_none_daily,D,daily,right,none
2024-12-06,11,0,11,1,2024-12-06 03:15:00,2024-12-06 23:15:00,right_none,right_none_daily,D,daily,right,none
2024-12-08,19,0,19,1,2024-12-08 02:00:00,2024-12-08 23:00:00,right_none,right_none_daily,D,daily,right,none
2024-12-09,5,0,5,1,2024-12-09 00:00:00,2024-12-09 18:30:00,right_none,right_none_daily,D,daily,right,none
2024-12-10,16,0,16,1,2024-12-10 03:45:00,2024-12-10 22:30:00,right_none,right_none_daily,D,daily,right,none
2024-12-11,11,0,11,1,2024-12-11 00:30:00,2024-12-11 22:30:00,right_none,right_none_daily,D,daily,right,none
2024-12-13,13,0,13,1,2024-12-13 00:45:00,2024-12-13 22:45:00,right_none,right_none_daily,D,daily,right,none
2024-12-14,9,0,9,1,2024-12-14 05:45:00,2024-12-14 21:15:00,right_none,right_none_daily,D,daily,right,none
2024-12-15,17,0,17,1,2024-12-15 00:45:00,2024-12-15 22:45:00,right_none,right_none_daily,D,daily,right,none
2024-12-16,13,0,13,1,2024-12-16 00:30:00,2024-12-16 23:45:00,right_none,right_none_daily,D,daily,right,none
2024-12-17,18,0,18,1,2024-12-17 03:45:00,2024-12-17 23:00:00,right_none,right_none_daily,D,daily,right,none
2024-12-18,20,0,20,1,2024-12-18 18:15:00,2024-12-18 22:45:00,right_none,right_none_daily,D,daily,right,none
2024-12-19,16,0,16,1,2024-12-19 01:45:00,2024-12-19 20:45:00,right_none,right_none_daily,D,daily,right,none
2024-12-20,13,0,13,1,2024-12-20 01:15:00,2024-12-20 23:45:00,right_none,right_none_daily,D,daily,right,none
2024-12-21,10,0,10,1,2024-12-21 20:00:00,2024-12-21 22:45:00,right_none,right_none_daily,D,daily,right,none
2024-12-22,6,0,6,1,2024-12-22 03:00:00,2024-12-22 23:30:00,right_none,right_none_daily,D,daily,right,none
2024-12-23,8,0,8,1,2024-12-23 16:45:00,2024-12-23 21:30:00,right_none,right_none_daily,D,daily,right,none
2024-12-24,8,0,8,1,2024-12-24 00:00:00,2024-12-24 21:15:00,right_none,right_none_daily,D,daily,right,none
2024-12-25,7,0,7,1,2024-12-25 14:00:00,2024-12-25 17:00:00,right_none,right_none_daily,D,daily,right,none
2024-12-26,14,0,14,1,2024-12-26 16:15:00,2024-12-26 20:30:00,right_none,right_none_daily,D,daily,right,none
2024-12-27,13,0,13,1,2024-12-27 00:00:00,2024-12-27 20:30:00,right_none,right_none_daily,D,daily,right,none
2024-12-28,10,0,10,1,2024-12-28 00:00:00,2024-12-28 16:45:00,right_none,right_none_daily,D,daily,right,none
2024-12-29,8,0,8,1,2024-12-29 16:45:00,2024-12-29 22:00:00,right_none,right_none_daily,D,daily,right,none
2024-12-30,14,0,14,1,2024-12-30 00:45:00,2024-12-30 22:45:00,right_none,right_none_daily,D,daily,right,none
2024-12-31,45,0,45,1,2024-12-31 02:15:00,2024-12-31 21:00:00,right_none,right_none_daily,D,daily,right,none
2025-01-01,16,0,16,1,2025-01-01 04:00:00,2025-01-01 17:45:00,right_none,right_none_daily,D,daily,right,none
2025-01-02,13,0,13,1,2025-01-02 17:30:00,2025-01-02 21:30:00,right_none,right_none_daily,D,daily,right,none
2025-01-03,15,0,15,1,2025-01-03 01:00:00,2025-01-03 22:45:00,right_none,right_none_daily,D,daily,right,none
2025-01-04,5,0,5,1,2025-01-04 01:30:00,2025-01-04 15:15:00,right_none,right_none_daily,D,daily,right,none
2025-01-05,18,0,18,1,2025-01-05 16:00:00,2025-01-05 20:15:00,right_none,right_none_daily,D,daily,right,none
2025-01-06,16,0,16,1,2025-01-06 19:45:00,2025-01-06 22:45:00,right_none,right_none_daily,D,daily,right,none
2025-01-07,8,0,8,1,2025-01-07 00:30:00,2025-01-07 23:30:00,right_none,right_none_daily,D,daily,right,none
2025-01-08,20,0,20,1,2025-01-08 02:15:00,2025-01-08 23:00:00,right_none,right_none_daily,D,daily,right,none
2025-01-09,14,0,14,1,2025-01-09 01:30:00,2025-01-09 18:45:00,right_none,right_none_daily,D,daily,right,none
2025-01-11,17,0,17,1,2025-01-11 01:30:00,2025-01-11 23:30:00,right_none,right_none_daily,D,daily,right,none
2025-01-12,5,0,5,1,2025-01-12 00:00:00,2025-01-12 18:30:00,right_none,right_none_daily,D,daily,right,none
2025-01-14,17,0,17,1,2025-01-14 00:00:00,2025-01-14 22:15:00,right_none,right_none_daily,D,daily,right,none
2025-01-15,21,0,21,1,2025-01-15 00:00:00,2025-01-15 23:45:00,right_none,right_none_daily,D,daily,right,none
2025-01-16,11,0,11,1,2025-01-16 05:00:00,2025-01-16 22:45:00,right_none,right_none_daily,D,daily,right,none
2025-01-17,19,0,19,1,2025-01-17 01:15:00,2025-01-17 22:45:00,right_none,right_none_daily,D,daily,right,none
2025-01-19,13,0,13,1,2025-01-19 10:45:00,2025-01-19 20:30:00,right_none,right_none_daily,D,daily,right,none
2025-01-20,20,0,20,1,2025-01-20 17:15:00,2025-01-20 22:15:00,right_none,right_none_daily,D,daily,right,none
2025-01-21,18,0,18,1,2025-01-21 02:45:00,2025-01-21 21:45:00,right_none,right_none_daily,D,daily,right,none
2025-01-22,19,0,19,1,2025-01-22 16:45:00,2025-01-22 22:00:00,right_none,right_none_daily,D,daily,right,none
2025-01-23,19,0,19,1,2025-01-23 00:30:00,2025-01-23 21:30:00,right_none,right_none_daily,D,daily,right,none
2025-01-24,15,0,15,1,2025-01-24 00:00:00,2025-01-24 21:45:00,right_none,right_none_daily,D,daily,right,none
2025-01-25,11,0,11,1,2025-01-25 00:30:00,2025-01-25 23:00:00,right_none,right_none_daily,D,daily,right,none
2025-01-26,15,0,15,1,2025-01-26 00:00:00,2025-01-26 22:00:00,right_none,right_none_daily,D,daily,right,none
2025-01-27,8,0,8,1,2025-01-27 03:00:00,2025-01-27 22:30:00,right_none,right_none_daily,D,daily,right,none
2025-01-28,17,0,17,1,2025-01-28 03:00:00,2025-01-28 22:15:00,right_none,right_none_daily,D,daily,right,none
2025-01-29,20,0,20,1,2025-01-29 00:15:00,2025-01-29 23:00:00,right_none,right_none_daily,D,daily,right,none
2025-01-30,21,0,21,1,2025-01-30 03:30:00,2025-01-30 23:15:00,right_none,right_none_daily,D,daily,right,none
2025-01-31,29,0,29,1,2025-01-31 01:00:00,2025-01-31 19:30:00,right_none,right_none_daily,D,daily,right,none
2025-02-01,30,0,30,1,2025-02-01 00:15:00,2025-02-01 22:00:00,right_none,right_none_daily,D,daily,right,none
2025-02-02,14,0,14,1,2025-02-02 00:00:00,2025-02-02 21:30:00,right_none,right_none_daily,D,daily,right,none
2025-02-03,20,0,20,1,2025-02-03 00:00:00,2025-02-03 23:15:00,right_none,right_none_daily,D,daily,right,none
2025-02-04,21,0,21,1,2025-02-04 00:15:00,2025-02-04 22:45:00,right_none,right_none_daily,D,daily,right,none
2025-02-05,20,0,20,1,2025-02-05 05:15:00,2025-02-05 23:30:00,right_none,right_none_daily,D,daily,right,none
2025-02-06,20,0,20,1,2025-02-06 05:15:00,2025-02-06 23:00:00,right_none,right_none_daily,D,daily,right,none
2025-02-07,15,0,15,1,2025-02-07 02:30:00,2025-02-07 23:30:00,right_none,right_none_daily,D,daily,right,none
2025-02-08,9,0,9,1,2025-02-08 02:15:00,2025-02-08 19:30:00,right_none,right_none_daily,D,daily,right,none
2025-02-09,15,0,15,1,2025-02-09 16:45:00,2025-02-09 23:30:00,right_none,right_none_daily,D,daily,right,none
2025-02-10,10,0,10,1,2025-02-10 12:00:00,2025-02-10 22:45:00,right_none,right_none_daily,D,daily,right,none
2025-02-12,17,0,17,1,2025-02-12 04:15:00,2025-02-12 21:45:00,right_none,right_none_daily,D,daily,right,none
2025-02-13,10,0,10,1,2025-02-13 00:15:00,2025-02-13 20:30:00,right_none,right_none_daily,D,daily,right,none
2025-02-14,17,0,17,1,2025-02-14 02:00:00,2025-02-14 21:00:00,right_none,right_none_daily,D,daily,right,none
2025-02-16,20,0,20,1,2025-02-16 01:30:00,2025-02-16 21:45:00,right_none,right_none_daily,D,daily,right,none
2025-02-17,8,0,8,1,2025-02-17 19:30:00,2025-02-17 20:15:00,right_none,right_none_daily,D,daily,right,none
2025-02-18,20,0,20,1,2025-02-18 00:00:00,2025-02-18 21:15:00,right_none,right_none_daily,D,daily,right,none
2025-02-19,24,0,24,1,2025-02-19 00:00:00,2025-02-19 23:15:00,right_none,right_none_daily,D,daily,right,none
